decision_id,logged_at_utc,threat_score,predicted_label,true_label,explanation,routing_decision,model_version
1,2026-08-14T06:47:50.372740+00:00,0.1135601135839267,0,0,known malicious indicator count=0.0 decreased risk | prior incident count=0.0 decreased risk | geo mismatch=0.0 decreased risk,auto_close,bda3915925d1ea45
2,2026-08-14T06:47:50.372740+00:00,0.2218262100652605,0,0,prior incident count=0.0 decreased risk | known malicious indicator count=1.0 increased risk | protocol risk score=11.5 decreased risk,human_review,bda3915925d1ea45
3,2026-08-14T06:47:50.372740+00:00,0.5838311298539585,1,1,prior incident count=2.0 increased risk | known malicious indicator count=0.0 decreased risk | geo mismatch=0.0 decreased risk,human_review,bda3915925d1ea45
4,2026-08-14T06:47:50.372740+00:00,0.6879232083522221,1,0,known malicious indicator count=1.0 increased risk | prior incident count=1.0 increased risk | protocol risk score=6.8 decreased risk,human_review,bda3915925d1ea45
5,2026-08-14T06:47:50.372740+00:00,0.0725496079247554,0,0,known malicious indicator count=0.0 decreased risk | geo mismatch=0.0 decreased risk | unusual time access=0.0 decreased risk,auto_close,bda3915925d1ea45
6,2026-08-14T06:47:50.372740+00:00,0.375112302181105,0,0,prior incident count=0.0 decreased risk | known malicious indicator count=1.0 increased risk | geo mismatch=0.0 decreased risk,human_review,bda3915925d1ea45
7,2026-08-14T06:47:50.372740+00:00,0.0601549173154708,0,0,known malicious indicator count=0.0 decreased risk | geo mismatch=0.0 decreased risk | unusual time access=0.0 decreased risk,auto_close,bda3915925d1ea45
8,2026-08-14T06:47:50.372740+00:00,0.9206952360794048,1,1,geo mismatch=1.0 increased risk | prior incident count=2.0 increased risk | known malicious indicator count=0.0 decreased risk,auto_escalate,bda3915925d1ea45
9,2026-08-14T06:47:50.372740+00:00,0.0456309346205924,0,0,known malicious indicator count=0.0 decreased risk | prior incident count=0.0 decreased risk | unusual time access=1.0 increased risk,auto_close,bda3915925d1ea45
10,2026-08-14T06:47:50.372740+00:00,0.6354263684196616,1,0,prior incident count=2.0 increased risk | known malicious indicator count=0.0 decreased risk | src ip reputation score=48.0 increased risk,human_review,bda3915925d1ea45
11,2026-08-14T06:47:50.372740+00:00,0.0485324105489932,0,0,known malicious indicator count=0.0 decreased risk | geo mismatch=0.0 decreased risk | unusual time access=0.0 decreased risk,auto_close,bda3915925d1ea45
12,2026-08-14T06:47:50.372740+00:00,0.1091753800382218,0,0,known malicious indicator count=0.0 decreased risk | geo mismatch=0.0 decreased risk | unusual time access=0.0 decreased risk,auto_close,bda3915925d1ea45
13,2026-08-14T06:47:50.372740+00:00,0.0496396267225089,0,0,known malicious indicator count=0.0 decreased risk | prior incident count=0.0 decreased risk | geo mismatch=0.0 decreased risk,auto_close,bda3915925d1ea45
14,2026-08-14T06:47:50.372740+00:00,0.0371585542526038,0,0,known malicious indicator count=0.0 decreased risk | prior incident count=0.0 decreased risk | geo mismatch=0.0 decreased risk,auto_close,bda3915925d1ea45
15,2026-08-14T06:47:50.372740+00:00,0.0270854164780606,0,0,known malicious indicator count=0.0 decreased risk | prior incident count=0.0 decreased risk | geo mismatch=0.0 decreased risk,auto_close,bda3915925d1ea45
16,2026-08-14T06:47:50.372740+00:00,0.4422977389348057,0,1,prior incident count=2.0 increased risk | known malicious indicator count=0.0 decreased risk | geo mismatch=0.0 decreased risk,human_review,bda3915925d1ea45
17,2026-08-14T06:47:50.372740+00:00,0.2294253801835258,0,0,prior incident count=0.0 decreased risk | known malicious indicator count=1.0 increased risk | geo mismatch=0.0 decreased risk,human_review,bda3915925d1ea45
18,2026-08-14T06:47:50.372740+00:00,0.0369087869412969,0,0,known malicious indicator count=0.0 decreased risk | geo mismatch=0.0 decreased risk | src ip reputation score=87.5 decreased risk,auto_close,bda3915925d1ea45
19,2026-08-14T06:47:50.372740+00:00,0.2345215659583644,0,0,known malicious indicator count=0.0 decreased risk | prior incident count=0.0 decreased risk | data transfer mb=200.5 increased risk,human_review,bda3915925d1ea45
20,2026-08-14T06:47:50.372740+00:00,0.0438825719846969,0,0,known malicious indicator count=0.0 decreased risk | geo mismatch=0.0 decreased risk | unusual time access=0.0 decreased risk,auto_close,bda3915925d1ea45
21,2026-08-14T06:47:50.372740+00:00,0.4476629963304879,0,0,prior incident count=0.0 decreased risk | known malicious indicator count=1.0 increased risk | geo mismatch=0.0 decreased risk,human_review,bda3915925d1ea45
22,2026-08-14T06:47:50.372740+00:00,0.0338418078001414,0,0,known malicious indicator count=0.0 decreased risk | prior incident count=0.0 decreased risk | geo mismatch=0.0 decreased risk,auto_close,bda3915925d1ea45
23,2026-08-14T06:47:50.372740+00:00,0.0431857396809387,0,0,known malicious indicator count=0.0 decreased risk | prior incident count=0.0 decreased risk | geo mismatch=0.0 decreased risk,auto_close,bda3915925d1ea45
24,2026-08-14T06:47:50.372740+00:00,0.7807810176285682,1,1,prior incident count=3.0 increased risk | known malicious indicator count=0.0 decreased risk | geo mismatch=0.0 decreased risk,auto_escalate,bda3915925d1ea45
25,2026-08-14T06:47:50.372740+00:00,0.4275117732663239,0,0,prior incident count=0.0 decreased risk | known malicious indicator count=1.0 increased risk | protocol risk score=8.5 decreased risk,human_review,bda3915925d1ea45
26,2026-08-14T06:47:50.372740+00:00,0.8674595592696807,1,1,known malicious indicator count=1.0 increased risk | src ip reputation score=26.9 increased risk | prior incident count=1.0 increased risk,auto_escalate,bda3915925d1ea45
27,2026-08-14T06:47:50.372740+00:00,0.0599009646323992,0,0,known malicious indicator count=0.0 decreased risk | prior incident count=0.0 decreased risk | geo mismatch=0.0 decreased risk,auto_close,bda3915925d1ea45
28,2026-08-14T06:47:50.372740+00:00,0.0161412545227082,0,0,known malicious indicator count=0.0 decreased risk | prior incident count=0.0 decreased risk | geo mismatch=0.0 decreased risk,auto_close,bda3915925d1ea45
29,2026-08-14T06:47:50.372740+00:00,0.0298984116574226,0,0,known malicious indicator count=0.0 decreased risk | prior incident count=0.0 decreased risk | geo mismatch=0.0 decreased risk,auto_close,bda3915925d1ea45
30,2026-08-14T06:47:50.372740+00:00,0.3531437192179861,0,0,prior incident count=0.0 decreased risk | known malicious indicator count=1.0 increased risk | geo mismatch=0.0 decreased risk,human_review,bda3915925d1ea45
31,2026-08-14T06:47:50.372740+00:00,0.8714111471759157,1,1,geo mismatch=1.0 increased risk | known malicious indicator count=1.0 increased risk | prior incident count=0.0 decreased risk,auto_escalate,bda3915925d1ea45
32,2026-08-14T06:47:50.372740+00:00,0.9372946373443132,1,1,known malicious indicator count=1.0 increased risk | unusual time access=1.0 increased risk | prior incident count=1.0 increased risk,auto_escalate,bda3915925d1ea45
33,2026-08-14T06:47:50.372740+00:00,0.0427093365465019,0,0,known malicious indicator count=0.0 decreased risk | prior incident count=0.0 decreased risk | geo mismatch=0.0 decreased risk,auto_close,bda3915925d1ea45
34,2026-08-14T06:47:50.372740+00:00,0.0294393130020182,0,0,known malicious indicator count=0.0 decreased risk | prior incident count=0.0 decreased risk | geo mismatch=0.0 decreased risk,auto_close,bda3915925d1ea45
35,2026-08-14T06:47:50.372740+00:00,0.087160159565791,0,0,known malicious indicator count=0.0 decreased risk | geo mismatch=0.0 decreased risk | protocol risk score=53.0 increased risk,auto_close,bda3915925d1ea45
36,2026-08-14T06:47:50.372740+00:00,0.1817693754765641,0,0,known malicious indicator count=0.0 decreased risk | prior incident count=0.0 decreased risk | unusual time access=1.0 increased risk,human_review,bda3915925d1ea45
37,2026-08-14T06:47:50.372740+00:00,0.519908011589495,1,0,prior incident count=2.0 increased risk | known malicious indicator count=0.0 decreased risk | src ip reputation score=41.3 increased risk,human_review,bda3915925d1ea45
38,2026-08-14T06:47:50.372740+00:00,0.0293624188954862,0,0,known malicious indicator count=0.0 decreased risk | prior incident count=0.0 decreased risk | geo mismatch=0.0 decreased risk,auto_close,bda3915925d1ea45
39,2026-08-14T06:47:50.372740+00:00,0.1607681982355298,0,0,prior incident count=0.0 decreased risk | known malicious indicator count=0.0 decreased risk | days since last patch=76.0 increased risk,human_review,bda3915925d1ea45
40,2026-08-14T06:47:50.372740+00:00,0.0545927631882248,0,0,known malicious indicator count=0.0 decreased risk | geo mismatch=0.0 decreased risk | unusual time access=0.0 decreased risk,auto_close,bda3915925d1ea45
41,2026-08-14T06:47:50.372740+00:00,0.4022107322427521,0,0,prior incident count=0.0 decreased risk | known malicious indicator count=1.0 increased risk | days since last patch=68.5 increased risk,human_review,bda3915925d1ea45
42,2026-08-14T06:47:50.372740+00:00,0.601097932358099,1,1,prior incident count=3.0 increased risk | known malicious indicator count=0.0 decreased risk | geo mismatch=0.0 decreased risk,human_review,bda3915925d1ea45
43,2026-08-14T06:47:50.372740+00:00,0.038275888115047,0,0,known malicious indicator count=0.0 decreased risk | prior incident count=0.0 decreased risk | geo mismatch=0.0 decreased risk,auto_close,bda3915925d1ea45
44,2026-08-14T06:47:50.372740+00:00,0.0311902338159579,0,0,known malicious indicator count=0.0 decreased risk | prior incident count=0.0 decreased risk | geo mismatch=0.0 decreased risk,auto_close,bda3915925d1ea45
45,2026-08-14T06:47:50.372740+00:00,0.0390563224610862,0,0,known malicious indicator count=0.0 decreased risk | geo mismatch=0.0 decreased risk | src ip reputation score=100.0 decreased risk,auto_close,bda3915925d1ea45
46,2026-08-14T06:47:50.372740+00:00,0.9124311367034648,1,1,prior incident count=2.0 increased risk | known malicious indicator count=1.0 increased risk | geo mismatch=0.0 decreased risk,auto_escalate,bda3915925d1ea45
47,2026-08-14T06:47:50.372740+00:00,0.2109716783931821,0,0,known malicious indicator count=0.0 decreased risk | geo mismatch=0.0 decreased risk | protocol risk score=57.2 increased risk,human_review,bda3915925d1ea45
48,2026-08-14T06:47:50.372740+00:00,0.3057928063758253,0,0,geo mismatch=1.0 increased risk | known malicious indicator count=0.0 decreased risk | prior incident count=0.0 decreased risk,human_review,bda3915925d1ea45
49,2026-08-14T06:47:50.372740+00:00,0.4422450609499779,0,0,prior incident count=0.0 decreased risk | known malicious indicator count=1.0 increased risk | geo mismatch=0.0 decreased risk,human_review,bda3915925d1ea45
50,2026-08-14T06:47:50.372740+00:00,0.2257474324841218,0,0,known malicious indicator count=0.0 decreased risk | unusual time access=1.0 increased risk | geo mismatch=0.0 decreased risk,human_review,bda3915925d1ea45
51,2026-08-14T06:47:50.372740+00:00,0.034995196629121,0,0,known malicious indicator count=0.0 decreased risk | prior incident count=0.0 decreased risk | geo mismatch=0.0 decreased risk,auto_close,bda3915925d1ea45
52,2026-08-14T06:47:50.372740+00:00,0.04608626823127,0,0,known malicious indicator count=0.0 decreased risk | prior incident count=0.0 decreased risk | geo mismatch=0.0 decreased risk,auto_close,bda3915925d1ea45
53,2026-08-14T06:47:50.372740+00:00,0.5299794167197353,1,0,known malicious indicator count=1.0 increased risk | prior incident count=0.0 decreased risk | unusual time access=1.0 increased risk,human_review,bda3915925d1ea45
54,2026-08-14T06:47:50.372740+00:00,0.4483534306779456,0,0,prior incident count=0.0 decreased risk | known malicious indicator count=1.0 increased risk | days since last patch=55.2 increased risk,human_review,bda3915925d1ea45
55,2026-08-14T06:47:50.372740+00:00,0.0306516160585498,0,0,known malicious indicator count=0.0 decreased risk | prior incident count=0.0 decreased risk | geo mismatch=0.0 decreased risk,auto_close,bda3915925d1ea45
56,2026-08-14T06:47:50.372740+00:00,0.059557254502748,0,0,known malicious indicator count=0.0 decreased risk | geo mismatch=0.0 decreased risk | src ip reputation score=100.0 decreased risk,auto_close,bda3915925d1ea45
57,2026-08-14T06:47:50.372740+00:00,0.0427350240054716,0,0,known malicious indicator count=0.0 decreased risk | geo mismatch=0.0 decreased risk | protocol risk score=2.1 decreased risk,auto_close,bda3915925d1ea45
58,2026-08-14T06:47:50.372740+00:00,0.0293646764032145,0,0,known malicious indicator count=0.0 decreased risk | prior incident count=0.0 decreased risk | geo mismatch=0.0 decreased risk,auto_close,bda3915925d1ea45
59,2026-08-14T06:47:50.372740+00:00,0.0964761973054532,0,0,known malicious indicator count=0.0 decreased risk | src ip reputation score=100.0 decreased risk | geo mismatch=0.0 decreased risk,auto_close,bda3915925d1ea45
60,2026-08-14T06:47:50.372740+00:00,0.2193721479346932,0,0,known malicious indicator count=0.0 decreased risk | prior incident count=0.0 decreased risk | src ip reputation score=17.6 increased risk,human_review,bda3915925d1ea45
61,2026-08-14T06:47:50.372740+00:00,0.037451617355937,0,0,known malicious indicator count=0.0 decreased risk | prior incident count=0.0 decreased risk | geo mismatch=0.0 decreased risk,auto_close,bda3915925d1ea45
62,2026-08-14T06:47:50.372740+00:00,0.8604458094692518,1,0,known malicious indicator count=1.0 increased risk | src ip reputation score=31.7 increased risk | prior incident count=1.0 increased risk,auto_escalate,bda3915925d1ea45
63,2026-08-14T06:47:50.372740+00:00,0.0264031681755943,0,0,known malicious indicator count=0.0 decreased risk | prior incident count=0.0 decreased risk | geo mismatch=0.0 decreased risk,auto_close,bda3915925d1ea45
64,2026-08-14T06:47:50.372740+00:00,0.8263947194293884,1,1,known malicious indicator count=2.0 increased risk | prior incident count=0.0 decreased risk | geo mismatch=0.0 decreased risk,auto_escalate,bda3915925d1ea45
65,2026-08-14T06:47:50.372740+00:00,0.0842345045949315,0,0,known malicious indicator count=0.0 decreased risk | geo mismatch=0.0 decreased risk | protocol risk score=5.6 decreased risk,auto_close,bda3915925d1ea45
66,2026-08-14T06:47:50.372740+00:00,0.2032649794286192,0,0,prior incident count=0.0 decreased risk | known malicious indicator count=1.0 increased risk | geo mismatch=0.0 decreased risk,human_review,bda3915925d1ea45
67,2026-08-14T06:47:50.372740+00:00,0.0998364116512158,0,0,known malicious indicator count=0.0 decreased risk | prior incident count=0.0 decreased risk | days since last patch=90.8 increased risk,auto_close,bda3915925d1ea45
68,2026-08-14T06:47:50.372740+00:00,0.8231436463767848,1,1,geo mismatch=1.0 increased risk | prior incident count=2.0 increased risk | known malicious indicator count=0.0 decreased risk,auto_escalate,bda3915925d1ea45
69,2026-08-14T06:47:50.372740+00:00,0.0504305354280749,0,0,known malicious indicator count=0.0 decreased risk | prior incident count=0.0 decreased risk | geo mismatch=0.0 decreased risk,auto_close,bda3915925d1ea45
70,2026-08-14T06:47:50.372740+00:00,0.1295934603044763,0,0,known malicious indicator count=0.0 decreased risk | prior incident count=0.0 decreased risk | days since last patch=71.1 increased risk,auto_close,bda3915925d1ea45
71,2026-08-14T06:47:50.372740+00:00,0.6312552082816474,1,0,prior incident count=2.0 increased risk | known malicious indicator count=0.0 decreased risk | src ip reputation score=51.2 increased risk,human_review,bda3915925d1ea45
72,2026-08-14T06:47:50.372740+00:00,0.0340955027937011,0,0,known malicious indicator count=0.0 decreased risk | prior incident count=0.0 decreased risk | geo mismatch=0.0 decreased risk,auto_close,bda3915925d1ea45
73,2026-08-14T06:47:50.372740+00:00,0.316673946741133,0,0,known malicious indicator count=0.0 decreased risk | unusual time access=1.0 increased risk | geo mismatch=0.0 decreased risk,human_review,bda3915925d1ea45
74,2026-08-14T06:47:50.372740+00:00,0.6378905753605872,1,0,prior incident count=2.0 increased risk | known malicious indicator count=0.0 decreased risk | protocol risk score=56.7 increased risk,human_review,bda3915925d1ea45
75,2026-08-14T06:47:50.372740+00:00,0.1334438684252023,0,0,known malicious indicator count=0.0 decreased risk | prior incident count=0.0 decreased risk | geo mismatch=0.0 decreased risk,auto_close,bda3915925d1ea45
76,2026-08-14T06:47:50.372740+00:00,0.0178745401487958,0,0,known malicious indicator count=0.0 decreased risk | prior incident count=0.0 decreased risk | geo mismatch=0.0 decreased risk,auto_close,bda3915925d1ea45
77,2026-08-14T06:47:50.372740+00:00,0.1077573598944666,0,0,known malicious indicator count=0.0 decreased risk | geo mismatch=0.0 decreased risk | unusual time access=0.0 decreased risk,auto_close,bda3915925d1ea45
78,2026-08-14T06:47:50.372740+00:00,0.7216706089157323,1,0,geo mismatch=1.0 increased risk | prior incident count=2.0 increased risk | known malicious indicator count=0.0 decreased risk,human_review,bda3915925d1ea45
79,2026-08-14T06:47:50.372740+00:00,0.9027931015197058,1,1,known malicious indicator count=2.0 increased risk | prior incident count=0.0 decreased risk | unusual time access=1.0 increased risk,auto_escalate,bda3915925d1ea45
80,2026-08-14T06:47:50.372740+00:00,0.0906853783776845,0,0,known malicious indicator count=0.0 decreased risk | geo mismatch=0.0 decreased risk | unusual time access=0.0 decreased risk,auto_close,bda3915925d1ea45
81,2026-08-14T06:47:50.372740+00:00,0.0508163997854098,0,0,known malicious indicator count=0.0 decreased risk | geo mismatch=0.0 decreased risk | src ip reputation score=99.5 decreased risk,auto_close,bda3915925d1ea45
82,2026-08-14T06:47:50.372740+00:00,0.1495135170666264,0,0,known malicious indicator count=0.0 decreased risk | unusual time access=1.0 increased risk | protocol risk score=0.0 decreased risk,auto_close,bda3915925d1ea45
83,2026-08-14T06:47:50.372740+00:00,0.0494444565361295,0,0,known malicious indicator count=0.0 decreased risk | geo mismatch=0.0 decreased risk | unusual time access=0.0 decreased risk,auto_close,bda3915925d1ea45
84,2026-08-14T06:47:50.372740+00:00,0.011214621621141,0,0,known malicious indicator count=0.0 decreased risk | prior incident count=0.0 decreased risk | geo mismatch=0.0 decreased risk,auto_close,bda3915925d1ea45
85,2026-08-14T06:47:50.372740+00:00,0.0443223434732119,0,0,known malicious indicator count=0.0 decreased risk | prior incident count=0.0 decreased risk | geo mismatch=0.0 decreased risk,auto_close,bda3915925d1ea45
86,2026-08-14T06:47:50.372740+00:00,0.0620284711000956,0,0,known malicious indicator count=0.0 decreased risk | prior incident count=0.0 decreased risk | geo mismatch=0.0 decreased risk,auto_close,bda3915925d1ea45
87,2026-08-14T06:47:50.372740+00:00,0.0537300573585234,0,0,known malicious indicator count=0.0 decreased risk | prior incident count=0.0 decreased risk | protocol risk score=7.5 decreased risk,auto_close,bda3915925d1ea45
88,2026-08-14T06:47:50.372740+00:00,0.0318303687600486,0,0,known malicious indicator count=0.0 decreased risk | prior incident count=0.0 decreased risk | geo mismatch=0.0 decreased risk,auto_close,bda3915925d1ea45
89,2026-08-14T06:47:50.372740+00:00,0.1094242328180397,0,0,known malicious indicator count=0.0 decreased risk | geo mismatch=0.0 decreased risk | protocol risk score=11.4 decreased risk,auto_close,bda3915925d1ea45
90,2026-08-14T06:47:50.372740+00:00,0.0721383461869123,0,0,known malicious indicator count=0.0 decreased risk | geo mismatch=0.0 decreased risk | unusual time access=0.0 decreased risk,auto_close,bda3915925d1ea45
91,2026-08-14T06:47:50.372740+00:00,0.2133800807188131,0,0,geo mismatch=1.0 increased risk | known malicious indicator count=0.0 decreased risk | prior incident count=0.0 decreased risk,human_review,bda3915925d1ea45
92,2026-08-14T06:47:50.372740+00:00,0.022613416294521,0,0,known malicious indicator count=0.0 decreased risk | prior incident count=0.0 decreased risk | geo mismatch=0.0 decreased risk,auto_close,bda3915925d1ea45
93,2026-08-14T06:47:50.372740+00:00,0.0981853039085152,0,0,known malicious indicator count=0.0 decreased risk | prior incident count=0.0 decreased risk | unusual time access=1.0 increased risk,auto_close,bda3915925d1ea45
94,2026-08-14T06:47:50.372740+00:00,0.788805354813662,1,1,geo mismatch=1.0 increased risk | known malicious indicator count=1.0 increased risk | prior incident count=0.0 decreased risk,auto_escalate,bda3915925d1ea45
95,2026-08-14T06:47:50.372740+00:00,0.4395738706593303,0,1,prior incident count=0.0 decreased risk | known malicious indicator count=1.0 increased risk | days since last patch=63.2 increased risk,human_review,bda3915925d1ea45
96,2026-08-14T06:47:50.372740+00:00,0.5517864652994933,1,1,known malicious indicator count=1.0 increased risk | prior incident count=1.0 increased risk | protocol risk score=19.6 decreased risk,human_review,bda3915925d1ea45
97,2026-08-14T06:47:50.372740+00:00,0.0673802996766634,0,0,known malicious indicator count=0.0 decreased risk | prior incident count=0.0 decreased risk | geo mismatch=0.0 decreased risk,auto_close,bda3915925d1ea45
98,2026-08-14T06:47:50.372740+00:00,0.0893557215184796,0,0,known malicious indicator count=0.0 decreased risk | geo mismatch=0.0 decreased risk | protocol risk score=48.0 increased risk,auto_close,bda3915925d1ea45
99,2026-08-14T06:47:50.372740+00:00,0.0329872877675191,0,0,known malicious indicator count=0.0 decreased risk | prior incident count=0.0 decreased risk | geo mismatch=0.0 decreased risk,auto_close,bda3915925d1ea45
100,2026-08-14T06:47:50.372740+00:00,0.3061236119288225,0,0,prior incident count=0.0 decreased risk | known malicious indicator count=1.0 increased risk | geo mismatch=0.0 decreased risk,human_review,bda3915925d1ea45
101,2026-08-14T06:47:50.372740+00:00,0.1021650262253882,0,0,known malicious indicator count=0.0 decreased risk | geo mismatch=0.0 decreased risk | unusual time access=0.0 decreased risk,auto_close,bda3915925d1ea45
102,2026-08-14T06:47:50.372740+00:00,0.0765202368654364,0,0,known malicious indicator count=0.0 decreased risk | geo mismatch=0.0 decreased risk | protocol risk score=15.5 decreased risk,auto_close,bda3915925d1ea45
103,2026-08-14T06:47:50.372740+00:00,0.0476135209999068,0,0,known malicious indicator count=0.0 decreased risk | prior incident count=0.0 decreased risk | geo mismatch=0.0 decreased risk,auto_close,bda3915925d1ea45
104,2026-08-14T06:47:50.372740+00:00,0.0740225433001562,0,0,known malicious indicator count=0.0 decreased risk | prior incident count=0.0 decreased risk | geo mismatch=0.0 decreased risk,auto_close,bda3915925d1ea45
105,2026-08-14T06:47:50.372740+00:00,0.2861429700216564,0,0,geo mismatch=1.0 increased risk | known malicious indicator count=0.0 decreased risk | prior incident count=0.0 decreased risk,human_review,bda3915925d1ea45
106,2026-08-14T06:47:50.372740+00:00,0.0472751074933043,0,0,known malicious indicator count=0.0 decreased risk | prior incident count=0.0 decreased risk | geo mismatch=0.0 decreased risk,auto_close,bda3915925d1ea45
107,2026-08-14T06:47:50.372740+00:00,0.0268708988509623,0,0,known malicious indicator count=0.0 decreased risk | prior incident count=0.0 decreased risk | geo mismatch=0.0 decreased risk,auto_close,bda3915925d1ea45
108,2026-08-14T06:47:50.372740+00:00,0.0170783736212099,0,0,known malicious indicator count=0.0 decreased risk | prior incident count=0.0 decreased risk | geo mismatch=0.0 decreased risk,auto_close,bda3915925d1ea45
109,2026-08-14T06:47:50.372740+00:00,0.7164545903115402,1,1,geo mismatch=1.0 increased risk | known malicious indicator count=0.0 decreased risk | protocol risk score=20.2 decreased risk,human_review,bda3915925d1ea45
110,2026-08-14T06:47:50.372740+00:00,0.1581223380855087,0,0,prior incident count=0.0 decreased risk | known malicious indicator count=0.0 decreased risk | days since last patch=69.8 increased risk,human_review,bda3915925d1ea45
111,2026-08-14T06:47:50.372740+00:00,0.6343062174062273,1,1,prior incident count=2.0 increased risk | known malicious indicator count=0.0 decreased risk | geo mismatch=0.0 decreased risk,human_review,bda3915925d1ea45
112,2026-08-14T06:47:50.372740+00:00,0.0887157678892197,0,0,known malicious indicator count=0.0 decreased risk | prior incident count=0.0 decreased risk | geo mismatch=0.0 decreased risk,auto_close,bda3915925d1ea45
113,2026-08-14T06:47:50.372740+00:00,0.0296113765632751,0,0,known malicious indicator count=0.0 decreased risk | prior incident count=0.0 decreased risk | geo mismatch=0.0 decreased risk,auto_close,bda3915925d1ea45
114,2026-08-14T06:47:50.372740+00:00,0.217726645943694,0,0,known malicious indicator count=0.0 decreased risk | geo mismatch=0.0 decreased risk | login attempts last hour=6.0 increased risk,human_review,bda3915925d1ea45
115,2026-08-14T06:47:50.372740+00:00,0.8028983678627257,1,1,geo mismatch=1.0 increased risk | known malicious indicator count=1.0 increased risk | prior incident count=0.0 decreased risk,auto_escalate,bda3915925d1ea45
116,2026-08-14T06:47:50.372740+00:00,0.1042041396427651,0,0,known malicious indicator count=0.0 decreased risk | geo mismatch=0.0 decreased risk | src ip reputation score=40.0 increased risk,auto_close,bda3915925d1ea45
117,2026-08-14T06:47:50.372740+00:00,0.6437614239135359,1,0,prior incident count=2.0 increased risk | known malicious indicator count=0.0 decreased risk | geo mismatch=0.0 decreased risk,human_review,bda3915925d1ea45
118,2026-08-14T06:47:50.372740+00:00,0.0204219743872326,0,0,known malicious indicator count=0.0 decreased risk | prior incident count=0.0 decreased risk | geo mismatch=0.0 decreased risk,auto_close,bda3915925d1ea45
119,2026-08-14T06:47:50.372740+00:00,0.1277283126558209,0,0,known malicious indicator count=0.0 decreased risk | geo mismatch=0.0 decreased risk | unusual time access=0.0 decreased risk,auto_close,bda3915925d1ea45
120,2026-08-14T06:47:50.372740+00:00,0.5252354816891301,1,0,known malicious indicator count=1.0 increased risk | src ip reputation score=91.5 decreased risk | geo mismatch=0.0 decreased risk,human_review,bda3915925d1ea45
121,2026-08-14T06:47:50.372740+00:00,0.4537674720489659,0,0,prior incident count=0.0 decreased risk | known malicious indicator count=1.0 increased risk | days since last patch=53.5 increased risk,human_review,bda3915925d1ea45
122,2026-08-14T06:47:50.372740+00:00,0.0285741577815362,0,0,known malicious indicator count=0.0 decreased risk | prior incident count=0.0 decreased risk | geo mismatch=0.0 decreased risk,auto_close,bda3915925d1ea45
123,2026-08-14T06:47:50.372740+00:00,0.1560420513136547,0,0,known malicious indicator count=0.0 decreased risk | prior incident count=0.0 decreased risk | data transfer mb=172.1 increased risk,human_review,bda3915925d1ea45
124,2026-08-14T06:47:50.372740+00:00,0.0876996362206764,0,0,known malicious indicator count=0.0 decreased risk | geo mismatch=0.0 decreased risk | unusual time access=0.0 decreased risk,auto_close,bda3915925d1ea45
125,2026-08-14T06:47:50.372740+00:00,0.0521671830948894,0,0,known malicious indicator count=0.0 decreased risk | prior incident count=0.0 decreased risk | geo mismatch=0.0 decreased risk,auto_close,bda3915925d1ea45
126,2026-08-14T06:47:50.372740+00:00,0.2002446877372374,0,0,prior incident count=0.0 decreased risk | known malicious indicator count=1.0 increased risk | geo mismatch=0.0 decreased risk,human_review,bda3915925d1ea45
127,2026-08-14T06:47:50.372740+00:00,0.0264204095095329,0,0,known malicious indicator count=0.0 decreased risk | prior incident count=0.0 decreased risk | geo mismatch=0.0 decreased risk,auto_close,bda3915925d1ea45
128,2026-08-14T06:47:50.372740+00:00,0.0290588327499434,0,0,known malicious indicator count=0.0 decreased risk | prior incident count=0.0 decreased risk | geo mismatch=0.0 decreased risk,auto_close,bda3915925d1ea45
129,2026-08-14T06:47:50.372740+00:00,0.0317314433764192,0,0,known malicious indicator count=0.0 decreased risk | prior incident count=0.0 decreased risk | geo mismatch=0.0 decreased risk,auto_close,bda3915925d1ea45
130,2026-08-14T06:47:50.372740+00:00,0.0862683490153185,0,0,known malicious indicator count=0.0 decreased risk | prior incident count=0.0 decreased risk | unusual time access=1.0 increased risk,auto_close,bda3915925d1ea45
131,2026-08-14T06:47:50.372740+00:00,0.8328102189947308,1,1,geo mismatch=1.0 increased risk | known malicious indicator count=0.0 decreased risk | src ip reputation score=41.9 increased risk,auto_escalate,bda3915925d1ea45
132,2026-08-14T06:47:50.372740+00:00,0.1959890404216059,0,0,known malicious indicator count=0.0 decreased risk | prior incident count=0.0 decreased risk | unusual time access=1.0 increased risk,human_review,bda3915925d1ea45
133,2026-08-14T06:47:50.372740+00:00,0.1121385105581712,0,0,known malicious indicator count=0.0 decreased risk | geo mismatch=0.0 decreased risk | src ip reputation score=96.8 decreased risk,auto_close,bda3915925d1ea45
134,2026-08-14T06:47:50.372740+00:00,0.2772542653114376,0,0,prior incident count=0.0 decreased risk | known malicious indicator count=1.0 increased risk | protocol risk score=16.0 decreased risk,human_review,bda3915925d1ea45
135,2026-08-14T06:47:50.372740+00:00,0.0228197373611161,0,0,known malicious indicator count=0.0 decreased risk | prior incident count=0.0 decreased risk | geo mismatch=0.0 decreased risk,auto_close,bda3915925d1ea45
136,2026-08-14T06:47:50.372740+00:00,0.7313216954148224,1,1,known malicious indicator count=2.0 increased risk | prior incident count=0.0 decreased risk | src ip reputation score=100.0 decreased risk,human_review,bda3915925d1ea45
137,2026-08-14T06:47:50.372740+00:00,0.7479308425565676,1,0,geo mismatch=1.0 increased risk | known malicious indicator count=0.0 decreased risk | prior incident count=1.0 increased risk,human_review,bda3915925d1ea45
138,2026-08-14T06:47:50.372740+00:00,0.8545553228417391,1,1,known malicious indicator count=1.0 increased risk | prior incident count=1.0 increased risk | geo mismatch=0.0 decreased risk,auto_escalate,bda3915925d1ea45
139,2026-08-14T06:47:50.372740+00:00,0.6748400287956261,1,1,prior incident count=2.0 increased risk | known malicious indicator count=0.0 decreased risk | unusual time access=1.0 increased risk,human_review,bda3915925d1ea45
140,2026-08-14T06:47:50.372740+00:00,0.6292480133327141,1,1,prior incident count=3.0 increased risk | known malicious indicator count=0.0 decreased risk | geo mismatch=0.0 decreased risk,human_review,bda3915925d1ea45
141,2026-08-14T06:47:50.372740+00:00,0.0304129776920181,0,0,known malicious indicator count=0.0 decreased risk | prior incident count=0.0 decreased risk | geo mismatch=0.0 decreased risk,auto_close,bda3915925d1ea45
142,2026-08-14T06:47:50.372740+00:00,0.0745679447788548,0,0,known malicious indicator count=0.0 decreased risk | prior incident count=0.0 decreased risk | unusual time access=1.0 increased risk,auto_close,bda3915925d1ea45
143,2026-08-14T06:47:50.372740+00:00,0.4433472246671573,0,0,geo mismatch=1.0 increased risk | known malicious indicator count=0.0 decreased risk | prior incident count=0.0 decreased risk,human_review,bda3915925d1ea45
144,2026-08-14T06:47:50.372740+00:00,0.1062288146858947,0,0,known malicious indicator count=0.0 decreased risk | prior incident count=0.0 decreased risk | days since last patch=83.4 increased risk,auto_close,bda3915925d1ea45
145,2026-08-14T06:47:50.372740+00:00,0.5833689516387525,1,0,prior incident count=2.0 increased risk | known malicious indicator count=0.0 decreased risk | protocol risk score=56.1 increased risk,human_review,bda3915925d1ea45
146,2026-08-14T06:47:50.372740+00:00,0.2365029496324146,0,0,prior incident count=0.0 decreased risk | known malicious indicator count=1.0 increased risk | geo mismatch=0.0 decreased risk,human_review,bda3915925d1ea45
147,2026-08-14T06:47:50.372740+00:00,0.3845625748018262,0,0,prior incident count=2.0 increased risk | known malicious indicator count=0.0 decreased risk | protocol risk score=0.0 decreased risk,human_review,bda3915925d1ea45
148,2026-08-14T06:47:50.372740+00:00,0.0588063108060524,0,0,known malicious indicator count=0.0 decreased risk | prior incident count=0.0 decreased risk | geo mismatch=0.0 decreased risk,auto_close,bda3915925d1ea45
149,2026-08-14T06:47:50.372740+00:00,0.2754538955101022,0,0,prior incident count=0.0 decreased risk | known malicious indicator count=1.0 increased risk | geo mismatch=0.0 decreased risk,human_review,bda3915925d1ea45
150,2026-08-14T06:47:50.372740+00:00,0.8730024538065478,1,1,known malicious indicator count=2.0 increased risk | src ip reputation score=87.4 decreased risk | geo mismatch=0.0 decreased risk,auto_escalate,bda3915925d1ea45
151,2026-08-14T06:47:50.372740+00:00,0.1218952399607675,0,0,known malicious indicator count=0.0 decreased risk | prior incident count=0.0 decreased risk | unusual time access=1.0 increased risk,auto_close,bda3915925d1ea45
152,2026-08-14T06:47:50.372740+00:00,0.9685253531262396,1,1,known malicious indicator count=2.0 increased risk | prior incident count=2.0 increased risk | unusual time access=1.0 increased risk,auto_escalate,bda3915925d1ea45
153,2026-08-14T06:47:50.372740+00:00,0.0120627250390933,0,0,known malicious indicator count=0.0 decreased risk | prior incident count=0.0 decreased risk | geo mismatch=0.0 decreased risk,auto_close,bda3915925d1ea45
154,2026-08-14T06:47:50.372740+00:00,0.1503501412714996,0,0,known malicious indicator count=0.0 decreased risk | prior incident count=0.0 decreased risk | data transfer mb=175.1 increased risk,human_review,bda3915925d1ea45
155,2026-08-14T06:47:50.372740+00:00,0.1389892864041421,0,0,known malicious indicator count=0.0 decreased risk | prior incident count=0.0 decreased risk | days since last patch=85.9 increased risk,auto_close,bda3915925d1ea45
156,2026-08-14T06:47:50.372740+00:00,0.0199489048553303,0,0,known malicious indicator count=0.0 decreased risk | prior incident count=0.0 decreased risk | geo mismatch=0.0 decreased risk,auto_close,bda3915925d1ea45
157,2026-08-14T06:47:50.372740+00:00,0.4967083043450114,0,0,known malicious indicator count=1.0 increased risk | src ip reputation score=90.1 decreased risk | geo mismatch=0.0 decreased risk,human_review,bda3915925d1ea45
158,2026-08-14T06:47:50.372740+00:00,0.0482207584831297,0,0,known malicious indicator count=0.0 decreased risk | prior incident count=0.0 decreased risk | geo mismatch=0.0 decreased risk,auto_close,bda3915925d1ea45
159,2026-08-14T06:47:50.372740+00:00,0.6525427172988851,1,1,known malicious indicator count=1.0 increased risk | prior incident count=0.0 decreased risk | unusual time access=1.0 increased risk,human_review,bda3915925d1ea45
160,2026-08-14T06:47:50.372740+00:00,0.5224572040281654,1,0,known malicious indicator count=1.0 increased risk | prior incident count=0.0 decreased risk | src ip reputation score=34.4 increased risk,human_review,bda3915925d1ea45
161,2026-08-14T06:47:50.372740+00:00,0.1455678287081231,0,0,known malicious indicator count=0.0 decreased risk | src ip reputation score=36.5 increased risk | protocol risk score=3.9 decreased risk,auto_close,bda3915925d1ea45
162,2026-08-14T06:47:50.372740+00:00,0.4117124643309454,0,0,prior incident count=0.0 decreased risk | known malicious indicator count=1.0 increased risk | geo mismatch=0.0 decreased risk,human_review,bda3915925d1ea45
163,2026-08-14T06:47:50.372740+00:00,0.0146371894729486,0,0,known malicious indicator count=0.0 decreased risk | prior incident count=0.0 decreased risk | geo mismatch=0.0 decreased risk,auto_close,bda3915925d1ea45
164,2026-08-14T06:47:50.372740+00:00,0.7123428893297614,1,0,geo mismatch=1.0 increased risk | known malicious indicator count=0.0 decreased risk | src ip reputation score=53.8 increased risk,human_review,bda3915925d1ea45
165,2026-08-14T06:47:50.372740+00:00,0.0299933415159517,0,0,known malicious indicator count=0.0 decreased risk | prior incident count=0.0 decreased risk | geo mismatch=0.0 decreased risk,auto_close,bda3915925d1ea45
166,2026-08-14T06:47:50.372740+00:00,0.6964926945372053,1,1,prior incident count=3.0 increased risk | known malicious indicator count=0.0 decreased risk | geo mismatch=0.0 decreased risk,human_review,bda3915925d1ea45
167,2026-08-14T06:47:50.372740+00:00,0.0643057780139004,0,0,known malicious indicator count=0.0 decreased risk | geo mismatch=0.0 decreased risk | protocol risk score=21.1 decreased risk,auto_close,bda3915925d1ea45
168,2026-08-14T06:47:50.372740+00:00,0.059071470952006,0,0,known malicious indicator count=0.0 decreased risk | prior incident count=0.0 decreased risk | geo mismatch=0.0 decreased risk,auto_close,bda3915925d1ea45
169,2026-08-14T06:47:50.372740+00:00,0.0279224799782812,0,0,known malicious indicator count=0.0 decreased risk | prior incident count=0.0 decreased risk | geo mismatch=0.0 decreased risk,auto_close,bda3915925d1ea45
170,2026-08-14T06:47:50.372740+00:00,0.3329931865910642,0,0,prior incident count=2.0 increased risk | known malicious indicator count=0.0 decreased risk | geo mismatch=0.0 decreased risk,human_review,bda3915925d1ea45
171,2026-08-14T06:47:50.372740+00:00,0.0477972766171571,0,0,known malicious indicator count=0.0 decreased risk | geo mismatch=0.0 decreased risk | src ip reputation score=80.7 decreased risk,auto_close,bda3915925d1ea45
172,2026-08-14T06:47:50.372740+00:00,0.8561496881405704,1,0,known malicious indicator count=1.0 increased risk | unusual time access=1.0 increased risk | prior incident count=1.0 increased risk,auto_escalate,bda3915925d1ea45
173,2026-08-14T06:47:50.372740+00:00,0.0615369501735894,0,0,known malicious indicator count=0.0 decreased risk | prior incident count=0.0 decreased risk | geo mismatch=0.0 decreased risk,auto_close,bda3915925d1ea45
174,2026-08-14T06:47:50.372740+00:00,0.0225774778063992,0,0,known malicious indicator count=0.0 decreased risk | prior incident count=0.0 decreased risk | geo mismatch=0.0 decreased risk,auto_close,bda3915925d1ea45
175,2026-08-14T06:47:50.372740+00:00,0.0515153193793339,0,0,known malicious indicator count=0.0 decreased risk | geo mismatch=0.0 decreased risk | protocol risk score=5.5 decreased risk,auto_close,bda3915925d1ea45
176,2026-08-14T06:47:50.372740+00:00,0.065805748877605,0,0,known malicious indicator count=0.0 decreased risk | geo mismatch=0.0 decreased risk | protocol risk score=15.7 decreased risk,auto_close,bda3915925d1ea45
177,2026-08-14T06:47:50.372740+00:00,0.033517743020598,0,0,known malicious indicator count=0.0 decreased risk | prior incident count=0.0 decreased risk | geo mismatch=0.0 decreased risk,auto_close,bda3915925d1ea45
178,2026-08-14T06:47:50.372740+00:00,0.2712209794846981,0,0,known malicious indicator count=0.0 decreased risk | prior incident count=0.0 decreased risk | unusual time access=1.0 increased risk,human_review,bda3915925d1ea45
179,2026-08-14T06:47:50.372740+00:00,0.2107349239308038,0,0,prior incident count=0.0 decreased risk | known malicious indicator count=1.0 increased risk | geo mismatch=0.0 decreased risk,human_review,bda3915925d1ea45
180,2026-08-14T06:47:50.372740+00:00,0.0343778438733151,0,0,known malicious indicator count=0.0 decreased risk | prior incident count=0.0 decreased risk | geo mismatch=0.0 decreased risk,auto_close,bda3915925d1ea45
181,2026-08-14T06:47:50.372740+00:00,0.8345879354015787,1,1,geo mismatch=1.0 increased risk | known malicious indicator count=1.0 increased risk | prior incident count=0.0 decreased risk,auto_escalate,bda3915925d1ea45
182,2026-08-14T06:47:50.372740+00:00,0.160870056528462,0,0,prior incident count=0.0 decreased risk | known malicious indicator count=1.0 increased risk | protocol risk score=12.5 decreased risk,human_review,bda3915925d1ea45
183,2026-08-14T06:47:50.372740+00:00,0.8394952073133749,1,1,known malicious indicator count=1.0 increased risk | unusual time access=1.0 increased risk | prior incident count=0.0 decreased risk,auto_escalate,bda3915925d1ea45
184,2026-08-14T06:47:50.372740+00:00,0.0712631203393378,0,0,known malicious indicator count=0.0 decreased risk | geo mismatch=0.0 decreased risk | protocol risk score=17.8 decreased risk,auto_close,bda3915925d1ea45
185,2026-08-14T06:47:50.372740+00:00,0.3610788008172644,0,0,prior incident count=2.0 increased risk | known malicious indicator count=0.0 decreased risk | geo mismatch=0.0 decreased risk,human_review,bda3915925d1ea45
186,2026-08-14T06:47:50.372740+00:00,0.6258716218564749,1,1,known malicious indicator count=1.0 increased risk | prior incident count=0.0 decreased risk | unusual time access=1.0 increased risk,human_review,bda3915925d1ea45
187,2026-08-14T06:47:50.372740+00:00,0.0347500138975912,0,0,known malicious indicator count=0.0 decreased risk | prior incident count=0.0 decreased risk | geo mismatch=0.0 decreased risk,auto_close,bda3915925d1ea45
188,2026-08-14T06:47:50.372740+00:00,0.0263619696519692,0,0,known malicious indicator count=0.0 decreased risk | prior incident count=0.0 decreased risk | geo mismatch=0.0 decreased risk,auto_close,bda3915925d1ea45
189,2026-08-14T06:47:50.372740+00:00,0.5933594782371958,1,0,known malicious indicator count=1.0 increased risk | prior incident count=0.0 decreased risk | protocol risk score=56.3 increased risk,human_review,bda3915925d1ea45
190,2026-08-14T06:47:50.372740+00:00,0.0956196293238007,0,0,known malicious indicator count=0.0 decreased risk | prior incident count=0.0 decreased risk | geo mismatch=0.0 decreased risk,auto_close,bda3915925d1ea45
191,2026-08-14T06:47:50.372740+00:00,0.3956741878245949,0,0,prior incident count=0.0 decreased risk | known malicious indicator count=1.0 increased risk | days since last patch=53.8 increased risk,human_review,bda3915925d1ea45
192,2026-08-14T06:47:50.372740+00:00,0.7668558537138875,1,1,known malicious indicator count=1.0 increased risk | protocol risk score=54.9 increased risk | prior incident count=1.0 increased risk,auto_escalate,bda3915925d1ea45
193,2026-08-14T06:47:50.372740+00:00,0.179712247768034,0,0,known malicious indicator count=0.0 decreased risk | prior incident count=0.0 decreased risk | src ip reputation score=27.3 increased risk,human_review,bda3915925d1ea45
194,2026-08-14T06:47:50.372740+00:00,0.8951867666712607,1,1,prior incident count=2.0 increased risk | geo mismatch=1.0 increased risk | known malicious indicator count=1.0 increased risk,auto_escalate,bda3915925d1ea45
195,2026-08-14T06:47:50.372740+00:00,0.0271664438871005,0,0,known malicious indicator count=0.0 decreased risk | prior incident count=0.0 decreased risk | geo mismatch=0.0 decreased risk,auto_close,bda3915925d1ea45
196,2026-08-14T06:47:50.372740+00:00,0.1473420928695295,0,0,known malicious indicator count=0.0 decreased risk | src ip reputation score=18.2 increased risk | geo mismatch=0.0 decreased risk,auto_close,bda3915925d1ea45
197,2026-08-14T06:47:50.372740+00:00,0.0654965483836034,0,0,known malicious indicator count=0.0 decreased risk | prior incident count=0.0 decreased risk | unusual time access=1.0 increased risk,auto_close,bda3915925d1ea45
198,2026-08-14T06:47:50.372740+00:00,0.1248973865492346,0,0,known malicious indicator count=0.0 decreased risk | prior incident count=0.0 decreased risk | days since last patch=70.3 increased risk,auto_close,bda3915925d1ea45
199,2026-08-14T06:47:50.372740+00:00,0.7333310800850249,1,0,known malicious indicator count=2.0 increased risk | prior incident count=0.0 decreased risk | src ip reputation score=100.0 decreased risk,human_review,bda3915925d1ea45
200,2026-08-14T06:47:50.372740+00:00,0.871519194906376,1,1,geo mismatch=1.0 increased risk | prior incident count=2.0 increased risk | known malicious indicator count=0.0 decreased risk,auto_escalate,bda3915925d1ea45
201,2026-08-14T06:47:50.372740+00:00,0.0434293557283767,0,0,known malicious indicator count=0.0 decreased risk | prior incident count=0.0 decreased risk | geo mismatch=0.0 decreased risk,auto_close,bda3915925d1ea45
202,2026-08-14T06:47:50.372740+00:00,0.2214051667715245,0,0,known malicious indicator count=0.0 decreased risk | prior incident count=0.0 decreased risk | unusual time access=1.0 increased risk,human_review,bda3915925d1ea45
203,2026-08-14T06:47:50.372740+00:00,0.5906320749473456,1,1,known malicious indicator count=1.0 increased risk | src ip reputation score=87.8 decreased risk | prior incident count=1.0 increased risk,human_review,bda3915925d1ea45
204,2026-08-14T06:47:50.372740+00:00,0.9404076900952684,1,1,known malicious indicator count=2.0 increased risk | prior incident count=2.0 increased risk | geo mismatch=0.0 decreased risk,auto_escalate,bda3915925d1ea45
205,2026-08-14T06:47:50.372740+00:00,0.7786778510371742,1,1,geo mismatch=1.0 increased risk | known malicious indicator count=1.0 increased risk | src ip reputation score=100.0 decreased risk,auto_escalate,bda3915925d1ea45
206,2026-08-14T06:47:50.372740+00:00,0.9354082382539032,1,1,known malicious indicator count=1.0 increased risk | unusual time access=1.0 increased risk | prior incident count=1.0 increased risk,auto_escalate,bda3915925d1ea45
207,2026-08-14T06:47:50.372740+00:00,0.3026654883140039,0,0,known malicious indicator count=0.0 decreased risk | unusual time access=1.0 increased risk | geo mismatch=0.0 decreased risk,human_review,bda3915925d1ea45
208,2026-08-14T06:47:50.372740+00:00,0.3909055150178359,0,0,prior incident count=2.0 increased risk | known malicious indicator count=0.0 decreased risk | src ip reputation score=100.0 decreased risk,human_review,bda3915925d1ea45
209,2026-08-14T06:47:50.372740+00:00,0.8378242681671789,1,1,known malicious indicator count=1.0 increased risk | unusual time access=1.0 increased risk | prior incident count=1.0 increased risk,auto_escalate,bda3915925d1ea45
210,2026-08-14T06:47:50.372740+00:00,0.060793350008337,0,0,known malicious indicator count=0.0 decreased risk | geo mismatch=0.0 decreased risk | src ip reputation score=84.5 decreased risk,auto_close,bda3915925d1ea45
211,2026-08-14T06:47:50.372740+00:00,0.0286763402428441,0,0,known malicious indicator count=0.0 decreased risk | prior incident count=0.0 decreased risk | geo mismatch=0.0 decreased risk,auto_close,bda3915925d1ea45
212,2026-08-14T06:47:50.372740+00:00,0.068590025297784,0,0,known malicious indicator count=0.0 decreased risk | geo mismatch=0.0 decreased risk | protocol risk score=0.1 decreased risk,auto_close,bda3915925d1ea45
213,2026-08-14T06:47:50.372740+00:00,0.0598195122550656,0,0,known malicious indicator count=0.0 decreased risk | geo mismatch=0.0 decreased risk | unusual time access=0.0 decreased risk,auto_close,bda3915925d1ea45
214,2026-08-14T06:47:50.372740+00:00,0.0403429323016602,0,0,known malicious indicator count=0.0 decreased risk | prior incident count=0.0 decreased risk | geo mismatch=0.0 decreased risk,auto_close,bda3915925d1ea45
215,2026-08-14T06:47:50.372740+00:00,0.0320546689429499,0,0,known malicious indicator count=0.0 decreased risk | prior incident count=0.0 decreased risk | geo mismatch=0.0 decreased risk,auto_close,bda3915925d1ea45
216,2026-08-14T06:47:50.372740+00:00,0.2769409821290364,0,0,prior incident count=0.0 decreased risk | known malicious indicator count=1.0 increased risk | geo mismatch=0.0 decreased risk,human_review,bda3915925d1ea45
217,2026-08-14T06:47:50.372740+00:00,0.613327838543285,1,0,geo mismatch=1.0 increased risk | known malicious indicator count=0.0 decreased risk | prior incident count=0.0 decreased risk,human_review,bda3915925d1ea45
218,2026-08-14T06:47:50.372740+00:00,0.8654702252460769,1,1,known malicious indicator count=2.0 increased risk | prior incident count=0.0 decreased risk | src ip reputation score=25.6 increased risk,auto_escalate,bda3915925d1ea45
219,2026-08-14T06:47:50.372740+00:00,0.1076553137366626,0,0,known malicious indicator count=0.0 decreased risk | prior incident count=0.0 decreased risk | days since last patch=71.5 increased risk,auto_close,bda3915925d1ea45
220,2026-08-14T06:47:50.372740+00:00,0.9553981052599012,1,1,known malicious indicator count=2.0 increased risk | geo mismatch=1.0 increased risk | prior incident count=1.0 increased risk,auto_escalate,bda3915925d1ea45
221,2026-08-14T06:47:50.372740+00:00,0.0143723030056006,0,0,known malicious indicator count=0.0 decreased risk | prior incident count=0.0 decreased risk | geo mismatch=0.0 decreased risk,auto_close,bda3915925d1ea45
222,2026-08-14T06:47:50.372740+00:00,0.8856543533921243,1,1,known malicious indicator count=2.0 increased risk | unusual time access=1.0 increased risk | src ip reputation score=100.0 decreased risk,auto_escalate,bda3915925d1ea45
223,2026-08-14T06:47:50.372740+00:00,0.2542552890424884,0,0,known malicious indicator count=0.0 decreased risk | days since last patch=62.7 increased risk | geo mismatch=0.0 decreased risk,human_review,bda3915925d1ea45
224,2026-08-14T06:47:50.372740+00:00,0.0456787270479405,0,0,known malicious indicator count=0.0 decreased risk | prior incident count=0.0 decreased risk | geo mismatch=0.0 decreased risk,auto_close,bda3915925d1ea45
225,2026-08-14T06:47:50.372740+00:00,0.4416484741921971,0,0,known malicious indicator count=0.0 decreased risk | unusual time access=1.0 increased risk | days since last patch=101.1 increased risk,human_review,bda3915925d1ea45
226,2026-08-14T06:47:50.372740+00:00,0.2530687745112583,0,0,prior incident count=0.0 decreased risk | known malicious indicator count=1.0 increased risk | protocol risk score=12.8 decreased risk,human_review,bda3915925d1ea45
227,2026-08-14T06:47:50.372740+00:00,0.9454837814276216,1,1,prior incident count=2.0 increased risk | known malicious indicator count=1.0 increased risk | unusual time access=1.0 increased risk,auto_escalate,bda3915925d1ea45
228,2026-08-14T06:47:50.372740+00:00,0.0279822305373671,0,0,known malicious indicator count=0.0 decreased risk | prior incident count=0.0 decreased risk | geo mismatch=0.0 decreased risk,auto_close,bda3915925d1ea45
229,2026-08-14T06:47:50.372740+00:00,0.0858827914804849,0,0,known malicious indicator count=0.0 decreased risk | prior incident count=0.0 decreased risk | geo mismatch=0.0 decreased risk,auto_close,bda3915925d1ea45
230,2026-08-14T06:47:50.372740+00:00,0.0664025830278083,0,0,known malicious indicator count=0.0 decreased risk | geo mismatch=0.0 decreased risk | protocol risk score=9.3 decreased risk,auto_close,bda3915925d1ea45
231,2026-08-14T06:47:50.372740+00:00,0.4813421338238857,0,0,geo mismatch=1.0 increased risk | known malicious indicator count=0.0 decreased risk | prior incident count=0.0 decreased risk,human_review,bda3915925d1ea45
232,2026-08-14T06:47:50.372740+00:00,0.0816691431593595,0,0,known malicious indicator count=0.0 decreased risk | geo mismatch=0.0 decreased risk | unusual time access=0.0 decreased risk,auto_close,bda3915925d1ea45
233,2026-08-14T06:47:50.372740+00:00,0.0298974836229868,0,0,known malicious indicator count=0.0 decreased risk | prior incident count=0.0 decreased risk | geo mismatch=0.0 decreased risk,auto_close,bda3915925d1ea45
234,2026-08-14T06:47:50.372740+00:00,0.8038820519516326,1,1,known malicious indicator count=1.0 increased risk | prior incident count=1.0 increased risk | src ip reputation score=38.1 increased risk,auto_escalate,bda3915925d1ea45
235,2026-08-14T06:47:50.372740+00:00,0.7303054419735147,1,1,known malicious indicator count=1.0 increased risk | prior incident count=1.0 increased risk | geo mismatch=0.0 decreased risk,human_review,bda3915925d1ea45
236,2026-08-14T06:47:50.372740+00:00,0.6677186722288323,1,0,known malicious indicator count=1.0 increased risk | prior incident count=1.0 increased risk | protocol risk score=16.6 decreased risk,human_review,bda3915925d1ea45
237,2026-08-14T06:47:50.372740+00:00,0.0394156632093565,0,0,known malicious indicator count=0.0 decreased risk | prior incident count=0.0 decreased risk | geo mismatch=0.0 decreased risk,auto_close,bda3915925d1ea45
238,2026-08-14T06:47:50.372740+00:00,0.7569570499303014,1,1,geo mismatch=1.0 increased risk | known malicious indicator count=0.0 decreased risk | unusual time access=1.0 increased risk,auto_escalate,bda3915925d1ea45
239,2026-08-14T06:47:50.372740+00:00,0.1204892990951029,0,0,known malicious indicator count=0.0 decreased risk | geo mismatch=0.0 decreased risk | unusual time access=0.0 decreased risk,auto_close,bda3915925d1ea45
240,2026-08-14T06:47:50.372740+00:00,0.4720661158415549,0,0,known malicious indicator count=0.0 decreased risk | days since last patch=69.6 increased risk | geo mismatch=0.0 decreased risk,human_review,bda3915925d1ea45
241,2026-08-14T06:47:50.372740+00:00,0.1591705491501304,0,0,known malicious indicator count=0.0 decreased risk | unusual time access=1.0 increased risk | geo mismatch=0.0 decreased risk,human_review,bda3915925d1ea45
242,2026-08-14T06:47:50.372740+00:00,0.2049192064597537,0,0,prior incident count=0.0 decreased risk | known malicious indicator count=1.0 increased risk | geo mismatch=0.0 decreased risk,human_review,bda3915925d1ea45
243,2026-08-14T06:47:50.372740+00:00,0.0397796481932892,0,0,known malicious indicator count=0.0 decreased risk | prior incident count=0.0 decreased risk | geo mismatch=0.0 decreased risk,auto_close,bda3915925d1ea45
244,2026-08-14T06:47:50.372740+00:00,0.0461451538443696,0,0,known malicious indicator count=0.0 decreased risk | prior incident count=0.0 decreased risk | geo mismatch=0.0 decreased risk,auto_close,bda3915925d1ea45
245,2026-08-14T06:47:50.372740+00:00,0.5132917705166569,1,1,prior incident count=0.0 decreased risk | known malicious indicator count=1.0 increased risk | unusual time access=1.0 increased risk,human_review,bda3915925d1ea45
246,2026-08-14T06:47:50.372740+00:00,0.0225326899003566,0,0,known malicious indicator count=0.0 decreased risk | prior incident count=0.0 decreased risk | geo mismatch=0.0 decreased risk,auto_close,bda3915925d1ea45
247,2026-08-14T06:47:50.372740+00:00,0.0255528333258543,0,0,known malicious indicator count=0.0 decreased risk | prior incident count=0.0 decreased risk | geo mismatch=0.0 decreased risk,auto_close,bda3915925d1ea45
248,2026-08-14T06:47:50.372740+00:00,0.7455089407162423,1,0,known malicious indicator count=1.0 increased risk | prior incident count=1.0 increased risk | protocol risk score=45.7 increased risk,human_review,bda3915925d1ea45
249,2026-08-14T06:47:50.372740+00:00,0.725038446782992,1,1,geo mismatch=1.0 increased risk | known malicious indicator count=0.0 decreased risk | prior incident count=1.0 increased risk,human_review,bda3915925d1ea45
250,2026-08-14T06:47:50.372740+00:00,0.3072961820900798,0,0,known malicious indicator count=0.0 decreased risk | unusual time access=1.0 increased risk | geo mismatch=0.0 decreased risk,human_review,bda3915925d1ea45
251,2026-08-14T06:47:50.372740+00:00,0.3893958092557396,0,0,prior incident count=2.0 increased risk | known malicious indicator count=0.0 decreased risk | geo mismatch=0.0 decreased risk,human_review,bda3915925d1ea45
252,2026-08-14T06:47:50.372740+00:00,0.5695045127853107,1,0,known malicious indicator count=1.0 increased risk | protocol risk score=13.2 decreased risk | prior incident count=1.0 increased risk,human_review,bda3915925d1ea45
253,2026-08-14T06:47:50.372740+00:00,0.0318104709903343,0,0,known malicious indicator count=0.0 decreased risk | prior incident count=0.0 decreased risk | geo mismatch=0.0 decreased risk,auto_close,bda3915925d1ea45
254,2026-08-14T06:47:50.372740+00:00,0.0468612980670641,0,0,known malicious indicator count=0.0 decreased risk | prior incident count=0.0 decreased risk | geo mismatch=0.0 decreased risk,auto_close,bda3915925d1ea45
255,2026-08-14T06:47:50.372740+00:00,0.6680831419422627,1,0,known malicious indicator count=1.0 increased risk | prior incident count=1.0 increased risk | geo mismatch=0.0 decreased risk,human_review,bda3915925d1ea45
256,2026-08-14T06:47:50.372740+00:00,0.0507723090823184,0,0,known malicious indicator count=0.0 decreased risk | prior incident count=0.0 decreased risk | geo mismatch=0.0 decreased risk,auto_close,bda3915925d1ea45
257,2026-08-14T06:47:50.372740+00:00,0.4338829194353266,0,0,prior incident count=2.0 increased risk | known malicious indicator count=0.0 decreased risk | protocol risk score=5.9 decreased risk,human_review,bda3915925d1ea45
258,2026-08-14T06:47:50.372740+00:00,0.6392203616152646,1,0,prior incident count=2.0 increased risk | known malicious indicator count=0.0 decreased risk | src ip reputation score=37.7 increased risk,human_review,bda3915925d1ea45
259,2026-08-14T06:47:50.372740+00:00,0.0295262710468004,0,0,known malicious indicator count=0.0 decreased risk | prior incident count=0.0 decreased risk | geo mismatch=0.0 decreased risk,auto_close,bda3915925d1ea45
260,2026-08-14T06:47:50.372740+00:00,0.897736408981627,1,1,known malicious indicator count=2.0 increased risk | prior incident count=2.0 increased risk | src ip reputation score=100.0 decreased risk,auto_escalate,bda3915925d1ea45
261,2026-08-14T06:47:50.372740+00:00,0.1642100653630654,0,0,prior incident count=0.0 decreased risk | known malicious indicator count=1.0 increased risk | geo mismatch=0.0 decreased risk,human_review,bda3915925d1ea45
262,2026-08-14T06:47:50.372740+00:00,0.9453714991409384,1,1,prior incident count=2.0 increased risk | known malicious indicator count=1.0 increased risk | src ip reputation score=29.5 increased risk,auto_escalate,bda3915925d1ea45
263,2026-08-14T06:47:50.372740+00:00,0.9024445674148284,1,0,prior incident count=2.0 increased risk | known malicious indicator count=1.0 increased risk | geo mismatch=0.0 decreased risk,auto_escalate,bda3915925d1ea45
264,2026-08-14T06:47:50.372740+00:00,0.0417639376675306,0,0,known malicious indicator count=0.0 decreased risk | prior incident count=0.0 decreased risk | geo mismatch=0.0 decreased risk,auto_close,bda3915925d1ea45
265,2026-08-14T06:47:50.372740+00:00,0.6198886745064349,1,0,known malicious indicator count=1.0 increased risk | prior incident count=1.0 increased risk | geo mismatch=0.0 decreased risk,human_review,bda3915925d1ea45
266,2026-08-14T06:47:50.372740+00:00,0.3159198595039461,0,0,known malicious indicator count=0.0 decreased risk | unusual time access=1.0 increased risk | geo mismatch=0.0 decreased risk,human_review,bda3915925d1ea45
267,2026-08-14T06:47:50.372740+00:00,0.0560743327102874,0,0,known malicious indicator count=0.0 decreased risk | prior incident count=0.0 decreased risk | days since last patch=58.1 increased risk,auto_close,bda3915925d1ea45
268,2026-08-14T06:47:50.372740+00:00,0.3968754461840114,0,0,prior incident count=2.0 increased risk | known malicious indicator count=0.0 decreased risk | geo mismatch=0.0 decreased risk,human_review,bda3915925d1ea45
269,2026-08-14T06:47:50.372740+00:00,0.4633699382364383,0,1,known malicious indicator count=0.0 decreased risk | unusual time access=1.0 increased risk | days since last patch=59.5 increased risk,human_review,bda3915925d1ea45
270,2026-08-14T06:47:50.372740+00:00,0.0550421757140894,0,0,known malicious indicator count=0.0 decreased risk | geo mismatch=0.0 decreased risk | src ip reputation score=96.5 decreased risk,auto_close,bda3915925d1ea45
271,2026-08-14T06:47:50.372740+00:00,0.2694942196243651,0,0,prior incident count=0.0 decreased risk | known malicious indicator count=1.0 increased risk | geo mismatch=0.0 decreased risk,human_review,bda3915925d1ea45
272,2026-08-14T06:47:50.372740+00:00,0.9011597483614534,1,1,geo mismatch=1.0 increased risk | known malicious indicator count=1.0 increased risk | prior incident count=0.0 decreased risk,auto_escalate,bda3915925d1ea45
273,2026-08-14T06:47:50.372740+00:00,0.2055320445956679,0,0,known malicious indicator count=0.0 decreased risk | prior incident count=0.0 decreased risk | data transfer mb=226.6 increased risk,human_review,bda3915925d1ea45
274,2026-08-14T06:47:50.372740+00:00,0.0298258638318474,0,0,known malicious indicator count=0.0 decreased risk | geo mismatch=0.0 decreased risk | protocol risk score=7.5 decreased risk,auto_close,bda3915925d1ea45
275,2026-08-14T06:47:50.372740+00:00,0.1066756474833647,0,0,known malicious indicator count=0.0 decreased risk | geo mismatch=0.0 decreased risk | src ip reputation score=32.7 increased risk,auto_close,bda3915925d1ea45
276,2026-08-14T06:47:50.372740+00:00,0.13087572699431,0,0,known malicious indicator count=0.0 decreased risk | geo mismatch=0.0 decreased risk | unusual time access=0.0 decreased risk,auto_close,bda3915925d1ea45
277,2026-08-14T06:47:50.372740+00:00,0.8141929761128752,1,1,known malicious indicator count=2.0 increased risk | prior incident count=0.0 decreased risk | geo mismatch=0.0 decreased risk,auto_escalate,bda3915925d1ea45
278,2026-08-14T06:47:50.372740+00:00,0.1219810020398676,0,0,known malicious indicator count=0.0 decreased risk | prior incident count=0.0 decreased risk | days since last patch=87.9 increased risk,auto_close,bda3915925d1ea45
279,2026-08-14T06:47:50.372740+00:00,0.0565858714668641,0,0,known malicious indicator count=0.0 decreased risk | geo mismatch=0.0 decreased risk | protocol risk score=17.8 decreased risk,auto_close,bda3915925d1ea45
280,2026-08-14T06:47:50.372740+00:00,0.0341936889607012,0,0,known malicious indicator count=0.0 decreased risk | geo mismatch=0.0 decreased risk | src ip reputation score=100.0 decreased risk,auto_close,bda3915925d1ea45
281,2026-08-14T06:47:50.372740+00:00,0.1300959346494497,0,0,known malicious indicator count=0.0 decreased risk | src ip reputation score=25.7 increased risk | geo mismatch=0.0 decreased risk,auto_close,bda3915925d1ea45
282,2026-08-14T06:47:50.372740+00:00,0.0371386040021094,0,0,known malicious indicator count=0.0 decreased risk | geo mismatch=0.0 decreased risk | protocol risk score=19.7 decreased risk,auto_close,bda3915925d1ea45
283,2026-08-14T06:47:50.372740+00:00,0.0457203103723152,0,0,known malicious indicator count=0.0 decreased risk | prior incident count=0.0 decreased risk | unusual time access=1.0 increased risk,auto_close,bda3915925d1ea45
284,2026-08-14T06:47:50.372740+00:00,0.0161997603866308,0,0,known malicious indicator count=0.0 decreased risk | prior incident count=0.0 decreased risk | geo mismatch=0.0 decreased risk,auto_close,bda3915925d1ea45
285,2026-08-14T06:47:50.372740+00:00,0.0410533390972916,0,0,known malicious indicator count=0.0 decreased risk | prior incident count=0.0 decreased risk | geo mismatch=0.0 decreased risk,auto_close,bda3915925d1ea45
286,2026-08-14T06:47:50.372740+00:00,0.8987442451992959,1,0,prior incident count=2.0 increased risk | known malicious indicator count=1.0 increased risk | geo mismatch=0.0 decreased risk,auto_escalate,bda3915925d1ea45
287,2026-08-14T06:47:50.372740+00:00,0.034899553582309,0,0,known malicious indicator count=0.0 decreased risk | prior incident count=0.0 decreased risk | geo mismatch=0.0 decreased risk,auto_close,bda3915925d1ea45
288,2026-08-14T06:47:50.372740+00:00,0.7996122248669484,1,1,known malicious indicator count=3.0 increased risk | geo mismatch=0.0 decreased risk | protocol risk score=18.8 decreased risk,auto_escalate,bda3915925d1ea45
289,2026-08-14T06:47:50.372740+00:00,0.0346967848938399,0,0,known malicious indicator count=0.0 decreased risk | prior incident count=0.0 decreased risk | geo mismatch=0.0 decreased risk,auto_close,bda3915925d1ea45
290,2026-08-14T06:47:50.372740+00:00,0.0331393143183393,0,0,known malicious indicator count=0.0 decreased risk | prior incident count=0.0 decreased risk | geo mismatch=0.0 decreased risk,auto_close,bda3915925d1ea45
291,2026-08-14T06:47:50.372740+00:00,0.4711330684201125,0,1,known malicious indicator count=1.0 increased risk | prior incident count=0.0 decreased risk | data transfer mb=175.7 increased risk,human_review,bda3915925d1ea45
292,2026-08-14T06:47:50.372740+00:00,0.2980054664832887,0,0,prior incident count=0.0 decreased risk | known malicious indicator count=1.0 increased risk | data transfer mb=198.7 increased risk,human_review,bda3915925d1ea45
293,2026-08-14T06:47:50.372740+00:00,0.9170090496610556,1,1,geo mismatch=1.0 increased risk | known malicious indicator count=1.0 increased risk | prior incident count=0.0 decreased risk,auto_escalate,bda3915925d1ea45
294,2026-08-14T06:47:50.372740+00:00,0.0469723380440273,0,0,known malicious indicator count=0.0 decreased risk | geo mismatch=0.0 decreased risk | src ip reputation score=100.0 decreased risk,auto_close,bda3915925d1ea45
295,2026-08-14T06:47:50.372740+00:00,0.0602902868707367,0,0,known malicious indicator count=0.0 decreased risk | prior incident count=0.0 decreased risk | geo mismatch=0.0 decreased risk,auto_close,bda3915925d1ea45
296,2026-08-14T06:47:50.372740+00:00,0.0577815345733459,0,0,known malicious indicator count=0.0 decreased risk | prior incident count=0.0 decreased risk | geo mismatch=0.0 decreased risk,auto_close,bda3915925d1ea45
297,2026-08-14T06:47:50.372740+00:00,0.0968882085941515,0,0,known malicious indicator count=0.0 decreased risk | prior incident count=0.0 decreased risk | src ip reputation score=32.8 increased risk,auto_close,bda3915925d1ea45
298,2026-08-14T06:47:50.372740+00:00,0.1209747779028832,0,0,known malicious indicator count=0.0 decreased risk | prior incident count=0.0 decreased risk | unusual time access=1.0 increased risk,auto_close,bda3915925d1ea45
299,2026-08-14T06:47:50.372740+00:00,0.2854537095181053,0,0,prior incident count=0.0 decreased risk | known malicious indicator count=1.0 increased risk | geo mismatch=0.0 decreased risk,human_review,bda3915925d1ea45
300,2026-08-14T06:47:50.372740+00:00,0.0434381107218735,0,0,known malicious indicator count=0.0 decreased risk | prior incident count=0.0 decreased risk | geo mismatch=0.0 decreased risk,auto_close,bda3915925d1ea45
301,2026-08-14T06:47:50.372740+00:00,0.1709958328762943,0,0,known malicious indicator count=0.0 decreased risk | geo mismatch=0.0 decreased risk | src ip reputation score=36.3 increased risk,human_review,bda3915925d1ea45
302,2026-08-14T06:47:50.372740+00:00,0.6744124386869346,1,0,prior incident count=2.0 increased risk | known malicious indicator count=0.0 decreased risk | unusual time access=1.0 increased risk,human_review,bda3915925d1ea45
303,2026-08-14T06:47:50.372740+00:00,0.0357604219834992,0,0,known malicious indicator count=0.0 decreased risk | prior incident count=0.0 decreased risk | geo mismatch=0.0 decreased risk,auto_close,bda3915925d1ea45
304,2026-08-14T06:47:50.372740+00:00,0.4185256473917935,0,0,known malicious indicator count=0.0 decreased risk | unusual time access=1.0 increased risk | geo mismatch=0.0 decreased risk,human_review,bda3915925d1ea45
305,2026-08-14T06:47:50.372740+00:00,0.0271679975481948,0,0,known malicious indicator count=0.0 decreased risk | prior incident count=0.0 decreased risk | geo mismatch=0.0 decreased risk,auto_close,bda3915925d1ea45
306,2026-08-14T06:47:50.372740+00:00,0.0289810078066658,0,0,known malicious indicator count=0.0 decreased risk | prior incident count=0.0 decreased risk | geo mismatch=0.0 decreased risk,auto_close,bda3915925d1ea45
307,2026-08-14T06:47:50.372740+00:00,0.0940861134311888,0,0,known malicious indicator count=0.0 decreased risk | prior incident count=0.0 decreased risk | geo mismatch=0.0 decreased risk,auto_close,bda3915925d1ea45
308,2026-08-14T06:47:50.372740+00:00,0.0246967691143063,0,0,known malicious indicator count=0.0 decreased risk | prior incident count=0.0 decreased risk | geo mismatch=0.0 decreased risk,auto_close,bda3915925d1ea45
309,2026-08-14T06:47:50.372740+00:00,0.3746518021179218,0,0,prior incident count=2.0 increased risk | known malicious indicator count=0.0 decreased risk | src ip reputation score=96.3 decreased risk,human_review,bda3915925d1ea45
310,2026-08-14T06:47:50.372740+00:00,0.5113049166990338,1,0,prior incident count=2.0 increased risk | known malicious indicator count=0.0 decreased risk | protocol risk score=3.3 decreased risk,human_review,bda3915925d1ea45
311,2026-08-14T06:47:50.372740+00:00,0.0651987118831682,0,0,known malicious indicator count=0.0 decreased risk | geo mismatch=0.0 decreased risk | unusual time access=0.0 decreased risk,auto_close,bda3915925d1ea45
312,2026-08-14T06:47:50.372740+00:00,0.4859653313309179,0,0,known malicious indicator count=1.0 increased risk | prior incident count=0.0 decreased risk | data transfer mb=183.1 increased risk,human_review,bda3915925d1ea45
313,2026-08-14T06:47:50.372740+00:00,0.095330401414342,0,0,known malicious indicator count=0.0 decreased risk | geo mismatch=0.0 decreased risk | protocol risk score=15.5 decreased risk,auto_close,bda3915925d1ea45
314,2026-08-14T06:47:50.372740+00:00,0.0342648524858228,0,0,known malicious indicator count=0.0 decreased risk | prior incident count=0.0 decreased risk | geo mismatch=0.0 decreased risk,auto_close,bda3915925d1ea45
315,2026-08-14T06:47:50.372740+00:00,0.4154167556978833,0,1,geo mismatch=1.0 increased risk | known malicious indicator count=0.0 decreased risk | prior incident count=0.0 decreased risk,human_review,bda3915925d1ea45
316,2026-08-14T06:47:50.372740+00:00,0.2549718120871299,0,0,known malicious indicator count=0.0 decreased risk | days since last patch=54.4 increased risk | geo mismatch=0.0 decreased risk,human_review,bda3915925d1ea45
317,2026-08-14T06:47:50.372740+00:00,0.1027077885669923,0,0,known malicious indicator count=0.0 decreased risk | geo mismatch=0.0 decreased risk | unusual time access=0.0 decreased risk,auto_close,bda3915925d1ea45
318,2026-08-14T06:47:50.372740+00:00,0.0269483724005856,0,0,known malicious indicator count=0.0 decreased risk | prior incident count=0.0 decreased risk | geo mismatch=0.0 decreased risk,auto_close,bda3915925d1ea45
319,2026-08-14T06:47:50.372740+00:00,0.0287809733340376,0,0,known malicious indicator count=0.0 decreased risk | prior incident count=0.0 decreased risk | geo mismatch=0.0 decreased risk,auto_close,bda3915925d1ea45
320,2026-08-14T06:47:50.372740+00:00,0.0959039533756487,0,0,known malicious indicator count=0.0 decreased risk | prior incident count=0.0 decreased risk | src ip reputation score=34.8 increased risk,auto_close,bda3915925d1ea45
321,2026-08-14T06:47:50.372740+00:00,0.8360717023960249,1,1,geo mismatch=1.0 increased risk | known malicious indicator count=0.0 decreased risk | protocol risk score=50.1 increased risk,auto_escalate,bda3915925d1ea45
322,2026-08-14T06:47:50.372740+00:00,0.0290883146871245,0,0,known malicious indicator count=0.0 decreased risk | prior incident count=0.0 decreased risk | geo mismatch=0.0 decreased risk,auto_close,bda3915925d1ea45
323,2026-08-14T06:47:50.372740+00:00,0.0393505833563532,0,0,known malicious indicator count=0.0 decreased risk | prior incident count=0.0 decreased risk | geo mismatch=0.0 decreased risk,auto_close,bda3915925d1ea45
324,2026-08-14T06:47:50.372740+00:00,0.0431051829045804,0,0,known malicious indicator count=0.0 decreased risk | prior incident count=0.0 decreased risk | geo mismatch=0.0 decreased risk,auto_close,bda3915925d1ea45
325,2026-08-14T06:47:50.372740+00:00,0.0385016064869755,0,0,known malicious indicator count=0.0 decreased risk | prior incident count=0.0 decreased risk | geo mismatch=0.0 decreased risk,auto_close,bda3915925d1ea45
326,2026-08-14T06:47:50.372740+00:00,0.4733586250730603,0,0,geo mismatch=1.0 increased risk | known malicious indicator count=0.0 decreased risk | prior incident count=0.0 decreased risk,human_review,bda3915925d1ea45
327,2026-08-14T06:47:50.372740+00:00,0.0758455212751141,0,0,known malicious indicator count=0.0 decreased risk | geo mismatch=0.0 decreased risk | unusual time access=0.0 decreased risk,auto_close,bda3915925d1ea45
328,2026-08-14T06:47:50.372740+00:00,0.091521915451785,0,0,known malicious indicator count=0.0 decreased risk | prior incident count=0.0 decreased risk | src ip reputation score=35.8 increased risk,auto_close,bda3915925d1ea45
329,2026-08-14T06:47:50.372740+00:00,0.1592313301257773,0,0,prior incident count=0.0 decreased risk | known malicious indicator count=1.0 increased risk | protocol risk score=13.2 decreased risk,human_review,bda3915925d1ea45
330,2026-08-14T06:47:50.372740+00:00,0.4392585611873427,0,0,prior incident count=0.0 decreased risk | known malicious indicator count=1.0 increased risk | geo mismatch=0.0 decreased risk,human_review,bda3915925d1ea45
331,2026-08-14T06:47:50.372740+00:00,0.1747299132590394,0,0,known malicious indicator count=0.0 decreased risk | days since last patch=201.1 increased risk | geo mismatch=0.0 decreased risk,human_review,bda3915925d1ea45
332,2026-08-14T06:47:50.372740+00:00,0.8087013707963684,1,1,known malicious indicator count=2.0 increased risk | prior incident count=0.0 decreased risk | unusual time access=1.0 increased risk,auto_escalate,bda3915925d1ea45
333,2026-08-14T06:47:50.372740+00:00,0.0119785057105991,0,0,known malicious indicator count=0.0 decreased risk | prior incident count=0.0 decreased risk | geo mismatch=0.0 decreased risk,auto_close,bda3915925d1ea45
334,2026-08-14T06:47:50.372740+00:00,0.9356913258807842,1,1,geo mismatch=1.0 increased risk | known malicious indicator count=1.0 increased risk | prior incident count=0.0 decreased risk,auto_escalate,bda3915925d1ea45
335,2026-08-14T06:47:50.372740+00:00,0.0267679492004235,0,0,known malicious indicator count=0.0 decreased risk | prior incident count=0.0 decreased risk | geo mismatch=0.0 decreased risk,auto_close,bda3915925d1ea45
336,2026-08-14T06:47:50.372740+00:00,0.8327584785697839,1,1,geo mismatch=1.0 increased risk | prior incident count=2.0 increased risk | known malicious indicator count=1.0 increased risk,auto_escalate,bda3915925d1ea45
337,2026-08-14T06:47:50.372740+00:00,0.0623803753022616,0,0,known malicious indicator count=0.0 decreased risk | prior incident count=0.0 decreased risk | geo mismatch=0.0 decreased risk,auto_close,bda3915925d1ea45
338,2026-08-14T06:47:50.372740+00:00,0.6282037334080322,1,1,known malicious indicator count=2.0 increased risk | prior incident count=0.0 decreased risk | protocol risk score=15.9 decreased risk,human_review,bda3915925d1ea45
339,2026-08-14T06:47:50.372740+00:00,0.062064716601618,0,0,known malicious indicator count=0.0 decreased risk | prior incident count=0.0 decreased risk | geo mismatch=0.0 decreased risk,auto_close,bda3915925d1ea45
340,2026-08-14T06:47:50.372740+00:00,0.9030871463602276,1,1,prior incident count=3.0 increased risk | known malicious indicator count=1.0 increased risk | src ip reputation score=100.0 decreased risk,auto_escalate,bda3915925d1ea45
341,2026-08-14T06:47:50.372740+00:00,0.0770042818643125,0,0,known malicious indicator count=0.0 decreased risk | geo mismatch=0.0 decreased risk | protocol risk score=18.5 decreased risk,auto_close,bda3915925d1ea45
342,2026-08-14T06:47:50.372740+00:00,0.0490536350636074,0,0,known malicious indicator count=0.0 decreased risk | geo mismatch=0.0 decreased risk | src ip reputation score=82.3 decreased risk,auto_close,bda3915925d1ea45
343,2026-08-14T06:47:50.372740+00:00,0.1287259268173636,0,0,known malicious indicator count=0.0 decreased risk | geo mismatch=0.0 decreased risk | src ip reputation score=93.1 decreased risk,auto_close,bda3915925d1ea45
344,2026-08-14T06:47:50.372740+00:00,0.0283203072926782,0,0,known malicious indicator count=0.0 decreased risk | prior incident count=0.0 decreased risk | geo mismatch=0.0 decreased risk,auto_close,bda3915925d1ea45
345,2026-08-14T06:47:50.372740+00:00,0.1020714085082886,0,0,known malicious indicator count=0.0 decreased risk | geo mismatch=0.0 decreased risk | protocol risk score=19.2 decreased risk,auto_close,bda3915925d1ea45
346,2026-08-14T06:47:50.372740+00:00,0.1012014514172054,0,0,known malicious indicator count=0.0 decreased risk | prior incident count=0.0 decreased risk | src ip reputation score=32.7 increased risk,auto_close,bda3915925d1ea45
347,2026-08-14T06:47:50.372740+00:00,0.7107713632431495,1,0,geo mismatch=1.0 increased risk | known malicious indicator count=0.0 decreased risk | prior incident count=0.0 decreased risk,human_review,bda3915925d1ea45
348,2026-08-14T06:47:50.372740+00:00,0.0944966794963491,0,0,known malicious indicator count=0.0 decreased risk | geo mismatch=0.0 decreased risk | unusual time access=0.0 decreased risk,auto_close,bda3915925d1ea45
349,2026-08-14T06:47:50.372740+00:00,0.0173967832578229,0,0,known malicious indicator count=0.0 decreased risk | prior incident count=0.0 decreased risk | geo mismatch=0.0 decreased risk,auto_close,bda3915925d1ea45
350,2026-08-14T06:47:50.372740+00:00,0.6167339076880984,1,1,geo mismatch=1.0 increased risk | known malicious indicator count=0.0 decreased risk | prior incident count=0.0 decreased risk,human_review,bda3915925d1ea45
351,2026-08-14T06:47:50.372740+00:00,0.5639806644446306,1,0,unusual time access=1.0 increased risk | known malicious indicator count=0.0 decreased risk | data transfer mb=179.2 increased risk,human_review,bda3915925d1ea45
352,2026-08-14T06:47:50.372740+00:00,0.0394330977111889,0,0,known malicious indicator count=0.0 decreased risk | geo mismatch=0.0 decreased risk | protocol risk score=14.1 decreased risk,auto_close,bda3915925d1ea45
353,2026-08-14T06:47:50.372740+00:00,0.7885220480493976,1,1,geo mismatch=1.0 increased risk | known malicious indicator count=0.0 decreased risk | days since last patch=55.3 increased risk,auto_escalate,bda3915925d1ea45
354,2026-08-14T06:47:50.372740+00:00,0.0329194324070656,0,0,known malicious indicator count=0.0 decreased risk | prior incident count=0.0 decreased risk | unusual time access=1.0 increased risk,auto_close,bda3915925d1ea45
355,2026-08-14T06:47:50.372740+00:00,0.051713095557426,0,0,known malicious indicator count=0.0 decreased risk | prior incident count=0.0 decreased risk | geo mismatch=0.0 decreased risk,auto_close,bda3915925d1ea45
356,2026-08-14T06:47:50.372740+00:00,0.0342235977973938,0,0,known malicious indicator count=0.0 decreased risk | prior incident count=0.0 decreased risk | geo mismatch=0.0 decreased risk,auto_close,bda3915925d1ea45
357,2026-08-14T06:47:50.372740+00:00,0.0233064008243094,0,0,known malicious indicator count=0.0 decreased risk | prior incident count=0.0 decreased risk | geo mismatch=0.0 decreased risk,auto_close,bda3915925d1ea45
358,2026-08-14T06:47:50.372740+00:00,0.0562508688794087,0,0,known malicious indicator count=0.0 decreased risk | geo mismatch=0.0 decreased risk | protocol risk score=0.0 decreased risk,auto_close,bda3915925d1ea45
359,2026-08-14T06:47:50.372740+00:00,0.026211606573617,0,0,known malicious indicator count=0.0 decreased risk | prior incident count=0.0 decreased risk | geo mismatch=0.0 decreased risk,auto_close,bda3915925d1ea45
360,2026-08-14T06:47:50.372740+00:00,0.0285332501499417,0,0,known malicious indicator count=0.0 decreased risk | prior incident count=0.0 decreased risk | geo mismatch=0.0 decreased risk,auto_close,bda3915925d1ea45
361,2026-08-14T06:47:50.372740+00:00,0.0141062870683292,0,0,known malicious indicator count=0.0 decreased risk | prior incident count=0.0 decreased risk | geo mismatch=0.0 decreased risk,auto_close,bda3915925d1ea45
362,2026-08-14T06:47:50.372740+00:00,0.0549328233921692,0,0,known malicious indicator count=0.0 decreased risk | prior incident count=0.0 decreased risk | geo mismatch=0.0 decreased risk,auto_close,bda3915925d1ea45
363,2026-08-14T06:47:50.372740+00:00,0.2122152876468599,0,0,known malicious indicator count=0.0 decreased risk | prior incident count=0.0 decreased risk | unusual time access=1.0 increased risk,human_review,bda3915925d1ea45
364,2026-08-14T06:47:50.372740+00:00,0.31299867364841,0,0,known malicious indicator count=0.0 decreased risk | unusual time access=1.0 increased risk | geo mismatch=0.0 decreased risk,human_review,bda3915925d1ea45
365,2026-08-14T06:47:50.372740+00:00,0.6256817773549854,1,0,geo mismatch=1.0 increased risk | known malicious indicator count=0.0 decreased risk | src ip reputation score=91.8 decreased risk,human_review,bda3915925d1ea45
366,2026-08-14T06:47:50.372740+00:00,0.1472463496039439,0,0,known malicious indicator count=0.0 decreased risk | geo mismatch=0.0 decreased risk | unusual time access=0.0 decreased risk,auto_close,bda3915925d1ea45
367,2026-08-14T06:47:50.372740+00:00,0.0177142696792074,0,0,known malicious indicator count=0.0 decreased risk | prior incident count=0.0 decreased risk | geo mismatch=0.0 decreased risk,auto_close,bda3915925d1ea45
368,2026-08-14T06:47:50.372740+00:00,0.5603752984619369,1,1,prior incident count=2.0 increased risk | known malicious indicator count=0.0 decreased risk | unusual time access=1.0 increased risk,human_review,bda3915925d1ea45
369,2026-08-14T06:47:50.372740+00:00,0.0427415000047392,0,0,known malicious indicator count=0.0 decreased risk | prior incident count=0.0 decreased risk | geo mismatch=0.0 decreased risk,auto_close,bda3915925d1ea45
370,2026-08-14T06:47:50.372740+00:00,0.6577377370033115,1,0,prior incident count=2.0 increased risk | known malicious indicator count=0.0 decreased risk | unusual time access=1.0 increased risk,human_review,bda3915925d1ea45
371,2026-08-14T06:47:50.372740+00:00,0.2573044928522807,0,0,prior incident count=0.0 decreased risk | known malicious indicator count=1.0 increased risk | protocol risk score=0.0 decreased risk,human_review,bda3915925d1ea45
372,2026-08-14T06:47:50.372740+00:00,0.1188627585737061,0,0,known malicious indicator count=0.0 decreased risk | protocol risk score=59.6 increased risk | src ip reputation score=89.7 decreased risk,auto_close,bda3915925d1ea45
373,2026-08-14T06:47:50.372740+00:00,0.0844008808138344,0,0,known malicious indicator count=0.0 decreased risk | prior incident count=0.0 decreased risk | geo mismatch=0.0 decreased risk,auto_close,bda3915925d1ea45
374,2026-08-14T06:47:50.372740+00:00,0.717774531010864,1,1,prior incident count=2.0 increased risk | geo mismatch=1.0 increased risk | known malicious indicator count=0.0 decreased risk,human_review,bda3915925d1ea45
375,2026-08-14T06:47:50.372740+00:00,0.1471937486337564,0,0,known malicious indicator count=0.0 decreased risk | prior incident count=0.0 decreased risk | unusual time access=1.0 increased risk,auto_close,bda3915925d1ea45
376,2026-08-14T06:47:50.372740+00:00,0.0525968272784623,0,0,known malicious indicator count=0.0 decreased risk | prior incident count=0.0 decreased risk | geo mismatch=0.0 decreased risk,auto_close,bda3915925d1ea45
377,2026-08-14T06:47:50.372740+00:00,0.8232563626665302,1,1,known malicious indicator count=2.0 increased risk | prior incident count=0.0 decreased risk | geo mismatch=0.0 decreased risk,auto_escalate,bda3915925d1ea45
378,2026-08-14T06:47:50.372740+00:00,0.0209512793446979,0,0,known malicious indicator count=0.0 decreased risk | prior incident count=0.0 decreased risk | geo mismatch=0.0 decreased risk,auto_close,bda3915925d1ea45
379,2026-08-14T06:47:50.372740+00:00,0.0260774817243399,0,0,known malicious indicator count=0.0 decreased risk | prior incident count=0.0 decreased risk | geo mismatch=0.0 decreased risk,auto_close,bda3915925d1ea45
380,2026-08-14T06:47:50.372740+00:00,0.0678264493762999,0,0,known malicious indicator count=0.0 decreased risk | prior incident count=0.0 decreased risk | geo mismatch=0.0 decreased risk,auto_close,bda3915925d1ea45
381,2026-08-14T06:47:50.372740+00:00,0.6045282302134991,1,0,known malicious indicator count=1.0 increased risk | src ip reputation score=100.0 decreased risk | prior incident count=1.0 increased risk,human_review,bda3915925d1ea45
382,2026-08-14T06:47:50.372740+00:00,0.110889989297224,0,0,known malicious indicator count=0.0 decreased risk | prior incident count=0.0 decreased risk | geo mismatch=0.0 decreased risk,auto_close,bda3915925d1ea45
383,2026-08-14T06:47:50.372740+00:00,0.0264426612688303,0,0,known malicious indicator count=0.0 decreased risk | prior incident count=0.0 decreased risk | geo mismatch=0.0 decreased risk,auto_close,bda3915925d1ea45
384,2026-08-14T06:47:50.372740+00:00,0.0737734760806187,0,0,known malicious indicator count=0.0 decreased risk | prior incident count=0.0 decreased risk | geo mismatch=0.0 decreased risk,auto_close,bda3915925d1ea45
385,2026-08-14T06:47:50.372740+00:00,0.3473752045758912,0,0,geo mismatch=1.0 increased risk | known malicious indicator count=0.0 decreased risk | prior incident count=0.0 decreased risk,human_review,bda3915925d1ea45
386,2026-08-14T06:47:50.372740+00:00,0.0288666647463332,0,0,known malicious indicator count=0.0 decreased risk | prior incident count=0.0 decreased risk | geo mismatch=0.0 decreased risk,auto_close,bda3915925d1ea45
387,2026-08-14T06:47:50.372740+00:00,0.6306280837960854,1,0,geo mismatch=1.0 increased risk | known malicious indicator count=0.0 decreased risk | prior incident count=0.0 decreased risk,human_review,bda3915925d1ea45
388,2026-08-14T06:47:50.372740+00:00,0.6974750259926911,1,0,geo mismatch=1.0 increased risk | known malicious indicator count=0.0 decreased risk | prior incident count=0.0 decreased risk,human_review,bda3915925d1ea45
389,2026-08-14T06:47:50.372740+00:00,0.3126341145495775,0,0,prior incident count=0.0 decreased risk | known malicious indicator count=1.0 increased risk | days since last patch=54.1 increased risk,human_review,bda3915925d1ea45
390,2026-08-14T06:47:50.372740+00:00,0.0238534839699812,0,0,known malicious indicator count=0.0 decreased risk | prior incident count=0.0 decreased risk | geo mismatch=0.0 decreased risk,auto_close,bda3915925d1ea45
391,2026-08-14T06:47:50.372740+00:00,0.0809754945275331,0,0,known malicious indicator count=0.0 decreased risk | geo mismatch=0.0 decreased risk | protocol risk score=13.6 decreased risk,auto_close,bda3915925d1ea45
392,2026-08-14T06:47:50.372740+00:00,0.0509424245920409,0,0,known malicious indicator count=0.0 decreased risk | geo mismatch=0.0 decreased risk | src ip reputation score=95.3 decreased risk,auto_close,bda3915925d1ea45
393,2026-08-14T06:47:50.372740+00:00,0.382699666903408,0,0,prior incident count=0.0 decreased risk | known malicious indicator count=1.0 increased risk | protocol risk score=66.0 increased risk,human_review,bda3915925d1ea45
394,2026-08-14T06:47:50.372740+00:00,0.0317828550370427,0,0,known malicious indicator count=0.0 decreased risk | prior incident count=0.0 decreased risk | geo mismatch=0.0 decreased risk,auto_close,bda3915925d1ea45
395,2026-08-14T06:47:50.372740+00:00,0.1816493377091718,0,0,prior incident count=0.0 decreased risk | known malicious indicator count=1.0 increased risk | src ip reputation score=99.3 decreased risk,human_review,bda3915925d1ea45
396,2026-08-14T06:47:50.372740+00:00,0.0391077119646198,0,0,known malicious indicator count=0.0 decreased risk | prior incident count=0.0 decreased risk | geo mismatch=0.0 decreased risk,auto_close,bda3915925d1ea45
397,2026-08-14T06:47:50.372740+00:00,0.1073256525118367,0,0,known malicious indicator count=0.0 decreased risk | prior incident count=0.0 decreased risk | src ip reputation score=25.2 increased risk,auto_close,bda3915925d1ea45
398,2026-08-14T06:47:50.372740+00:00,0.1073091362907298,0,0,known malicious indicator count=0.0 decreased risk | prior incident count=0.0 decreased risk | geo mismatch=0.0 decreased risk,auto_close,bda3915925d1ea45
399,2026-08-14T06:47:50.372740+00:00,0.0364696494619127,0,0,known malicious indicator count=0.0 decreased risk | prior incident count=0.0 decreased risk | geo mismatch=0.0 decreased risk,auto_close,bda3915925d1ea45
400,2026-08-14T06:47:50.372740+00:00,0.0716985512355597,0,0,known malicious indicator count=0.0 decreased risk | prior incident count=0.0 decreased risk | days since last patch=112.3 increased risk,auto_close,bda3915925d1ea45
401,2026-08-14T06:47:50.372740+00:00,0.0938409387665944,0,0,known malicious indicator count=0.0 decreased risk | prior incident count=0.0 decreased risk | unusual time access=1.0 increased risk,auto_close,bda3915925d1ea45
402,2026-08-14T06:47:50.372740+00:00,0.0286959916653867,0,0,known malicious indicator count=0.0 decreased risk | prior incident count=0.0 decreased risk | geo mismatch=0.0 decreased risk,auto_close,bda3915925d1ea45
403,2026-08-14T06:47:50.372740+00:00,0.1814221790385415,0,0,known malicious indicator count=0.0 decreased risk | data transfer mb=173.6 increased risk | geo mismatch=0.0 decreased risk,human_review,bda3915925d1ea45
404,2026-08-14T06:47:50.372740+00:00,0.1058847194430406,0,0,known malicious indicator count=0.0 decreased risk | prior incident count=0.0 decreased risk | days since last patch=72.1 increased risk,auto_close,bda3915925d1ea45
405,2026-08-14T06:47:50.372740+00:00,0.8249469973975073,1,1,prior incident count=3.0 increased risk | known malicious indicator count=0.0 decreased risk | src ip reputation score=45.8 increased risk,auto_escalate,bda3915925d1ea45
406,2026-08-14T06:47:50.372740+00:00,0.1278708782557089,0,0,prior incident count=0.0 decreased risk | known malicious indicator count=1.0 increased risk | protocol risk score=13.2 decreased risk,auto_close,bda3915925d1ea45
407,2026-08-14T06:47:50.372740+00:00,0.3897974389367289,0,0,known malicious indicator count=0.0 decreased risk | unusual time access=1.0 increased risk | geo mismatch=0.0 decreased risk,human_review,bda3915925d1ea45
408,2026-08-14T06:47:50.372740+00:00,0.6428232926089805,1,0,geo mismatch=1.0 increased risk | known malicious indicator count=0.0 decreased risk | protocol risk score=14.3 decreased risk,human_review,bda3915925d1ea45
409,2026-08-14T06:47:50.372740+00:00,0.6629837894517385,1,1,known malicious indicator count=2.0 increased risk | prior incident count=0.0 decreased risk | protocol risk score=6.9 decreased risk,human_review,bda3915925d1ea45
410,2026-08-14T06:47:50.372740+00:00,0.7396183115841101,1,1,prior incident count=2.0 increased risk | known malicious indicator count=0.0 decreased risk | days since last patch=69.8 increased risk,human_review,bda3915925d1ea45
411,2026-08-14T06:47:50.372740+00:00,0.0339833325819962,0,0,known malicious indicator count=0.0 decreased risk | geo mismatch=0.0 decreased risk | protocol risk score=0.0 decreased risk,auto_close,bda3915925d1ea45
412,2026-08-14T06:47:50.372740+00:00,0.068342193003936,0,0,known malicious indicator count=0.0 decreased risk | prior incident count=0.0 decreased risk | geo mismatch=0.0 decreased risk,auto_close,bda3915925d1ea45
413,2026-08-14T06:47:50.372740+00:00,0.0145021356438357,0,0,known malicious indicator count=0.0 decreased risk | prior incident count=0.0 decreased risk | geo mismatch=0.0 decreased risk,auto_close,bda3915925d1ea45
414,2026-08-14T06:47:50.372740+00:00,0.1004231253986813,0,0,known malicious indicator count=0.0 decreased risk | geo mismatch=0.0 decreased risk | unusual time access=0.0 decreased risk,auto_close,bda3915925d1ea45
415,2026-08-14T06:47:50.372740+00:00,0.0309339449462388,0,0,known malicious indicator count=0.0 decreased risk | prior incident count=0.0 decreased risk | geo mismatch=0.0 decreased risk,auto_close,bda3915925d1ea45
416,2026-08-14T06:47:50.372740+00:00,0.0771658602369343,0,0,known malicious indicator count=0.0 decreased risk | geo mismatch=0.0 decreased risk | src ip reputation score=86.3 decreased risk,auto_close,bda3915925d1ea45
417,2026-08-14T06:47:50.372740+00:00,0.0479180958921914,0,0,known malicious indicator count=0.0 decreased risk | prior incident count=0.0 decreased risk | unusual time access=1.0 increased risk,auto_close,bda3915925d1ea45
418,2026-08-14T06:47:50.372740+00:00,0.6598126545247304,1,0,known malicious indicator count=1.0 increased risk | prior incident count=1.0 increased risk | geo mismatch=0.0 decreased risk,human_review,bda3915925d1ea45
419,2026-08-14T06:47:50.372740+00:00,0.0593898016279469,0,0,known malicious indicator count=0.0 decreased risk | prior incident count=0.0 decreased risk | geo mismatch=0.0 decreased risk,auto_close,bda3915925d1ea45
420,2026-08-14T06:47:50.372740+00:00,0.2160108331204679,0,0,known malicious indicator count=0.0 decreased risk | prior incident count=0.0 decreased risk | unusual time access=1.0 increased risk,human_review,bda3915925d1ea45
421,2026-08-14T06:47:50.372740+00:00,0.0548607763534235,0,0,known malicious indicator count=0.0 decreased risk | prior incident count=0.0 decreased risk | days since last patch=109.0 increased risk,auto_close,bda3915925d1ea45
422,2026-08-14T06:47:50.372740+00:00,0.0458346338482341,0,0,known malicious indicator count=0.0 decreased risk | prior incident count=0.0 decreased risk | geo mismatch=0.0 decreased risk,auto_close,bda3915925d1ea45
423,2026-08-14T06:47:50.372740+00:00,0.9040595178576158,1,1,prior incident count=3.0 increased risk | known malicious indicator count=1.0 increased risk | src ip reputation score=94.4 decreased risk,auto_escalate,bda3915925d1ea45
424,2026-08-14T06:47:50.372740+00:00,0.0227216483764244,0,0,known malicious indicator count=0.0 decreased risk | prior incident count=0.0 decreased risk | geo mismatch=0.0 decreased risk,auto_close,bda3915925d1ea45
425,2026-08-14T06:47:50.372740+00:00,0.767592191333483,1,1,geo mismatch=1.0 increased risk | prior incident count=2.0 increased risk | known malicious indicator count=0.0 decreased risk,auto_escalate,bda3915925d1ea45
426,2026-08-14T06:47:50.372740+00:00,0.3037733010711171,0,0,geo mismatch=1.0 increased risk | known malicious indicator count=0.0 decreased risk | prior incident count=0.0 decreased risk,human_review,bda3915925d1ea45
427,2026-08-14T06:47:50.372740+00:00,0.0537130299302892,0,0,known malicious indicator count=0.0 decreased risk | prior incident count=0.0 decreased risk | geo mismatch=0.0 decreased risk,auto_close,bda3915925d1ea45
428,2026-08-14T06:47:50.372740+00:00,0.1765560514006304,0,0,known malicious indicator count=0.0 decreased risk | days since last patch=56.2 increased risk | geo mismatch=0.0 decreased risk,human_review,bda3915925d1ea45
429,2026-08-14T06:47:50.372740+00:00,0.0279060700177411,0,0,known malicious indicator count=0.0 decreased risk | prior incident count=0.0 decreased risk | geo mismatch=0.0 decreased risk,auto_close,bda3915925d1ea45
430,2026-08-14T06:47:50.372740+00:00,0.1534811034275155,0,0,known malicious indicator count=0.0 decreased risk | geo mismatch=0.0 decreased risk | src ip reputation score=41.5 increased risk,human_review,bda3915925d1ea45
431,2026-08-14T06:47:50.372740+00:00,0.0401159480838644,0,0,known malicious indicator count=0.0 decreased risk | prior incident count=0.0 decreased risk | geo mismatch=0.0 decreased risk,auto_close,bda3915925d1ea45
432,2026-08-14T06:47:50.372740+00:00,0.0127842265285271,0,0,known malicious indicator count=0.0 decreased risk | prior incident count=0.0 decreased risk | geo mismatch=0.0 decreased risk,auto_close,bda3915925d1ea45
433,2026-08-14T06:47:50.372740+00:00,0.0180266438342656,0,0,known malicious indicator count=0.0 decreased risk | prior incident count=0.0 decreased risk | geo mismatch=0.0 decreased risk,auto_close,bda3915925d1ea45
434,2026-08-14T06:47:50.372740+00:00,0.107205921443743,0,0,known malicious indicator count=0.0 decreased risk | prior incident count=0.0 decreased risk | days since last patch=69.7 increased risk,auto_close,bda3915925d1ea45
435,2026-08-14T06:47:50.372740+00:00,0.2705345166461103,0,0,known malicious indicator count=0.0 decreased risk | prior incident count=0.0 decreased risk | data transfer mb=177.2 increased risk,human_review,bda3915925d1ea45
436,2026-08-14T06:47:50.372740+00:00,0.2721373798453332,0,0,prior incident count=0.0 decreased risk | known malicious indicator count=1.0 increased risk | geo mismatch=0.0 decreased risk,human_review,bda3915925d1ea45
437,2026-08-14T06:47:50.372740+00:00,0.9413237247263734,1,1,known malicious indicator count=2.0 increased risk | prior incident count=2.0 increased risk | src ip reputation score=100.0 decreased risk,auto_escalate,bda3915925d1ea45
438,2026-08-14T06:47:50.372740+00:00,0.5953078402824002,1,0,prior incident count=3.0 increased risk | known malicious indicator count=0.0 decreased risk | src ip reputation score=93.9 decreased risk,human_review,bda3915925d1ea45
439,2026-08-14T06:47:50.372740+00:00,0.0307840554661976,0,0,known malicious indicator count=0.0 decreased risk | prior incident count=0.0 decreased risk | geo mismatch=0.0 decreased risk,auto_close,bda3915925d1ea45
440,2026-08-14T06:47:50.372740+00:00,0.103562279363502,0,0,known malicious indicator count=0.0 decreased risk | geo mismatch=0.0 decreased risk | unusual time access=0.0 decreased risk,auto_close,bda3915925d1ea45
441,2026-08-14T06:47:50.372740+00:00,0.0298386950728219,0,0,known malicious indicator count=0.0 decreased risk | prior incident count=0.0 decreased risk | geo mismatch=0.0 decreased risk,auto_close,bda3915925d1ea45
442,2026-08-14T06:47:50.372740+00:00,0.7388923558338005,1,0,known malicious indicator count=1.0 increased risk | src ip reputation score=32.5 increased risk | prior incident count=1.0 increased risk,human_review,bda3915925d1ea45
443,2026-08-14T06:47:50.372740+00:00,0.062169695885198,0,0,known malicious indicator count=0.0 decreased risk | prior incident count=0.0 decreased risk | geo mismatch=0.0 decreased risk,auto_close,bda3915925d1ea45
444,2026-08-14T06:47:50.372740+00:00,0.3286477973971605,0,1,known malicious indicator count=0.0 decreased risk | days since last patch=52.2 increased risk | src ip reputation score=100.0 decreased risk,human_review,bda3915925d1ea45
445,2026-08-14T06:47:50.372740+00:00,0.2076347545838277,0,0,known malicious indicator count=0.0 decreased risk | geo mismatch=0.0 decreased risk | login attempts last hour=6.0 increased risk,human_review,bda3915925d1ea45
446,2026-08-14T06:47:50.372740+00:00,0.0526680899661777,0,0,known malicious indicator count=0.0 decreased risk | geo mismatch=0.0 decreased risk | unusual time access=0.0 decreased risk,auto_close,bda3915925d1ea45
447,2026-08-14T06:47:50.372740+00:00,0.0492536974554901,0,0,known malicious indicator count=0.0 decreased risk | geo mismatch=0.0 decreased risk | src ip reputation score=94.7 decreased risk,auto_close,bda3915925d1ea45
448,2026-08-14T06:47:50.372740+00:00,0.8275159341226737,1,1,known malicious indicator count=3.0 increased risk | protocol risk score=14.9 decreased risk | prior incident count=1.0 increased risk,auto_escalate,bda3915925d1ea45
449,2026-08-14T06:47:50.372740+00:00,0.1034262097190776,0,0,known malicious indicator count=0.0 decreased risk | geo mismatch=0.0 decreased risk | unusual time access=0.0 decreased risk,auto_close,bda3915925d1ea45
450,2026-08-14T06:47:50.372740+00:00,0.6404733474301603,1,0,prior incident count=3.0 increased risk | known malicious indicator count=0.0 decreased risk | geo mismatch=0.0 decreased risk,human_review,bda3915925d1ea45
451,2026-08-14T06:47:50.372740+00:00,0.135177319339825,0,0,known malicious indicator count=0.0 decreased risk | geo mismatch=0.0 decreased risk | unusual time access=0.0 decreased risk,auto_close,bda3915925d1ea45
452,2026-08-14T06:47:50.372740+00:00,0.5930419645046405,1,0,prior incident count=2.0 increased risk | known malicious indicator count=0.0 decreased risk | src ip reputation score=38.0 increased risk,human_review,bda3915925d1ea45
453,2026-08-14T06:47:50.372740+00:00,0.6963115729346611,1,1,geo mismatch=1.0 increased risk | known malicious indicator count=0.0 decreased risk | src ip reputation score=82.6 decreased risk,human_review,bda3915925d1ea45
454,2026-08-14T06:47:50.372740+00:00,0.1782464940685177,0,0,prior incident count=0.0 decreased risk | known malicious indicator count=1.0 increased risk | geo mismatch=0.0 decreased risk,human_review,bda3915925d1ea45
455,2026-08-14T06:47:50.372740+00:00,0.0500095845001888,0,0,known malicious indicator count=0.0 decreased risk | geo mismatch=0.0 decreased risk | unusual time access=0.0 decreased risk,auto_close,bda3915925d1ea45
456,2026-08-14T06:47:50.372740+00:00,0.4173356769168959,0,1,prior incident count=0.0 decreased risk | known malicious indicator count=1.0 increased risk | days since last patch=80.6 increased risk,human_review,bda3915925d1ea45
457,2026-08-14T06:47:50.372740+00:00,0.1156979089982681,0,0,known malicious indicator count=0.0 decreased risk | geo mismatch=0.0 decreased risk | unusual time access=0.0 decreased risk,auto_close,bda3915925d1ea45
458,2026-08-14T06:47:50.372740+00:00,0.0914210668530408,0,0,known malicious indicator count=0.0 decreased risk | geo mismatch=0.0 decreased risk | protocol risk score=7.6 decreased risk,auto_close,bda3915925d1ea45
459,2026-08-14T06:47:50.372740+00:00,0.0728689848779231,0,0,known malicious indicator count=0.0 decreased risk | geo mismatch=0.0 decreased risk | unusual time access=0.0 decreased risk,auto_close,bda3915925d1ea45
460,2026-08-14T06:47:50.372740+00:00,0.1278325619901965,0,0,known malicious indicator count=0.0 decreased risk | prior incident count=0.0 decreased risk | unusual time access=1.0 increased risk,auto_close,bda3915925d1ea45
461,2026-08-14T06:47:50.372740+00:00,0.0298007530262127,0,0,known malicious indicator count=0.0 decreased risk | prior incident count=0.0 decreased risk | geo mismatch=0.0 decreased risk,auto_close,bda3915925d1ea45
462,2026-08-14T06:47:50.372740+00:00,0.0459519115677183,0,0,known malicious indicator count=0.0 decreased risk | prior incident count=0.0 decreased risk | geo mismatch=0.0 decreased risk,auto_close,bda3915925d1ea45
463,2026-08-14T06:47:50.372740+00:00,0.0214910822925923,0,0,known malicious indicator count=0.0 decreased risk | prior incident count=0.0 decreased risk | geo mismatch=0.0 decreased risk,auto_close,bda3915925d1ea45
464,2026-08-14T06:47:50.372740+00:00,0.0190291520276835,0,0,known malicious indicator count=0.0 decreased risk | prior incident count=0.0 decreased risk | geo mismatch=0.0 decreased risk,auto_close,bda3915925d1ea45
465,2026-08-14T06:47:50.372740+00:00,0.0331465728126716,0,0,known malicious indicator count=0.0 decreased risk | prior incident count=0.0 decreased risk | geo mismatch=0.0 decreased risk,auto_close,bda3915925d1ea45
466,2026-08-14T06:47:50.372740+00:00,0.1762672466438501,0,0,prior incident count=0.0 decreased risk | known malicious indicator count=1.0 increased risk | geo mismatch=0.0 decreased risk,human_review,bda3915925d1ea45
467,2026-08-14T06:47:50.372740+00:00,0.6653290638945566,1,0,known malicious indicator count=1.0 increased risk | prior incident count=0.0 decreased risk | unusual time access=1.0 increased risk,human_review,bda3915925d1ea45
468,2026-08-14T06:47:50.372740+00:00,0.8424390786776884,1,1,known malicious indicator count=2.0 increased risk | prior incident count=0.0 decreased risk | unusual time access=1.0 increased risk,auto_escalate,bda3915925d1ea45
469,2026-08-14T06:47:50.372740+00:00,0.2768337937720025,0,0,known malicious indicator count=0.0 decreased risk | prior incident count=0.0 decreased risk | data transfer mb=206.4 increased risk,human_review,bda3915925d1ea45
470,2026-08-14T06:47:50.372740+00:00,0.8495965501954026,1,1,prior incident count=3.0 increased risk | known malicious indicator count=0.0 decreased risk | geo mismatch=0.0 decreased risk,auto_escalate,bda3915925d1ea45
471,2026-08-14T06:47:50.372740+00:00,0.7047515288822388,1,0,geo mismatch=1.0 increased risk | known malicious indicator count=0.0 decreased risk | prior incident count=0.0 decreased risk,human_review,bda3915925d1ea45
472,2026-08-14T06:47:50.372740+00:00,0.0625966542424145,0,0,known malicious indicator count=0.0 decreased risk | geo mismatch=0.0 decreased risk | src ip reputation score=93.8 decreased risk,auto_close,bda3915925d1ea45
473,2026-08-14T06:47:50.372740+00:00,0.3577496358818635,0,0,geo mismatch=1.0 increased risk | known malicious indicator count=0.0 decreased risk | prior incident count=0.0 decreased risk,human_review,bda3915925d1ea45
474,2026-08-14T06:47:50.372740+00:00,0.2059681702772182,0,0,prior incident count=0.0 decreased risk | known malicious indicator count=1.0 increased risk | src ip reputation score=95.6 decreased risk,human_review,bda3915925d1ea45
475,2026-08-14T06:47:50.372740+00:00,0.0421237739375976,0,0,known malicious indicator count=0.0 decreased risk | prior incident count=0.0 decreased risk | geo mismatch=0.0 decreased risk,auto_close,bda3915925d1ea45
476,2026-08-14T06:47:50.372740+00:00,0.0991376662788409,0,0,known malicious indicator count=0.0 decreased risk | geo mismatch=0.0 decreased risk | src ip reputation score=81.7 decreased risk,auto_close,bda3915925d1ea45
477,2026-08-14T06:47:50.372740+00:00,0.051679900717341,0,0,known malicious indicator count=0.0 decreased risk | geo mismatch=0.0 decreased risk | protocol risk score=10.4 decreased risk,auto_close,bda3915925d1ea45
478,2026-08-14T06:47:50.372740+00:00,0.7294370238877613,1,1,prior incident count=2.0 increased risk | known malicious indicator count=0.0 decreased risk | unusual time access=1.0 increased risk,human_review,bda3915925d1ea45
479,2026-08-14T06:47:50.372740+00:00,0.6593027755179698,1,1,prior incident count=2.0 increased risk | known malicious indicator count=0.0 decreased risk | unusual time access=1.0 increased risk,human_review,bda3915925d1ea45
480,2026-08-14T06:47:50.372740+00:00,0.1423586225481051,0,0,known malicious indicator count=0.0 decreased risk | prior incident count=0.0 decreased risk | unusual time access=1.0 increased risk,auto_close,bda3915925d1ea45
481,2026-08-14T06:47:50.372740+00:00,0.0346245937608393,0,0,known malicious indicator count=0.0 decreased risk | prior incident count=0.0 decreased risk | geo mismatch=0.0 decreased risk,auto_close,bda3915925d1ea45
482,2026-08-14T06:47:50.372740+00:00,0.4923318240271992,0,0,geo mismatch=1.0 increased risk | known malicious indicator count=0.0 decreased risk | src ip reputation score=89.5 decreased risk,human_review,bda3915925d1ea45
483,2026-08-14T06:47:50.372740+00:00,0.2670902575449854,0,0,prior incident count=2.0 increased risk | known malicious indicator count=0.0 decreased risk | protocol risk score=2.9 decreased risk,human_review,bda3915925d1ea45
484,2026-08-14T06:47:50.372740+00:00,0.0326245316420889,0,0,known malicious indicator count=0.0 decreased risk | prior incident count=0.0 decreased risk | geo mismatch=0.0 decreased risk,auto_close,bda3915925d1ea45
485,2026-08-14T06:47:50.372740+00:00,0.930867950084773,1,1,known malicious indicator count=2.0 increased risk | prior incident count=2.0 increased risk | src ip reputation score=40.3 increased risk,auto_escalate,bda3915925d1ea45
486,2026-08-14T06:47:50.372740+00:00,0.0456888838751978,0,0,known malicious indicator count=0.0 decreased risk | geo mismatch=0.0 decreased risk | src ip reputation score=88.4 decreased risk,auto_close,bda3915925d1ea45
487,2026-08-14T06:47:50.372740+00:00,0.3508707884863661,0,0,known malicious indicator count=0.0 decreased risk | unusual time access=1.0 increased risk | geo mismatch=0.0 decreased risk,human_review,bda3915925d1ea45
488,2026-08-14T06:47:50.372740+00:00,0.0358422111344995,0,0,known malicious indicator count=0.0 decreased risk | geo mismatch=0.0 decreased risk | protocol risk score=10.2 decreased risk,auto_close,bda3915925d1ea45
489,2026-08-14T06:47:50.372740+00:00,0.586640845429269,1,1,prior incident count=3.0 increased risk | known malicious indicator count=0.0 decreased risk | src ip reputation score=84.2 decreased risk,human_review,bda3915925d1ea45
490,2026-08-14T06:47:50.372740+00:00,0.8663814701117283,1,1,known malicious indicator count=1.0 increased risk | unusual time access=1.0 increased risk | prior incident count=1.0 increased risk,auto_escalate,bda3915925d1ea45
491,2026-08-14T06:47:50.372740+00:00,0.0802314085873327,0,0,known malicious indicator count=0.0 decreased risk | geo mismatch=0.0 decreased risk | unusual time access=0.0 decreased risk,auto_close,bda3915925d1ea45
492,2026-08-14T06:47:50.372740+00:00,0.0487858095620461,0,0,known malicious indicator count=0.0 decreased risk | prior incident count=0.0 decreased risk | geo mismatch=0.0 decreased risk,auto_close,bda3915925d1ea45
493,2026-08-14T06:47:50.372740+00:00,0.0238766615734164,0,0,known malicious indicator count=0.0 decreased risk | prior incident count=0.0 decreased risk | geo mismatch=0.0 decreased risk,auto_close,bda3915925d1ea45
494,2026-08-14T06:47:50.372740+00:00,0.1923047965023224,0,0,prior incident count=0.0 decreased risk | known malicious indicator count=1.0 increased risk | geo mismatch=0.0 decreased risk,human_review,bda3915925d1ea45
495,2026-08-14T06:47:50.372740+00:00,0.2018470221658864,0,0,known malicious indicator count=0.0 decreased risk | geo mismatch=0.0 decreased risk | src ip reputation score=40.7 increased risk,human_review,bda3915925d1ea45
496,2026-08-14T06:47:50.372740+00:00,0.0488167382507211,0,0,known malicious indicator count=0.0 decreased risk | geo mismatch=0.0 decreased risk | src ip reputation score=81.8 decreased risk,auto_close,bda3915925d1ea45
497,2026-08-14T06:47:50.372740+00:00,0.0571794698237707,0,0,known malicious indicator count=0.0 decreased risk | prior incident count=0.0 decreased risk | unusual time access=1.0 increased risk,auto_close,bda3915925d1ea45
498,2026-08-14T06:47:50.372740+00:00,0.0469147653433249,0,0,known malicious indicator count=0.0 decreased risk | geo mismatch=0.0 decreased risk | unusual time access=0.0 decreased risk,auto_close,bda3915925d1ea45
499,2026-08-14T06:47:50.372740+00:00,0.2731239400270232,0,0,known malicious indicator count=0.0 decreased risk | days since last patch=86.8 increased risk | geo mismatch=0.0 decreased risk,human_review,bda3915925d1ea45
500,2026-08-14T06:47:50.372740+00:00,0.3186937657086394,0,1,prior incident count=0.0 decreased risk | known malicious indicator count=1.0 increased risk | geo mismatch=0.0 decreased risk,human_review,bda3915925d1ea45
501,2026-08-14T06:47:50.372740+00:00,0.0456618870653768,0,0,known malicious indicator count=0.0 decreased risk | prior incident count=0.0 decreased risk | geo mismatch=0.0 decreased risk,auto_close,bda3915925d1ea45
502,2026-08-14T06:47:50.372740+00:00,0.5397160897283257,1,0,geo mismatch=1.0 increased risk | known malicious indicator count=0.0 decreased risk | prior incident count=0.0 decreased risk,human_review,bda3915925d1ea45
503,2026-08-14T06:47:50.372740+00:00,0.9702161216750512,1,1,known malicious indicator count=2.0 increased risk | geo mismatch=1.0 increased risk | protocol risk score=19.9 decreased risk,auto_escalate,bda3915925d1ea45
504,2026-08-14T06:47:50.372740+00:00,0.3621538668949342,0,0,known malicious indicator count=0.0 decreased risk | prior incident count=0.0 decreased risk | unusual time access=1.0 increased risk,human_review,bda3915925d1ea45
505,2026-08-14T06:47:50.372740+00:00,0.1071682043268459,0,0,known malicious indicator count=0.0 decreased risk | geo mismatch=0.0 decreased risk | data transfer mb=154.9 increased risk,auto_close,bda3915925d1ea45
506,2026-08-14T06:47:50.372740+00:00,0.6621656121216374,1,1,known malicious indicator count=1.0 increased risk | prior incident count=1.0 increased risk | protocol risk score=5.4 decreased risk,human_review,bda3915925d1ea45
507,2026-08-14T06:47:50.372740+00:00,0.5386015383636529,1,1,prior incident count=0.0 decreased risk | known malicious indicator count=1.0 increased risk | data transfer mb=189.7 increased risk,human_review,bda3915925d1ea45
508,2026-08-14T06:47:50.372740+00:00,0.8974419167628828,1,0,geo mismatch=1.0 increased risk | prior incident count=2.0 increased risk | known malicious indicator count=0.0 decreased risk,auto_escalate,bda3915925d1ea45
509,2026-08-14T06:47:50.372740+00:00,0.0636477878595859,0,0,known malicious indicator count=0.0 decreased risk | geo mismatch=0.0 decreased risk | protocol risk score=8.6 decreased risk,auto_close,bda3915925d1ea45
510,2026-08-14T06:47:50.372740+00:00,0.0931431302914396,0,0,known malicious indicator count=0.0 decreased risk | geo mismatch=0.0 decreased risk | protocol risk score=49.9 increased risk,auto_close,bda3915925d1ea45
511,2026-08-14T06:47:50.372740+00:00,0.4214647206186124,0,0,geo mismatch=1.0 increased risk | known malicious indicator count=0.0 decreased risk | prior incident count=0.0 decreased risk,human_review,bda3915925d1ea45
512,2026-08-14T06:47:50.372740+00:00,0.0321461929051371,0,0,known malicious indicator count=0.0 decreased risk | prior incident count=0.0 decreased risk | geo mismatch=0.0 decreased risk,auto_close,bda3915925d1ea45
513,2026-08-14T06:47:50.372740+00:00,0.4689987560046965,0,1,prior incident count=0.0 decreased risk | known malicious indicator count=1.0 increased risk | protocol risk score=60.1 increased risk,human_review,bda3915925d1ea45
514,2026-08-14T06:47:50.372740+00:00,0.0320954458122754,0,0,known malicious indicator count=0.0 decreased risk | prior incident count=0.0 decreased risk | geo mismatch=0.0 decreased risk,auto_close,bda3915925d1ea45
515,2026-08-14T06:47:50.372740+00:00,0.041388814980082,0,0,known malicious indicator count=0.0 decreased risk | geo mismatch=0.0 decreased risk | protocol risk score=13.5 decreased risk,auto_close,bda3915925d1ea45
516,2026-08-14T06:47:50.372740+00:00,0.0260198126122794,0,0,known malicious indicator count=0.0 decreased risk | prior incident count=0.0 decreased risk | geo mismatch=0.0 decreased risk,auto_close,bda3915925d1ea45
517,2026-08-14T06:47:50.372740+00:00,0.133665535089099,0,0,known malicious indicator count=0.0 decreased risk | prior incident count=0.0 decreased risk | unusual time access=1.0 increased risk,auto_close,bda3915925d1ea45
518,2026-08-14T06:47:50.372740+00:00,0.1969295611160454,0,0,prior incident count=0.0 decreased risk | known malicious indicator count=1.0 increased risk | src ip reputation score=100.0 decreased risk,human_review,bda3915925d1ea45
519,2026-08-14T06:47:50.372740+00:00,0.0379660100652943,0,0,known malicious indicator count=0.0 decreased risk | prior incident count=0.0 decreased risk | geo mismatch=0.0 decreased risk,auto_close,bda3915925d1ea45
520,2026-08-14T06:47:50.372740+00:00,0.0846521889604707,0,0,known malicious indicator count=0.0 decreased risk | prior incident count=0.0 decreased risk | days since last patch=122.7 increased risk,auto_close,bda3915925d1ea45
521,2026-08-14T06:47:50.372740+00:00,0.0162764288299532,0,0,known malicious indicator count=0.0 decreased risk | prior incident count=0.0 decreased risk | geo mismatch=0.0 decreased risk,auto_close,bda3915925d1ea45
522,2026-08-14T06:47:50.372740+00:00,0.1076521763577392,0,0,known malicious indicator count=0.0 decreased risk | geo mismatch=0.0 decreased risk | protocol risk score=51.8 increased risk,auto_close,bda3915925d1ea45
523,2026-08-14T06:47:50.372740+00:00,0.0469647879840495,0,0,known malicious indicator count=0.0 decreased risk | geo mismatch=0.0 decreased risk | src ip reputation score=91.4 decreased risk,auto_close,bda3915925d1ea45
524,2026-08-14T06:47:50.372740+00:00,0.0363137131540399,0,0,known malicious indicator count=0.0 decreased risk | geo mismatch=0.0 decreased risk | src ip reputation score=100.0 decreased risk,auto_close,bda3915925d1ea45
525,2026-08-14T06:47:50.372740+00:00,0.1193272099054804,0,0,known malicious indicator count=0.0 decreased risk | geo mismatch=0.0 decreased risk | unusual time access=0.0 decreased risk,auto_close,bda3915925d1ea45
526,2026-08-14T06:47:50.372740+00:00,0.7403910893116561,1,1,geo mismatch=1.0 increased risk | known malicious indicator count=1.0 increased risk | prior incident count=0.0 decreased risk,human_review,bda3915925d1ea45
527,2026-08-14T06:47:50.372740+00:00,0.1222660177396609,0,0,known malicious indicator count=0.0 decreased risk | geo mismatch=0.0 decreased risk | unusual time access=0.0 decreased risk,auto_close,bda3915925d1ea45
528,2026-08-14T06:47:50.372740+00:00,0.5076750367812617,1,0,prior incident count=0.0 decreased risk | known malicious indicator count=1.0 increased risk | unusual time access=1.0 increased risk,human_review,bda3915925d1ea45
529,2026-08-14T06:47:50.372740+00:00,0.1321809626239139,0,0,known malicious indicator count=0.0 decreased risk | prior incident count=0.0 decreased risk | protocol risk score=71.2 increased risk,auto_close,bda3915925d1ea45
530,2026-08-14T06:47:50.372740+00:00,0.1084760843211925,0,0,known malicious indicator count=0.0 decreased risk | geo mismatch=0.0 decreased risk | unusual time access=0.0 decreased risk,auto_close,bda3915925d1ea45
531,2026-08-14T06:47:50.372740+00:00,0.0645366818846469,0,0,known malicious indicator count=0.0 decreased risk | prior incident count=0.0 decreased risk | geo mismatch=0.0 decreased risk,auto_close,bda3915925d1ea45
532,2026-08-14T06:47:50.372740+00:00,0.8916807892097189,1,1,prior incident count=2.0 increased risk | known malicious indicator count=1.0 increased risk | geo mismatch=0.0 decreased risk,auto_escalate,bda3915925d1ea45
533,2026-08-14T06:47:50.372740+00:00,0.0339371528314703,0,0,known malicious indicator count=0.0 decreased risk | prior incident count=0.0 decreased risk | geo mismatch=0.0 decreased risk,auto_close,bda3915925d1ea45
534,2026-08-14T06:47:50.372740+00:00,0.3451035373882398,0,0,geo mismatch=1.0 increased risk | known malicious indicator count=0.0 decreased risk | prior incident count=0.0 decreased risk,human_review,bda3915925d1ea45
535,2026-08-14T06:47:50.372740+00:00,0.1389631888874294,0,0,known malicious indicator count=0.0 decreased risk | geo mismatch=0.0 decreased risk | protocol risk score=55.4 increased risk,auto_close,bda3915925d1ea45
536,2026-08-14T06:47:50.372740+00:00,0.0252985519817604,0,0,known malicious indicator count=0.0 decreased risk | prior incident count=0.0 decreased risk | geo mismatch=0.0 decreased risk,auto_close,bda3915925d1ea45
537,2026-08-14T06:47:50.372740+00:00,0.2689466929115748,0,0,prior incident count=0.0 decreased risk | known malicious indicator count=1.0 increased risk | geo mismatch=0.0 decreased risk,human_review,bda3915925d1ea45
538,2026-08-14T06:47:50.372740+00:00,0.9814693717525708,1,1,known malicious indicator count=2.0 increased risk | geo mismatch=1.0 increased risk | protocol risk score=48.1 increased risk,auto_escalate,bda3915925d1ea45
539,2026-08-14T06:47:50.372740+00:00,0.661218803249174,1,1,known malicious indicator count=1.0 increased risk | data transfer mb=162.8 increased risk | protocol risk score=19.7 decreased risk,human_review,bda3915925d1ea45
540,2026-08-14T06:47:50.372740+00:00,0.0652960223792281,0,0,known malicious indicator count=0.0 decreased risk | prior incident count=0.0 decreased risk | geo mismatch=0.0 decreased risk,auto_close,bda3915925d1ea45
541,2026-08-14T06:47:50.372740+00:00,0.0266203997140613,0,0,known malicious indicator count=0.0 decreased risk | prior incident count=0.0 decreased risk | geo mismatch=0.0 decreased risk,auto_close,bda3915925d1ea45
542,2026-08-14T06:47:50.372740+00:00,0.0303575986005406,0,0,known malicious indicator count=0.0 decreased risk | prior incident count=0.0 decreased risk | geo mismatch=0.0 decreased risk,auto_close,bda3915925d1ea45
543,2026-08-14T06:47:50.372740+00:00,0.0518008479139947,0,0,known malicious indicator count=0.0 decreased risk | geo mismatch=0.0 decreased risk | protocol risk score=0.6 decreased risk,auto_close,bda3915925d1ea45
544,2026-08-14T06:47:50.372740+00:00,0.0246790788508646,0,0,known malicious indicator count=0.0 decreased risk | prior incident count=0.0 decreased risk | geo mismatch=0.0 decreased risk,auto_close,bda3915925d1ea45
545,2026-08-14T06:47:50.372740+00:00,0.0276140115847076,0,0,known malicious indicator count=0.0 decreased risk | prior incident count=0.0 decreased risk | geo mismatch=0.0 decreased risk,auto_close,bda3915925d1ea45
546,2026-08-14T06:47:50.372740+00:00,0.8373435654545434,1,1,known malicious indicator count=2.0 increased risk | prior incident count=0.0 decreased risk | geo mismatch=0.0 decreased risk,auto_escalate,bda3915925d1ea45
547,2026-08-14T06:47:50.372740+00:00,0.2394422694213506,0,0,known malicious indicator count=0.0 decreased risk | unusual time access=1.0 increased risk | geo mismatch=0.0 decreased risk,human_review,bda3915925d1ea45
548,2026-08-14T06:47:50.372740+00:00,0.0669779907747667,0,0,known malicious indicator count=0.0 decreased risk | prior incident count=0.0 decreased risk | protocol risk score=65.9 increased risk,auto_close,bda3915925d1ea45
549,2026-08-14T06:47:50.372740+00:00,0.0748749065808506,0,0,known malicious indicator count=0.0 decreased risk | geo mismatch=0.0 decreased risk | unusual time access=0.0 decreased risk,auto_close,bda3915925d1ea45
550,2026-08-14T06:47:50.372740+00:00,0.5042447352268561,1,0,geo mismatch=1.0 increased risk | known malicious indicator count=0.0 decreased risk | prior incident count=0.0 decreased risk,human_review,bda3915925d1ea45
551,2026-08-14T06:47:50.372740+00:00,0.93498259249548,1,1,geo mismatch=1.0 increased risk | known malicious indicator count=1.0 increased risk | unusual time access=1.0 increased risk,auto_escalate,bda3915925d1ea45
552,2026-08-14T06:47:50.372740+00:00,0.6220592238420033,1,0,prior incident count=3.0 increased risk | known malicious indicator count=0.0 decreased risk | geo mismatch=0.0 decreased risk,human_review,bda3915925d1ea45
553,2026-08-14T06:47:50.372740+00:00,0.0191826188231253,0,0,known malicious indicator count=0.0 decreased risk | prior incident count=0.0 decreased risk | geo mismatch=0.0 decreased risk,auto_close,bda3915925d1ea45
554,2026-08-14T06:47:50.372740+00:00,0.4552273562933135,0,0,prior incident count=0.0 decreased risk | known malicious indicator count=1.0 increased risk | protocol risk score=59.7 increased risk,human_review,bda3915925d1ea45
555,2026-08-14T06:47:50.372740+00:00,0.0834712870047761,0,0,known malicious indicator count=0.0 decreased risk | geo mismatch=0.0 decreased risk | unusual time access=0.0 decreased risk,auto_close,bda3915925d1ea45
556,2026-08-14T06:47:50.372740+00:00,0.0412986459062316,0,0,known malicious indicator count=0.0 decreased risk | prior incident count=0.0 decreased risk | geo mismatch=0.0 decreased risk,auto_close,bda3915925d1ea45
557,2026-08-14T06:47:50.372740+00:00,0.6497484419474836,1,0,geo mismatch=1.0 increased risk | known malicious indicator count=0.0 decreased risk | prior incident count=0.0 decreased risk,human_review,bda3915925d1ea45
558,2026-08-14T06:47:50.372740+00:00,0.0137104139138148,0,0,known malicious indicator count=0.0 decreased risk | prior incident count=0.0 decreased risk | geo mismatch=0.0 decreased risk,auto_close,bda3915925d1ea45
559,2026-08-14T06:47:50.372740+00:00,0.1035759502133714,0,0,known malicious indicator count=0.0 decreased risk | geo mismatch=0.0 decreased risk | protocol risk score=0.0 decreased risk,auto_close,bda3915925d1ea45
560,2026-08-14T06:47:50.372740+00:00,0.2226637037474573,0,0,geo mismatch=1.0 increased risk | known malicious indicator count=0.0 decreased risk | prior incident count=0.0 decreased risk,human_review,bda3915925d1ea45
561,2026-08-14T06:47:50.372740+00:00,0.0212357556239676,0,0,known malicious indicator count=0.0 decreased risk | prior incident count=0.0 decreased risk | geo mismatch=0.0 decreased risk,auto_close,bda3915925d1ea45
562,2026-08-14T06:47:50.372740+00:00,0.6469657052374284,1,1,prior incident count=2.0 increased risk | known malicious indicator count=0.0 decreased risk | src ip reputation score=41.6 increased risk,human_review,bda3915925d1ea45
563,2026-08-14T06:47:50.372740+00:00,0.0610173333902237,0,0,known malicious indicator count=0.0 decreased risk | geo mismatch=0.0 decreased risk | unusual time access=0.0 decreased risk,auto_close,bda3915925d1ea45
564,2026-08-14T06:47:50.372740+00:00,0.1360574707385199,0,0,known malicious indicator count=0.0 decreased risk | protocol risk score=65.1 increased risk | geo mismatch=0.0 decreased risk,auto_close,bda3915925d1ea45
565,2026-08-14T06:47:50.372740+00:00,0.7054929337804752,1,1,geo mismatch=1.0 increased risk | prior incident count=2.0 increased risk | known malicious indicator count=0.0 decreased risk,human_review,bda3915925d1ea45
566,2026-08-14T06:47:50.372740+00:00,0.1208556568812627,0,0,known malicious indicator count=0.0 decreased risk | prior incident count=0.0 decreased risk | days since last patch=102.3 increased risk,auto_close,bda3915925d1ea45
567,2026-08-14T06:47:50.372740+00:00,0.0279604920280032,0,0,known malicious indicator count=0.0 decreased risk | prior incident count=0.0 decreased risk | geo mismatch=0.0 decreased risk,auto_close,bda3915925d1ea45
568,2026-08-14T06:47:50.372740+00:00,0.6365457975001124,1,1,known malicious indicator count=1.0 increased risk | protocol risk score=76.9 increased risk | prior incident count=1.0 increased risk,human_review,bda3915925d1ea45
569,2026-08-14T06:47:50.372740+00:00,0.0258811665305462,0,0,known malicious indicator count=0.0 decreased risk | prior incident count=0.0 decreased risk | geo mismatch=0.0 decreased risk,auto_close,bda3915925d1ea45
570,2026-08-14T06:47:50.372740+00:00,0.7040619016647353,1,1,geo mismatch=1.0 increased risk | known malicious indicator count=0.0 decreased risk | prior incident count=1.0 increased risk,human_review,bda3915925d1ea45
571,2026-08-14T06:47:50.372740+00:00,0.0287011621974877,0,0,known malicious indicator count=0.0 decreased risk | prior incident count=0.0 decreased risk | geo mismatch=0.0 decreased risk,auto_close,bda3915925d1ea45
572,2026-08-14T06:47:50.372740+00:00,0.7333702947626489,1,0,known malicious indicator count=1.0 increased risk | prior incident count=1.0 increased risk | protocol risk score=15.5 decreased risk,human_review,bda3915925d1ea45
573,2026-08-14T06:47:50.372740+00:00,0.1192050657282781,0,0,known malicious indicator count=0.0 decreased risk | prior incident count=0.0 decreased risk | unusual time access=1.0 increased risk,auto_close,bda3915925d1ea45
574,2026-08-14T06:47:50.372740+00:00,0.077281573984599,0,0,known malicious indicator count=0.0 decreased risk | prior incident count=0.0 decreased risk | unusual time access=1.0 increased risk,auto_close,bda3915925d1ea45
575,2026-08-14T06:47:50.372740+00:00,0.0552445470786119,0,0,known malicious indicator count=0.0 decreased risk | geo mismatch=0.0 decreased risk | protocol risk score=20.7 decreased risk,auto_close,bda3915925d1ea45
576,2026-08-14T06:47:50.372740+00:00,0.3616172645666914,0,0,known malicious indicator count=0.0 decreased risk | days since last patch=70.0 increased risk | src ip reputation score=100.0 decreased risk,human_review,bda3915925d1ea45
577,2026-08-14T06:47:50.372740+00:00,0.6837784757589632,1,0,geo mismatch=1.0 increased risk | known malicious indicator count=0.0 decreased risk | protocol risk score=14.1 decreased risk,human_review,bda3915925d1ea45
578,2026-08-14T06:47:50.372740+00:00,0.3518730057536778,0,0,prior incident count=0.0 decreased risk | known malicious indicator count=1.0 increased risk | geo mismatch=0.0 decreased risk,human_review,bda3915925d1ea45
579,2026-08-14T06:47:50.372740+00:00,0.2846817944043727,0,0,prior incident count=0.0 decreased risk | known malicious indicator count=1.0 increased risk | geo mismatch=0.0 decreased risk,human_review,bda3915925d1ea45
580,2026-08-14T06:47:50.372740+00:00,0.1157218532214329,0,0,known malicious indicator count=0.0 decreased risk | prior incident count=0.0 decreased risk | unusual time access=1.0 increased risk,auto_close,bda3915925d1ea45
581,2026-08-14T06:47:50.372740+00:00,0.9183447094436268,1,1,known malicious indicator count=2.0 increased risk | geo mismatch=0.0 decreased risk | prior incident count=1.0 increased risk,auto_escalate,bda3915925d1ea45
582,2026-08-14T06:47:50.372740+00:00,0.6773342983326331,1,0,known malicious indicator count=1.0 increased risk | prior incident count=1.0 increased risk | protocol risk score=16.1 decreased risk,human_review,bda3915925d1ea45
583,2026-08-14T06:47:50.372740+00:00,0.0306953324389282,0,0,known malicious indicator count=0.0 decreased risk | geo mismatch=0.0 decreased risk | protocol risk score=13.6 decreased risk,auto_close,bda3915925d1ea45
584,2026-08-14T06:47:50.372740+00:00,0.0398050811505093,0,0,known malicious indicator count=0.0 decreased risk | prior incident count=0.0 decreased risk | geo mismatch=0.0 decreased risk,auto_close,bda3915925d1ea45
585,2026-08-14T06:47:50.372740+00:00,0.8072886714396654,1,0,known malicious indicator count=1.0 increased risk | prior incident count=1.0 increased risk | days since last patch=50.5 increased risk,auto_escalate,bda3915925d1ea45
586,2026-08-14T06:47:50.372740+00:00,0.797150922925765,1,0,known malicious indicator count=1.0 increased risk | unusual time access=1.0 increased risk | src ip reputation score=100.0 decreased risk,auto_escalate,bda3915925d1ea45
587,2026-08-14T06:47:50.372740+00:00,0.030567019317469,0,0,known malicious indicator count=0.0 decreased risk | prior incident count=0.0 decreased risk | geo mismatch=0.0 decreased risk,auto_close,bda3915925d1ea45
588,2026-08-14T06:47:50.372740+00:00,0.0344840070741838,0,0,known malicious indicator count=0.0 decreased risk | prior incident count=0.0 decreased risk | geo mismatch=0.0 decreased risk,auto_close,bda3915925d1ea45
589,2026-08-14T06:47:50.372740+00:00,0.0313883627133069,0,0,known malicious indicator count=0.0 decreased risk | prior incident count=0.0 decreased risk | geo mismatch=0.0 decreased risk,auto_close,bda3915925d1ea45
590,2026-08-14T06:47:50.372740+00:00,0.027487814819724,0,0,known malicious indicator count=0.0 decreased risk | prior incident count=0.0 decreased risk | geo mismatch=0.0 decreased risk,auto_close,bda3915925d1ea45
591,2026-08-14T06:47:50.372740+00:00,0.1962344466810727,0,0,known malicious indicator count=0.0 decreased risk | data transfer mb=166.7 increased risk | geo mismatch=0.0 decreased risk,human_review,bda3915925d1ea45
592,2026-08-14T06:47:50.372740+00:00,0.0882738073309741,0,0,known malicious indicator count=0.0 decreased risk | geo mismatch=0.0 decreased risk | protocol risk score=18.8 decreased risk,auto_close,bda3915925d1ea45
593,2026-08-14T06:47:50.372740+00:00,0.0163097560549104,0,0,known malicious indicator count=0.0 decreased risk | prior incident count=0.0 decreased risk | geo mismatch=0.0 decreased risk,auto_close,bda3915925d1ea45
594,2026-08-14T06:47:50.372740+00:00,0.0421602504939702,0,0,known malicious indicator count=0.0 decreased risk | prior incident count=0.0 decreased risk | geo mismatch=0.0 decreased risk,auto_close,bda3915925d1ea45
595,2026-08-14T06:47:50.372740+00:00,0.910917104174608,1,1,prior incident count=2.0 increased risk | known malicious indicator count=1.0 increased risk | protocol risk score=50.1 increased risk,auto_escalate,bda3915925d1ea45
596,2026-08-14T06:47:50.372740+00:00,0.1158919495360993,0,0,known malicious indicator count=0.0 decreased risk | geo mismatch=0.0 decreased risk | data transfer mb=156.8 increased risk,auto_close,bda3915925d1ea45
597,2026-08-14T06:47:50.372740+00:00,0.341848270518811,0,0,prior incident count=0.0 decreased risk | known malicious indicator count=1.0 increased risk | geo mismatch=0.0 decreased risk,human_review,bda3915925d1ea45
598,2026-08-14T06:47:50.372740+00:00,0.6944329229843216,1,0,known malicious indicator count=1.0 increased risk | prior incident count=1.0 increased risk | geo mismatch=0.0 decreased risk,human_review,bda3915925d1ea45
599,2026-08-14T06:47:50.372740+00:00,0.0425648852106953,0,0,known malicious indicator count=0.0 decreased risk | prior incident count=0.0 decreased risk | geo mismatch=0.0 decreased risk,auto_close,bda3915925d1ea45
600,2026-08-14T06:47:50.372740+00:00,0.0260225292456172,0,0,known malicious indicator count=0.0 decreased risk | prior incident count=0.0 decreased risk | geo mismatch=0.0 decreased risk,auto_close,bda3915925d1ea45
601,2026-08-14T06:47:50.372740+00:00,0.0121370615991924,0,0,known malicious indicator count=0.0 decreased risk | prior incident count=0.0 decreased risk | geo mismatch=0.0 decreased risk,auto_close,bda3915925d1ea45
602,2026-08-14T06:47:50.372740+00:00,0.8148389995957855,1,1,known malicious indicator count=2.0 increased risk | protocol risk score=18.2 decreased risk | geo mismatch=0.0 decreased risk,auto_escalate,bda3915925d1ea45
603,2026-08-14T06:47:50.372740+00:00,0.290642289705743,0,0,geo mismatch=1.0 increased risk | known malicious indicator count=0.0 decreased risk | prior incident count=0.0 decreased risk,human_review,bda3915925d1ea45
604,2026-08-14T06:47:50.372740+00:00,0.1970541523775228,0,0,prior incident count=0.0 decreased risk | known malicious indicator count=1.0 increased risk | geo mismatch=0.0 decreased risk,human_review,bda3915925d1ea45
605,2026-08-14T06:47:50.372740+00:00,0.0205546393571341,0,0,known malicious indicator count=0.0 decreased risk | prior incident count=0.0 decreased risk | geo mismatch=0.0 decreased risk,auto_close,bda3915925d1ea45
606,2026-08-14T06:47:50.372740+00:00,0.2357732009736412,0,0,known malicious indicator count=0.0 decreased risk | prior incident count=0.0 decreased risk | data transfer mb=205.2 increased risk,human_review,bda3915925d1ea45
607,2026-08-14T06:47:50.372740+00:00,0.0398121475378603,0,0,known malicious indicator count=0.0 decreased risk | geo mismatch=0.0 decreased risk | protocol risk score=16.4 decreased risk,auto_close,bda3915925d1ea45
608,2026-08-14T06:47:50.372740+00:00,0.0323853006612602,0,0,known malicious indicator count=0.0 decreased risk | prior incident count=0.0 decreased risk | geo mismatch=0.0 decreased risk,auto_close,bda3915925d1ea45
609,2026-08-14T06:47:50.372740+00:00,0.0211495010918264,0,0,known malicious indicator count=0.0 decreased risk | prior incident count=0.0 decreased risk | geo mismatch=0.0 decreased risk,auto_close,bda3915925d1ea45
610,2026-08-14T06:47:50.372740+00:00,0.172796987438959,0,0,prior incident count=0.0 decreased risk | known malicious indicator count=1.0 increased risk | src ip reputation score=100.0 decreased risk,human_review,bda3915925d1ea45
611,2026-08-14T06:47:50.372740+00:00,0.4708482893556024,0,0,geo mismatch=1.0 increased risk | known malicious indicator count=0.0 decreased risk | prior incident count=0.0 decreased risk,human_review,bda3915925d1ea45
612,2026-08-14T06:47:50.372740+00:00,0.3283057321855348,0,0,prior incident count=0.0 decreased risk | known malicious indicator count=1.0 increased risk | protocol risk score=5.0 decreased risk,human_review,bda3915925d1ea45
613,2026-08-14T06:47:50.372740+00:00,0.0642140725555515,0,0,known malicious indicator count=0.0 decreased risk | prior incident count=0.0 decreased risk | geo mismatch=0.0 decreased risk,auto_close,bda3915925d1ea45
614,2026-08-14T06:47:50.372740+00:00,0.3687963974948106,0,0,prior incident count=0.0 decreased risk | known malicious indicator count=1.0 increased risk | protocol risk score=55.6 increased risk,human_review,bda3915925d1ea45
615,2026-08-14T06:47:50.372740+00:00,0.1240594090767433,0,0,known malicious indicator count=0.0 decreased risk | geo mismatch=0.0 decreased risk | unusual time access=0.0 decreased risk,auto_close,bda3915925d1ea45
616,2026-08-14T06:47:50.372740+00:00,0.0475362070658519,0,0,known malicious indicator count=0.0 decreased risk | prior incident count=0.0 decreased risk | geo mismatch=0.0 decreased risk,auto_close,bda3915925d1ea45
617,2026-08-14T06:47:50.372740+00:00,0.1190572156495746,0,0,prior incident count=0.0 decreased risk | known malicious indicator count=1.0 increased risk | protocol risk score=7.1 decreased risk,auto_close,bda3915925d1ea45
618,2026-08-14T06:47:50.372740+00:00,0.0255130188054909,0,0,known malicious indicator count=0.0 decreased risk | prior incident count=0.0 decreased risk | geo mismatch=0.0 decreased risk,auto_close,bda3915925d1ea45
619,2026-08-14T06:47:50.372740+00:00,0.9275527819634246,1,1,geo mismatch=1.0 increased risk | known malicious indicator count=1.0 increased risk | prior incident count=0.0 decreased risk,auto_escalate,bda3915925d1ea45
620,2026-08-14T06:47:50.372740+00:00,0.0449836596602608,0,0,known malicious indicator count=0.0 decreased risk | geo mismatch=0.0 decreased risk | unusual time access=0.0 decreased risk,auto_close,bda3915925d1ea45
621,2026-08-14T06:47:50.372740+00:00,0.0157051701778966,0,0,known malicious indicator count=0.0 decreased risk | prior incident count=0.0 decreased risk | geo mismatch=0.0 decreased risk,auto_close,bda3915925d1ea45
622,2026-08-14T06:47:50.372740+00:00,0.0330879764269158,0,0,known malicious indicator count=0.0 decreased risk | prior incident count=0.0 decreased risk | geo mismatch=0.0 decreased risk,auto_close,bda3915925d1ea45
623,2026-08-14T06:47:50.372740+00:00,0.1444521794995452,0,0,known malicious indicator count=0.0 decreased risk | prior incident count=0.0 decreased risk | unusual time access=1.0 increased risk,auto_close,bda3915925d1ea45
624,2026-08-14T06:47:50.372740+00:00,0.0189601498925384,0,0,known malicious indicator count=0.0 decreased risk | prior incident count=0.0 decreased risk | geo mismatch=0.0 decreased risk,auto_close,bda3915925d1ea45
625,2026-08-14T06:47:50.372740+00:00,0.550556166534127,1,0,known malicious indicator count=0.0 decreased risk | unusual time access=1.0 increased risk | src ip reputation score=33.3 increased risk,human_review,bda3915925d1ea45
626,2026-08-14T06:47:50.372740+00:00,0.0689218148859752,0,0,known malicious indicator count=0.0 decreased risk | prior incident count=0.0 decreased risk | unusual time access=1.0 increased risk,auto_close,bda3915925d1ea45
627,2026-08-14T06:47:50.372740+00:00,0.0556470554953745,0,0,known malicious indicator count=0.0 decreased risk | geo mismatch=0.0 decreased risk | protocol risk score=4.6 decreased risk,auto_close,bda3915925d1ea45
628,2026-08-14T06:47:50.372740+00:00,0.1704621271927709,0,0,known malicious indicator count=0.0 decreased risk | geo mismatch=0.0 decreased risk | protocol risk score=68.9 increased risk,human_review,bda3915925d1ea45
629,2026-08-14T06:47:50.372740+00:00,0.0287767401200557,0,0,known malicious indicator count=0.0 decreased risk | prior incident count=0.0 decreased risk | geo mismatch=0.0 decreased risk,auto_close,bda3915925d1ea45
630,2026-08-14T06:47:50.372740+00:00,0.3310409713447327,0,0,known malicious indicator count=0.0 decreased risk | days since last patch=78.2 increased risk | geo mismatch=0.0 decreased risk,human_review,bda3915925d1ea45
631,2026-08-14T06:47:50.372740+00:00,0.6793082320023887,1,1,unusual time access=1.0 increased risk | known malicious indicator count=1.0 increased risk | prior incident count=0.0 decreased risk,human_review,bda3915925d1ea45
632,2026-08-14T06:47:50.372740+00:00,0.8998435079776615,1,1,prior incident count=2.0 increased risk | known malicious indicator count=1.0 increased risk | geo mismatch=0.0 decreased risk,auto_escalate,bda3915925d1ea45
633,2026-08-14T06:47:50.372740+00:00,0.3731418362393295,0,1,prior incident count=0.0 decreased risk | known malicious indicator count=1.0 increased risk | src ip reputation score=100.0 decreased risk,human_review,bda3915925d1ea45
634,2026-08-14T06:47:50.372740+00:00,0.026729769112695,0,0,known malicious indicator count=0.0 decreased risk | prior incident count=0.0 decreased risk | geo mismatch=0.0 decreased risk,auto_close,bda3915925d1ea45
635,2026-08-14T06:47:50.372740+00:00,0.0254707252011499,0,0,known malicious indicator count=0.0 decreased risk | prior incident count=0.0 decreased risk | geo mismatch=0.0 decreased risk,auto_close,bda3915925d1ea45
636,2026-08-14T06:47:50.372740+00:00,0.0231529073459713,0,0,known malicious indicator count=0.0 decreased risk | prior incident count=0.0 decreased risk | geo mismatch=0.0 decreased risk,auto_close,bda3915925d1ea45
637,2026-08-14T06:47:50.372740+00:00,0.7808444380760026,1,0,geo mismatch=1.0 increased risk | known malicious indicator count=1.0 increased risk | prior incident count=0.0 decreased risk,auto_escalate,bda3915925d1ea45
638,2026-08-14T06:47:50.372740+00:00,0.2926724952595622,0,0,known malicious indicator count=0.0 decreased risk | unusual time access=1.0 increased risk | geo mismatch=0.0 decreased risk,human_review,bda3915925d1ea45
639,2026-08-14T06:47:50.372740+00:00,0.0910374485873519,0,0,known malicious indicator count=0.0 decreased risk | geo mismatch=0.0 decreased risk | unusual time access=0.0 decreased risk,auto_close,bda3915925d1ea45
640,2026-08-14T06:47:50.372740+00:00,0.7658817724420441,1,1,known malicious indicator count=1.0 increased risk | unusual time access=1.0 increased risk | prior incident count=0.0 decreased risk,auto_escalate,bda3915925d1ea45
641,2026-08-14T06:47:50.372740+00:00,0.7018453913522358,1,0,known malicious indicator count=1.0 increased risk | prior incident count=1.0 increased risk | geo mismatch=0.0 decreased risk,human_review,bda3915925d1ea45
642,2026-08-14T06:47:50.372740+00:00,0.0181556058896754,0,0,known malicious indicator count=0.0 decreased risk | prior incident count=0.0 decreased risk | geo mismatch=0.0 decreased risk,auto_close,bda3915925d1ea45
643,2026-08-14T06:47:50.372740+00:00,0.0932427502978054,0,0,known malicious indicator count=0.0 decreased risk | geo mismatch=0.0 decreased risk | unusual time access=0.0 decreased risk,auto_close,bda3915925d1ea45
644,2026-08-14T06:47:50.372740+00:00,0.0394668583749628,0,0,known malicious indicator count=0.0 decreased risk | geo mismatch=0.0 decreased risk | protocol risk score=7.5 decreased risk,auto_close,bda3915925d1ea45
645,2026-08-14T06:47:50.372740+00:00,0.016572370397255,0,0,known malicious indicator count=0.0 decreased risk | prior incident count=0.0 decreased risk | geo mismatch=0.0 decreased risk,auto_close,bda3915925d1ea45
646,2026-08-14T06:47:50.372740+00:00,0.0287477778026851,0,0,known malicious indicator count=0.0 decreased risk | prior incident count=0.0 decreased risk | geo mismatch=0.0 decreased risk,auto_close,bda3915925d1ea45
647,2026-08-14T06:47:50.372740+00:00,0.0898984505223452,0,0,known malicious indicator count=0.0 decreased risk | prior incident count=0.0 decreased risk | src ip reputation score=29.2 increased risk,auto_close,bda3915925d1ea45
648,2026-08-14T06:47:50.372740+00:00,0.2806343718781211,0,0,prior incident count=0.0 decreased risk | known malicious indicator count=1.0 increased risk | geo mismatch=0.0 decreased risk,human_review,bda3915925d1ea45
649,2026-08-14T06:47:50.372740+00:00,0.0263850387669085,0,0,known malicious indicator count=0.0 decreased risk | prior incident count=0.0 decreased risk | geo mismatch=0.0 decreased risk,auto_close,bda3915925d1ea45
650,2026-08-14T06:47:50.372740+00:00,0.0650217063431781,0,0,known malicious indicator count=0.0 decreased risk | geo mismatch=0.0 decreased risk | protocol risk score=17.6 decreased risk,auto_close,bda3915925d1ea45
651,2026-08-14T06:47:50.372740+00:00,0.1877323107685903,0,0,prior incident count=0.0 decreased risk | known malicious indicator count=1.0 increased risk | geo mismatch=0.0 decreased risk,human_review,bda3915925d1ea45
652,2026-08-14T06:47:50.372740+00:00,0.0497909419877502,0,0,known malicious indicator count=0.0 decreased risk | geo mismatch=0.0 decreased risk | unusual time access=0.0 decreased risk,auto_close,bda3915925d1ea45
653,2026-08-14T06:47:50.372740+00:00,0.3166126644928324,0,0,prior incident count=2.0 increased risk | known malicious indicator count=0.0 decreased risk | geo mismatch=0.0 decreased risk,human_review,bda3915925d1ea45
654,2026-08-14T06:47:50.372740+00:00,0.4470196955819738,0,0,geo mismatch=1.0 increased risk | known malicious indicator count=0.0 decreased risk | prior incident count=0.0 decreased risk,human_review,bda3915925d1ea45
655,2026-08-14T06:47:50.372740+00:00,0.3913396482901928,0,0,prior incident count=0.0 decreased risk | known malicious indicator count=1.0 increased risk | geo mismatch=0.0 decreased risk,human_review,bda3915925d1ea45
656,2026-08-14T06:47:50.372740+00:00,0.8441763745192489,1,1,known malicious indicator count=1.0 increased risk | days since last patch=54.1 increased risk | prior incident count=1.0 increased risk,auto_escalate,bda3915925d1ea45
657,2026-08-14T06:47:50.372740+00:00,0.0311432210285101,0,0,known malicious indicator count=0.0 decreased risk | prior incident count=0.0 decreased risk | geo mismatch=0.0 decreased risk,auto_close,bda3915925d1ea45
658,2026-08-14T06:47:50.372740+00:00,0.1597380447184298,0,0,known malicious indicator count=0.0 decreased risk | unusual time access=1.0 increased risk | protocol risk score=11.1 decreased risk,human_review,bda3915925d1ea45
659,2026-08-14T06:47:50.372740+00:00,0.0467574587363603,0,0,known malicious indicator count=0.0 decreased risk | prior incident count=0.0 decreased risk | geo mismatch=0.0 decreased risk,auto_close,bda3915925d1ea45
660,2026-08-14T06:47:50.372740+00:00,0.5164267793835144,1,0,geo mismatch=1.0 increased risk | known malicious indicator count=0.0 decreased risk | prior incident count=0.0 decreased risk,human_review,bda3915925d1ea45
661,2026-08-14T06:47:50.372740+00:00,0.7321021682500698,1,1,known malicious indicator count=1.0 increased risk | unusual time access=1.0 increased risk | prior incident count=0.0 decreased risk,human_review,bda3915925d1ea45
662,2026-08-14T06:47:50.372740+00:00,0.888593107321755,1,0,geo mismatch=1.0 increased risk | known malicious indicator count=1.0 increased risk | prior incident count=0.0 decreased risk,auto_escalate,bda3915925d1ea45
663,2026-08-14T06:47:50.372740+00:00,0.0345136773371878,0,0,known malicious indicator count=0.0 decreased risk | prior incident count=0.0 decreased risk | geo mismatch=0.0 decreased risk,auto_close,bda3915925d1ea45
664,2026-08-14T06:47:50.372740+00:00,0.0530272925376574,0,0,known malicious indicator count=0.0 decreased risk | geo mismatch=0.0 decreased risk | unusual time access=0.0 decreased risk,auto_close,bda3915925d1ea45
665,2026-08-14T06:47:50.372740+00:00,0.7291650609910222,1,1,known malicious indicator count=1.0 increased risk | data transfer mb=222.0 increased risk | geo mismatch=0.0 decreased risk,human_review,bda3915925d1ea45
666,2026-08-14T06:47:50.372740+00:00,0.8870027137054624,1,0,known malicious indicator count=2.0 increased risk | geo mismatch=0.0 decreased risk | protocol risk score=45.3 increased risk,auto_escalate,bda3915925d1ea45
667,2026-08-14T06:47:50.372740+00:00,0.7669337215792571,1,1,prior incident count=2.0 increased risk | known malicious indicator count=0.0 decreased risk | data transfer mb=222.3 increased risk,auto_escalate,bda3915925d1ea45
668,2026-08-14T06:47:50.372740+00:00,0.0359002941794923,0,0,known malicious indicator count=0.0 decreased risk | prior incident count=0.0 decreased risk | geo mismatch=0.0 decreased risk,auto_close,bda3915925d1ea45
669,2026-08-14T06:47:50.372740+00:00,0.8885291581856462,1,1,known malicious indicator count=2.0 increased risk | prior incident count=0.0 decreased risk | unusual time access=1.0 increased risk,auto_escalate,bda3915925d1ea45
670,2026-08-14T06:47:50.372740+00:00,0.826483372509123,1,0,geo mismatch=1.0 increased risk | known malicious indicator count=1.0 increased risk | prior incident count=0.0 decreased risk,auto_escalate,bda3915925d1ea45
671,2026-08-14T06:47:50.372740+00:00,0.2717766624816734,0,0,prior incident count=0.0 decreased risk | known malicious indicator count=1.0 increased risk | geo mismatch=0.0 decreased risk,human_review,bda3915925d1ea45
672,2026-08-14T06:47:50.372740+00:00,0.8124682452880677,1,1,geo mismatch=1.0 increased risk | known malicious indicator count=0.0 decreased risk | prior incident count=1.0 increased risk,auto_escalate,bda3915925d1ea45
673,2026-08-14T06:47:50.372740+00:00,0.5786679768166006,1,0,prior incident count=2.0 increased risk | known malicious indicator count=0.0 decreased risk | geo mismatch=0.0 decreased risk,human_review,bda3915925d1ea45
674,2026-08-14T06:47:50.372740+00:00,0.1263887210882913,0,0,known malicious indicator count=0.0 decreased risk | geo mismatch=0.0 decreased risk | unusual time access=0.0 decreased risk,auto_close,bda3915925d1ea45
675,2026-08-14T06:47:50.372740+00:00,0.0359015274709665,0,0,known malicious indicator count=0.0 decreased risk | geo mismatch=0.0 decreased risk | src ip reputation score=97.8 decreased risk,auto_close,bda3915925d1ea45
676,2026-08-14T06:47:50.372740+00:00,0.7887771842404845,1,1,known malicious indicator count=2.0 increased risk | prior incident count=0.0 decreased risk | geo mismatch=0.0 decreased risk,auto_escalate,bda3915925d1ea45
677,2026-08-14T06:47:50.372740+00:00,0.1945253389617509,0,0,known malicious indicator count=0.0 decreased risk | prior incident count=0.0 decreased risk | days since last patch=57.6 increased risk,human_review,bda3915925d1ea45
678,2026-08-14T06:47:50.372740+00:00,0.9027752802422612,1,1,geo mismatch=1.0 increased risk | known malicious indicator count=1.0 increased risk | prior incident count=0.0 decreased risk,auto_escalate,bda3915925d1ea45
679,2026-08-14T06:47:50.372740+00:00,0.0258950589057555,0,0,known malicious indicator count=0.0 decreased risk | prior incident count=0.0 decreased risk | geo mismatch=0.0 decreased risk,auto_close,bda3915925d1ea45
680,2026-08-14T06:47:50.372740+00:00,0.0205677033909615,0,0,known malicious indicator count=0.0 decreased risk | prior incident count=0.0 decreased risk | geo mismatch=0.0 decreased risk,auto_close,bda3915925d1ea45
681,2026-08-14T06:47:50.372740+00:00,0.4629012008565465,0,0,known malicious indicator count=1.0 increased risk | prior incident count=0.0 decreased risk | unusual time access=1.0 increased risk,human_review,bda3915925d1ea45
682,2026-08-14T06:47:50.372740+00:00,0.02010351966535,0,0,known malicious indicator count=0.0 decreased risk | prior incident count=0.0 decreased risk | geo mismatch=0.0 decreased risk,auto_close,bda3915925d1ea45
683,2026-08-14T06:47:50.372740+00:00,0.0355228185936265,0,0,known malicious indicator count=0.0 decreased risk | geo mismatch=0.0 decreased risk | src ip reputation score=85.7 decreased risk,auto_close,bda3915925d1ea45
684,2026-08-14T06:47:50.372740+00:00,0.0266416074502051,0,0,known malicious indicator count=0.0 decreased risk | prior incident count=0.0 decreased risk | geo mismatch=0.0 decreased risk,auto_close,bda3915925d1ea45
685,2026-08-14T06:47:50.372740+00:00,0.1360235337388987,0,0,prior incident count=0.0 decreased risk | known malicious indicator count=1.0 increased risk | protocol risk score=7.2 decreased risk,auto_close,bda3915925d1ea45
686,2026-08-14T06:47:50.372740+00:00,0.5789638305953537,1,0,prior incident count=2.0 increased risk | known malicious indicator count=0.0 decreased risk | protocol risk score=49.7 increased risk,human_review,bda3915925d1ea45
687,2026-08-14T06:47:50.372740+00:00,0.4703099396924107,0,0,known malicious indicator count=1.0 increased risk | src ip reputation score=92.2 decreased risk | geo mismatch=0.0 decreased risk,human_review,bda3915925d1ea45
688,2026-08-14T06:47:50.372740+00:00,0.1552805600633982,0,0,known malicious indicator count=0.0 decreased risk | prior incident count=0.0 decreased risk | days since last patch=81.4 increased risk,human_review,bda3915925d1ea45
689,2026-08-14T06:47:50.372740+00:00,0.0492476118440901,0,0,known malicious indicator count=0.0 decreased risk | geo mismatch=0.0 decreased risk | protocol risk score=11.4 decreased risk,auto_close,bda3915925d1ea45
690,2026-08-14T06:47:50.372740+00:00,0.4265017193485645,0,0,known malicious indicator count=0.0 decreased risk | unusual time access=1.0 increased risk | geo mismatch=0.0 decreased risk,human_review,bda3915925d1ea45
691,2026-08-14T06:47:50.372740+00:00,0.0380537618119869,0,0,known malicious indicator count=0.0 decreased risk | prior incident count=0.0 decreased risk | geo mismatch=0.0 decreased risk,auto_close,bda3915925d1ea45
692,2026-08-14T06:47:50.372740+00:00,0.2964176326245886,0,0,prior incident count=0.0 decreased risk | known malicious indicator count=1.0 increased risk | protocol risk score=5.8 decreased risk,human_review,bda3915925d1ea45
693,2026-08-14T06:47:50.372740+00:00,0.1279087059212439,0,0,known malicious indicator count=0.0 decreased risk | geo mismatch=0.0 decreased risk | protocol risk score=45.6 increased risk,auto_close,bda3915925d1ea45
694,2026-08-14T06:47:50.372740+00:00,0.6048330942458101,1,0,known malicious indicator count=1.0 increased risk | src ip reputation score=100.0 decreased risk | prior incident count=1.0 increased risk,human_review,bda3915925d1ea45
695,2026-08-14T06:47:50.372740+00:00,0.1827267222954423,0,0,prior incident count=0.0 decreased risk | known malicious indicator count=1.0 increased risk | src ip reputation score=100.0 decreased risk,human_review,bda3915925d1ea45
696,2026-08-14T06:47:50.372740+00:00,0.0391856219134616,0,0,known malicious indicator count=0.0 decreased risk | prior incident count=0.0 decreased risk | geo mismatch=0.0 decreased risk,auto_close,bda3915925d1ea45
697,2026-08-14T06:47:50.372740+00:00,0.0876968646186047,0,0,prior incident count=0.0 decreased risk | known malicious indicator count=1.0 increased risk | protocol risk score=12.7 decreased risk,auto_close,bda3915925d1ea45
698,2026-08-14T06:47:50.372740+00:00,0.8367829109353881,1,1,known malicious indicator count=1.0 increased risk | unusual time access=1.0 increased risk | prior incident count=1.0 increased risk,auto_escalate,bda3915925d1ea45
699,2026-08-14T06:47:50.372740+00:00,0.1638561092263032,0,0,prior incident count=0.0 decreased risk | known malicious indicator count=1.0 increased risk | src ip reputation score=100.0 decreased risk,human_review,bda3915925d1ea45
700,2026-08-14T06:47:50.372740+00:00,0.3282419804411447,0,0,prior incident count=0.0 decreased risk | known malicious indicator count=1.0 increased risk | protocol risk score=14.9 decreased risk,human_review,bda3915925d1ea45
701,2026-08-14T06:47:50.372740+00:00,0.0391013459543483,0,0,known malicious indicator count=0.0 decreased risk | prior incident count=0.0 decreased risk | geo mismatch=0.0 decreased risk,auto_close,bda3915925d1ea45
702,2026-08-14T06:47:50.372740+00:00,0.0311420678703817,0,0,known malicious indicator count=0.0 decreased risk | prior incident count=0.0 decreased risk | geo mismatch=0.0 decreased risk,auto_close,bda3915925d1ea45
703,2026-08-14T06:47:50.372740+00:00,0.3403322857142784,0,0,prior incident count=2.0 increased risk | known malicious indicator count=0.0 decreased risk | src ip reputation score=100.0 decreased risk,human_review,bda3915925d1ea45
704,2026-08-14T06:47:50.372740+00:00,0.0979175313695274,0,0,known malicious indicator count=0.0 decreased risk | prior incident count=0.0 decreased risk | unusual time access=1.0 increased risk,auto_close,bda3915925d1ea45
705,2026-08-14T06:47:50.372740+00:00,0.0158311571099269,0,0,known malicious indicator count=0.0 decreased risk | prior incident count=0.0 decreased risk | geo mismatch=0.0 decreased risk,auto_close,bda3915925d1ea45
706,2026-08-14T06:47:50.372740+00:00,0.2166495543804531,0,0,prior incident count=0.0 decreased risk | known malicious indicator count=1.0 increased risk | geo mismatch=0.0 decreased risk,human_review,bda3915925d1ea45
707,2026-08-14T06:47:50.372740+00:00,0.1222533916860552,0,0,known malicious indicator count=0.0 decreased risk | geo mismatch=0.0 decreased risk | src ip reputation score=39.9 increased risk,auto_close,bda3915925d1ea45
708,2026-08-14T06:47:50.372740+00:00,0.2285037135987745,0,0,prior incident count=0.0 decreased risk | known malicious indicator count=0.0 decreased risk | src ip reputation score=13.2 increased risk,human_review,bda3915925d1ea45
709,2026-08-14T06:47:50.372740+00:00,0.6659628520293162,1,1,geo mismatch=1.0 increased risk | known malicious indicator count=0.0 decreased risk | prior incident count=0.0 decreased risk,human_review,bda3915925d1ea45
710,2026-08-14T06:47:50.372740+00:00,0.0315970338392351,0,0,known malicious indicator count=0.0 decreased risk | prior incident count=0.0 decreased risk | geo mismatch=0.0 decreased risk,auto_close,bda3915925d1ea45
711,2026-08-14T06:47:50.372740+00:00,0.1115068360470293,0,0,known malicious indicator count=0.0 decreased risk | prior incident count=0.0 decreased risk | src ip reputation score=26.4 increased risk,auto_close,bda3915925d1ea45
712,2026-08-14T06:47:50.372740+00:00,0.0921453354376874,0,0,known malicious indicator count=0.0 decreased risk | geo mismatch=0.0 decreased risk | protocol risk score=48.4 increased risk,auto_close,bda3915925d1ea45
713,2026-08-14T06:47:50.372740+00:00,0.1680387304786933,0,0,prior incident count=0.0 decreased risk | known malicious indicator count=1.0 increased risk | protocol risk score=0.0 decreased risk,human_review,bda3915925d1ea45
714,2026-08-14T06:47:50.372740+00:00,0.0633420044824251,0,0,known malicious indicator count=0.0 decreased risk | prior incident count=0.0 decreased risk | days since last patch=172.9 increased risk,auto_close,bda3915925d1ea45
715,2026-08-14T06:47:50.372740+00:00,0.0269297613441301,0,0,known malicious indicator count=0.0 decreased risk | prior incident count=0.0 decreased risk | geo mismatch=0.0 decreased risk,auto_close,bda3915925d1ea45
716,2026-08-14T06:47:50.372740+00:00,0.3426644881120138,0,0,prior incident count=0.0 decreased risk | known malicious indicator count=1.0 increased risk | geo mismatch=0.0 decreased risk,human_review,bda3915925d1ea45
717,2026-08-14T06:47:50.372740+00:00,0.437800264017783,0,0,geo mismatch=1.0 increased risk | known malicious indicator count=0.0 decreased risk | prior incident count=0.0 decreased risk,human_review,bda3915925d1ea45
718,2026-08-14T06:47:50.372740+00:00,0.1164720227749173,0,0,known malicious indicator count=0.0 decreased risk | prior incident count=0.0 decreased risk | unusual time access=1.0 increased risk,auto_close,bda3915925d1ea45
719,2026-08-14T06:47:50.372740+00:00,0.2813136273024544,0,0,geo mismatch=1.0 increased risk | known malicious indicator count=0.0 decreased risk | prior incident count=0.0 decreased risk,human_review,bda3915925d1ea45
720,2026-08-14T06:47:50.372740+00:00,0.3174506623765289,0,0,prior incident count=2.0 increased risk | known malicious indicator count=0.0 decreased risk | geo mismatch=0.0 decreased risk,human_review,bda3915925d1ea45
721,2026-08-14T06:47:50.372740+00:00,0.2468466663975257,0,0,known malicious indicator count=0.0 decreased risk | prior incident count=0.0 decreased risk | data transfer mb=199.6 increased risk,human_review,bda3915925d1ea45
722,2026-08-14T06:47:50.372740+00:00,0.0242603855409769,0,0,known malicious indicator count=0.0 decreased risk | prior incident count=0.0 decreased risk | geo mismatch=0.0 decreased risk,auto_close,bda3915925d1ea45
723,2026-08-14T06:47:50.372740+00:00,0.2790119695569509,0,0,prior incident count=0.0 decreased risk | known malicious indicator count=1.0 increased risk | src ip reputation score=100.0 decreased risk,human_review,bda3915925d1ea45
724,2026-08-14T06:47:50.372740+00:00,0.2035399812927616,0,0,known malicious indicator count=0.0 decreased risk | unusual time access=1.0 increased risk | geo mismatch=0.0 decreased risk,human_review,bda3915925d1ea45
725,2026-08-14T06:47:50.372740+00:00,0.0410115927755609,0,0,known malicious indicator count=0.0 decreased risk | prior incident count=0.0 decreased risk | geo mismatch=0.0 decreased risk,auto_close,bda3915925d1ea45
726,2026-08-14T06:47:50.372740+00:00,0.4102156007031411,0,0,geo mismatch=1.0 increased risk | known malicious indicator count=0.0 decreased risk | prior incident count=0.0 decreased risk,human_review,bda3915925d1ea45
727,2026-08-14T06:47:50.372740+00:00,0.5573508904477947,1,0,prior incident count=2.0 increased risk | known malicious indicator count=0.0 decreased risk | unusual time access=1.0 increased risk,human_review,bda3915925d1ea45
728,2026-08-14T06:47:50.372740+00:00,0.0537555230902798,0,0,known malicious indicator count=0.0 decreased risk | geo mismatch=0.0 decreased risk | src ip reputation score=95.9 decreased risk,auto_close,bda3915925d1ea45
729,2026-08-14T06:47:50.372740+00:00,0.0672572810946953,0,0,known malicious indicator count=0.0 decreased risk | prior incident count=0.0 decreased risk | geo mismatch=0.0 decreased risk,auto_close,bda3915925d1ea45
730,2026-08-14T06:47:50.372740+00:00,0.0132319944868222,0,0,known malicious indicator count=0.0 decreased risk | prior incident count=0.0 decreased risk | geo mismatch=0.0 decreased risk,auto_close,bda3915925d1ea45
731,2026-08-14T06:47:50.372740+00:00,0.0360498528141139,0,0,known malicious indicator count=0.0 decreased risk | prior incident count=0.0 decreased risk | geo mismatch=0.0 decreased risk,auto_close,bda3915925d1ea45
732,2026-08-14T06:47:50.372740+00:00,0.0522047575548713,0,0,known malicious indicator count=0.0 decreased risk | prior incident count=0.0 decreased risk | geo mismatch=0.0 decreased risk,auto_close,bda3915925d1ea45
733,2026-08-14T06:47:50.372740+00:00,0.0718975095394188,0,0,known malicious indicator count=0.0 decreased risk | prior incident count=0.0 decreased risk | geo mismatch=0.0 decreased risk,auto_close,bda3915925d1ea45
734,2026-08-14T06:47:50.372740+00:00,0.4477946804346495,0,0,geo mismatch=1.0 increased risk | known malicious indicator count=0.0 decreased risk | prior incident count=0.0 decreased risk,human_review,bda3915925d1ea45
735,2026-08-14T06:47:50.372740+00:00,0.0311018345222624,0,0,known malicious indicator count=0.0 decreased risk | geo mismatch=0.0 decreased risk | protocol risk score=1.7 decreased risk,auto_close,bda3915925d1ea45
736,2026-08-14T06:47:50.372740+00:00,0.0565567718177353,0,0,known malicious indicator count=0.0 decreased risk | geo mismatch=0.0 decreased risk | src ip reputation score=86.7 decreased risk,auto_close,bda3915925d1ea45
737,2026-08-14T06:47:50.372740+00:00,0.2379095278953331,0,1,known malicious indicator count=0.0 decreased risk | prior incident count=0.0 decreased risk | data transfer mb=298.7 increased risk,human_review,bda3915925d1ea45
738,2026-08-14T06:47:50.372740+00:00,0.8309527057152631,1,0,geo mismatch=1.0 increased risk | known malicious indicator count=1.0 increased risk | prior incident count=0.0 decreased risk,auto_escalate,bda3915925d1ea45
739,2026-08-14T06:47:50.372740+00:00,0.1590644992117778,0,0,known malicious indicator count=0.0 decreased risk | geo mismatch=0.0 decreased risk | unusual time access=0.0 decreased risk,human_review,bda3915925d1ea45
740,2026-08-14T06:47:50.372740+00:00,0.2940127843310267,0,0,known malicious indicator count=0.0 decreased risk | prior incident count=0.0 decreased risk | protocol risk score=60.2 increased risk,human_review,bda3915925d1ea45
741,2026-08-14T06:47:50.372740+00:00,0.8136013903451986,1,0,known malicious indicator count=2.0 increased risk | prior incident count=0.0 decreased risk | geo mismatch=0.0 decreased risk,auto_escalate,bda3915925d1ea45
742,2026-08-14T06:47:50.372740+00:00,0.0532218846773679,0,0,known malicious indicator count=0.0 decreased risk | prior incident count=0.0 decreased risk | geo mismatch=0.0 decreased risk,auto_close,bda3915925d1ea45
743,2026-08-14T06:47:50.372740+00:00,0.0724861506106358,0,0,known malicious indicator count=0.0 decreased risk | geo mismatch=0.0 decreased risk | unusual time access=0.0 decreased risk,auto_close,bda3915925d1ea45
744,2026-08-14T06:47:50.372740+00:00,0.038284406583679,0,0,known malicious indicator count=0.0 decreased risk | prior incident count=0.0 decreased risk | geo mismatch=0.0 decreased risk,auto_close,bda3915925d1ea45
745,2026-08-14T06:47:50.372740+00:00,0.0496022921570884,0,0,known malicious indicator count=0.0 decreased risk | prior incident count=0.0 decreased risk | geo mismatch=0.0 decreased risk,auto_close,bda3915925d1ea45
746,2026-08-14T06:47:50.372740+00:00,0.0233631154683725,0,0,known malicious indicator count=0.0 decreased risk | prior incident count=0.0 decreased risk | geo mismatch=0.0 decreased risk,auto_close,bda3915925d1ea45
747,2026-08-14T06:47:50.372740+00:00,0.1380306147788757,0,0,prior incident count=0.0 decreased risk | known malicious indicator count=1.0 increased risk | geo mismatch=0.0 decreased risk,auto_close,bda3915925d1ea45
748,2026-08-14T06:47:50.372740+00:00,0.056138169411727,0,0,known malicious indicator count=0.0 decreased risk | geo mismatch=0.0 decreased risk | src ip reputation score=85.4 decreased risk,auto_close,bda3915925d1ea45
749,2026-08-14T06:47:50.372740+00:00,0.2515798381686244,0,0,prior incident count=0.0 decreased risk | known malicious indicator count=1.0 increased risk | geo mismatch=0.0 decreased risk,human_review,bda3915925d1ea45
750,2026-08-14T06:47:50.372740+00:00,0.030066234892754,0,0,known malicious indicator count=0.0 decreased risk | prior incident count=0.0 decreased risk | geo mismatch=0.0 decreased risk,auto_close,bda3915925d1ea45
751,2026-08-14T06:47:50.372740+00:00,0.0849862813232066,0,0,known malicious indicator count=0.0 decreased risk | geo mismatch=0.0 decreased risk | unusual time access=0.0 decreased risk,auto_close,bda3915925d1ea45
752,2026-08-14T06:47:50.372740+00:00,0.0415330304029147,0,0,known malicious indicator count=0.0 decreased risk | prior incident count=0.0 decreased risk | geo mismatch=0.0 decreased risk,auto_close,bda3915925d1ea45
753,2026-08-14T06:47:50.372740+00:00,0.0452286337390554,0,0,known malicious indicator count=0.0 decreased risk | geo mismatch=0.0 decreased risk | protocol risk score=14.5 decreased risk,auto_close,bda3915925d1ea45
754,2026-08-14T06:47:50.372740+00:00,0.1382118213421254,0,0,known malicious indicator count=0.0 decreased risk | prior incident count=0.0 decreased risk | unusual time access=1.0 increased risk,auto_close,bda3915925d1ea45
755,2026-08-14T06:47:50.372740+00:00,0.1259608925349162,0,0,known malicious indicator count=0.0 decreased risk | prior incident count=0.0 decreased risk | unusual time access=1.0 increased risk,auto_close,bda3915925d1ea45
756,2026-08-14T06:47:50.372740+00:00,0.0274406188507413,0,0,known malicious indicator count=0.0 decreased risk | prior incident count=0.0 decreased risk | geo mismatch=0.0 decreased risk,auto_close,bda3915925d1ea45
757,2026-08-14T06:47:50.372740+00:00,0.0291838318280812,0,0,known malicious indicator count=0.0 decreased risk | prior incident count=0.0 decreased risk | geo mismatch=0.0 decreased risk,auto_close,bda3915925d1ea45
758,2026-08-14T06:47:50.372740+00:00,0.0157348952710963,0,0,known malicious indicator count=0.0 decreased risk | prior incident count=0.0 decreased risk | geo mismatch=0.0 decreased risk,auto_close,bda3915925d1ea45
759,2026-08-14T06:47:50.372740+00:00,0.7463653736704018,1,0,known malicious indicator count=1.0 increased risk | prior incident count=1.0 increased risk | geo mismatch=0.0 decreased risk,human_review,bda3915925d1ea45
760,2026-08-14T06:47:50.372740+00:00,0.0464763715824984,0,0,known malicious indicator count=0.0 decreased risk | prior incident count=0.0 decreased risk | geo mismatch=0.0 decreased risk,auto_close,bda3915925d1ea45
761,2026-08-14T06:47:50.372740+00:00,0.0641012025486723,0,0,known malicious indicator count=0.0 decreased risk | prior incident count=0.0 decreased risk | geo mismatch=0.0 decreased risk,auto_close,bda3915925d1ea45
762,2026-08-14T06:47:50.372740+00:00,0.5378018456038899,1,0,known malicious indicator count=1.0 increased risk | prior incident count=0.0 decreased risk | unusual time access=1.0 increased risk,human_review,bda3915925d1ea45
763,2026-08-14T06:47:50.372740+00:00,0.2055551638586822,0,0,prior incident count=0.0 decreased risk | known malicious indicator count=1.0 increased risk | geo mismatch=0.0 decreased risk,human_review,bda3915925d1ea45
764,2026-08-14T06:47:50.372740+00:00,0.7583347924436491,1,1,prior incident count=3.0 increased risk | known malicious indicator count=0.0 decreased risk | unusual time access=1.0 increased risk,auto_escalate,bda3915925d1ea45
765,2026-08-14T06:47:50.372740+00:00,0.1499006503579506,0,0,known malicious indicator count=0.0 decreased risk | prior incident count=0.0 decreased risk | unusual time access=1.0 increased risk,auto_close,bda3915925d1ea45
766,2026-08-14T06:47:50.372740+00:00,0.1062916133804229,0,0,known malicious indicator count=0.0 decreased risk | geo mismatch=0.0 decreased risk | unusual time access=0.0 decreased risk,auto_close,bda3915925d1ea45
767,2026-08-14T06:47:50.372740+00:00,0.0372438607094185,0,0,known malicious indicator count=0.0 decreased risk | prior incident count=0.0 decreased risk | geo mismatch=0.0 decreased risk,auto_close,bda3915925d1ea45
768,2026-08-14T06:47:50.372740+00:00,0.0306367470714328,0,0,known malicious indicator count=0.0 decreased risk | prior incident count=0.0 decreased risk | geo mismatch=0.0 decreased risk,auto_close,bda3915925d1ea45
769,2026-08-14T06:47:50.372740+00:00,0.0457736415149166,0,0,known malicious indicator count=0.0 decreased risk | prior incident count=0.0 decreased risk | days since last patch=64.8 increased risk,auto_close,bda3915925d1ea45
770,2026-08-14T06:47:50.372740+00:00,0.3912234396732558,0,1,known malicious indicator count=0.0 decreased risk | src ip reputation score=30.6 increased risk | data transfer mb=179.1 increased risk,human_review,bda3915925d1ea45
771,2026-08-14T06:47:50.372740+00:00,0.619647546481001,1,0,prior incident count=2.0 increased risk | known malicious indicator count=0.0 decreased risk | protocol risk score=52.3 increased risk,human_review,bda3915925d1ea45
772,2026-08-14T06:47:50.372740+00:00,0.3474184140492053,0,0,prior incident count=0.0 decreased risk | known malicious indicator count=1.0 increased risk | geo mismatch=0.0 decreased risk,human_review,bda3915925d1ea45
773,2026-08-14T06:47:50.372740+00:00,0.0171788413457131,0,0,known malicious indicator count=0.0 decreased risk | prior incident count=0.0 decreased risk | geo mismatch=0.0 decreased risk,auto_close,bda3915925d1ea45
774,2026-08-14T06:47:50.372740+00:00,0.0531800037534496,0,0,known malicious indicator count=0.0 decreased risk | geo mismatch=0.0 decreased risk | unusual time access=0.0 decreased risk,auto_close,bda3915925d1ea45
775,2026-08-14T06:47:50.372740+00:00,0.0337508656935076,0,0,known malicious indicator count=0.0 decreased risk | prior incident count=0.0 decreased risk | geo mismatch=0.0 decreased risk,auto_close,bda3915925d1ea45
776,2026-08-14T06:47:50.372740+00:00,0.1200914961555483,0,0,known malicious indicator count=0.0 decreased risk | geo mismatch=0.0 decreased risk | protocol risk score=49.3 increased risk,auto_close,bda3915925d1ea45
777,2026-08-14T06:47:50.372740+00:00,0.9106702695388124,1,1,prior incident count=2.0 increased risk | known malicious indicator count=1.0 increased risk | src ip reputation score=35.9 increased risk,auto_escalate,bda3915925d1ea45
778,2026-08-14T06:47:50.372740+00:00,0.0186474234664573,0,0,known malicious indicator count=0.0 decreased risk | prior incident count=0.0 decreased risk | geo mismatch=0.0 decreased risk,auto_close,bda3915925d1ea45
779,2026-08-14T06:47:50.372740+00:00,0.1814063464277434,0,0,prior incident count=0.0 decreased risk | known malicious indicator count=1.0 increased risk | geo mismatch=0.0 decreased risk,human_review,bda3915925d1ea45
780,2026-08-14T06:47:50.372740+00:00,0.1755581859714999,0,0,known malicious indicator count=0.0 decreased risk | prior incident count=0.0 decreased risk | protocol risk score=72.3 increased risk,human_review,bda3915925d1ea45
781,2026-08-14T06:47:50.372740+00:00,0.0355104824867914,0,0,known malicious indicator count=0.0 decreased risk | prior incident count=0.0 decreased risk | geo mismatch=0.0 decreased risk,auto_close,bda3915925d1ea45
782,2026-08-14T06:47:50.372740+00:00,0.9011548422131452,1,1,geo mismatch=1.0 increased risk | prior incident count=2.0 increased risk | known malicious indicator count=0.0 decreased risk,auto_escalate,bda3915925d1ea45
783,2026-08-14T06:47:50.372740+00:00,0.5749137090584459,1,1,prior incident count=2.0 increased risk | known malicious indicator count=0.0 decreased risk | src ip reputation score=30.7 increased risk,human_review,bda3915925d1ea45
784,2026-08-14T06:47:50.372740+00:00,0.9212115397879974,1,1,known malicious indicator count=2.0 increased risk | geo mismatch=0.0 decreased risk | prior incident count=1.0 increased risk,auto_escalate,bda3915925d1ea45
785,2026-08-14T06:47:50.372740+00:00,0.6834256812090342,1,1,known malicious indicator count=2.0 increased risk | prior incident count=0.0 decreased risk | src ip reputation score=99.7 decreased risk,human_review,bda3915925d1ea45
786,2026-08-14T06:47:50.372740+00:00,0.1048217649107701,0,0,known malicious indicator count=0.0 decreased risk | geo mismatch=0.0 decreased risk | unusual time access=0.0 decreased risk,auto_close,bda3915925d1ea45
787,2026-08-14T06:47:50.372740+00:00,0.1280064959567342,0,0,known malicious indicator count=0.0 decreased risk | data transfer mb=169.6 increased risk | geo mismatch=0.0 decreased risk,auto_close,bda3915925d1ea45
788,2026-08-14T06:47:50.372740+00:00,0.2355383689877257,0,0,prior incident count=0.0 decreased risk | known malicious indicator count=1.0 increased risk | src ip reputation score=100.0 decreased risk,human_review,bda3915925d1ea45
789,2026-08-14T06:47:50.372740+00:00,0.0871034795522169,0,0,known malicious indicator count=0.0 decreased risk | prior incident count=0.0 decreased risk | geo mismatch=0.0 decreased risk,auto_close,bda3915925d1ea45
790,2026-08-14T06:47:50.372740+00:00,0.4303568907686135,0,0,geo mismatch=1.0 increased risk | known malicious indicator count=0.0 decreased risk | prior incident count=0.0 decreased risk,human_review,bda3915925d1ea45
791,2026-08-14T06:47:50.372740+00:00,0.0290956159696308,0,0,known malicious indicator count=0.0 decreased risk | prior incident count=0.0 decreased risk | geo mismatch=0.0 decreased risk,auto_close,bda3915925d1ea45
792,2026-08-14T06:47:50.372740+00:00,0.2028774201451458,0,0,prior incident count=0.0 decreased risk | known malicious indicator count=1.0 increased risk | geo mismatch=0.0 decreased risk,human_review,bda3915925d1ea45
793,2026-08-14T06:47:50.372740+00:00,0.0912763843926617,0,0,known malicious indicator count=0.0 decreased risk | geo mismatch=0.0 decreased risk | unusual time access=0.0 decreased risk,auto_close,bda3915925d1ea45
794,2026-08-14T06:47:50.372740+00:00,0.1228528002002871,0,0,known malicious indicator count=0.0 decreased risk | prior incident count=0.0 decreased risk | unusual time access=1.0 increased risk,auto_close,bda3915925d1ea45
795,2026-08-14T06:47:50.372740+00:00,0.3411273514320963,0,0,prior incident count=0.0 decreased risk | known malicious indicator count=1.0 increased risk | geo mismatch=0.0 decreased risk,human_review,bda3915925d1ea45
796,2026-08-14T06:47:50.372740+00:00,0.6095543167572088,1,0,prior incident count=2.0 increased risk | known malicious indicator count=0.0 decreased risk | days since last patch=82.4 increased risk,human_review,bda3915925d1ea45
797,2026-08-14T06:47:50.372740+00:00,0.1382295165419515,0,0,known malicious indicator count=0.0 decreased risk | protocol risk score=64.8 increased risk | geo mismatch=0.0 decreased risk,auto_close,bda3915925d1ea45
798,2026-08-14T06:47:50.372740+00:00,0.1995005218183793,0,0,prior incident count=0.0 decreased risk | known malicious indicator count=1.0 increased risk | geo mismatch=0.0 decreased risk,human_review,bda3915925d1ea45
799,2026-08-14T06:47:50.372740+00:00,0.1004576757499965,0,0,known malicious indicator count=0.0 decreased risk | geo mismatch=0.0 decreased risk | unusual time access=0.0 decreased risk,auto_close,bda3915925d1ea45
800,2026-08-14T06:47:50.372740+00:00,0.1362054550221502,0,0,prior incident count=0.0 decreased risk | known malicious indicator count=0.0 decreased risk | days since last patch=61.4 increased risk,auto_close,bda3915925d1ea45
801,2026-08-14T06:47:50.372740+00:00,0.0470258344849231,0,0,known malicious indicator count=0.0 decreased risk | prior incident count=0.0 decreased risk | geo mismatch=0.0 decreased risk,auto_close,bda3915925d1ea45
802,2026-08-14T06:47:50.372740+00:00,0.7937480301110965,1,1,known malicious indicator count=2.0 increased risk | prior incident count=2.0 increased risk | protocol risk score=0.0 decreased risk,auto_escalate,bda3915925d1ea45
803,2026-08-14T06:47:50.372740+00:00,0.0207971551101194,0,0,known malicious indicator count=0.0 decreased risk | prior incident count=0.0 decreased risk | geo mismatch=0.0 decreased risk,auto_close,bda3915925d1ea45
804,2026-08-14T06:47:50.372740+00:00,0.0440567022191167,0,0,known malicious indicator count=0.0 decreased risk | prior incident count=0.0 decreased risk | geo mismatch=0.0 decreased risk,auto_close,bda3915925d1ea45
805,2026-08-14T06:47:50.372740+00:00,0.058345229626905,0,0,known malicious indicator count=0.0 decreased risk | geo mismatch=0.0 decreased risk | unusual time access=0.0 decreased risk,auto_close,bda3915925d1ea45
806,2026-08-14T06:47:50.372740+00:00,0.2733478925383085,0,0,geo mismatch=1.0 increased risk | known malicious indicator count=0.0 decreased risk | prior incident count=0.0 decreased risk,human_review,bda3915925d1ea45
807,2026-08-14T06:47:50.372740+00:00,0.0298128933869453,0,0,known malicious indicator count=0.0 decreased risk | prior incident count=0.0 decreased risk | geo mismatch=0.0 decreased risk,auto_close,bda3915925d1ea45
808,2026-08-14T06:47:50.372740+00:00,0.2495687362819165,0,0,geo mismatch=1.0 increased risk | known malicious indicator count=0.0 decreased risk | prior incident count=0.0 decreased risk,human_review,bda3915925d1ea45
809,2026-08-14T06:47:50.372740+00:00,0.4938425231972813,0,0,prior incident count=2.0 increased risk | known malicious indicator count=0.0 decreased risk | geo mismatch=0.0 decreased risk,human_review,bda3915925d1ea45
810,2026-08-14T06:47:50.372740+00:00,0.4929922261741659,0,0,geo mismatch=1.0 increased risk | known malicious indicator count=0.0 decreased risk | prior incident count=0.0 decreased risk,human_review,bda3915925d1ea45
811,2026-08-14T06:47:50.372740+00:00,0.0611955084436523,0,0,known malicious indicator count=0.0 decreased risk | prior incident count=0.0 decreased risk | days since last patch=80.8 increased risk,auto_close,bda3915925d1ea45
812,2026-08-14T06:47:50.372740+00:00,0.0386527335731511,0,0,known malicious indicator count=0.0 decreased risk | prior incident count=0.0 decreased risk | geo mismatch=0.0 decreased risk,auto_close,bda3915925d1ea45
813,2026-08-14T06:47:50.372740+00:00,0.6685894623265455,1,0,known malicious indicator count=1.0 increased risk | prior incident count=1.0 increased risk | geo mismatch=0.0 decreased risk,human_review,bda3915925d1ea45
814,2026-08-14T06:47:50.372740+00:00,0.2513610585448524,0,0,prior incident count=0.0 decreased risk | known malicious indicator count=1.0 increased risk | geo mismatch=0.0 decreased risk,human_review,bda3915925d1ea45
815,2026-08-14T06:47:50.372740+00:00,0.7493618095105805,1,1,prior incident count=2.0 increased risk | known malicious indicator count=0.0 decreased risk | src ip reputation score=40.5 increased risk,human_review,bda3915925d1ea45
816,2026-08-14T06:47:50.372740+00:00,0.2635169354199826,0,1,prior incident count=0.0 decreased risk | known malicious indicator count=1.0 increased risk | geo mismatch=0.0 decreased risk,human_review,bda3915925d1ea45
817,2026-08-14T06:47:50.372740+00:00,0.0415090983735608,0,0,known malicious indicator count=0.0 decreased risk | prior incident count=0.0 decreased risk | geo mismatch=0.0 decreased risk,auto_close,bda3915925d1ea45
818,2026-08-14T06:47:50.372740+00:00,0.0266283710137311,0,0,known malicious indicator count=0.0 decreased risk | prior incident count=0.0 decreased risk | geo mismatch=0.0 decreased risk,auto_close,bda3915925d1ea45
819,2026-08-14T06:47:50.372740+00:00,0.3982030687821881,0,0,prior incident count=0.0 decreased risk | known malicious indicator count=1.0 increased risk | days since last patch=60.6 increased risk,human_review,bda3915925d1ea45
820,2026-08-14T06:47:50.372740+00:00,0.0946773674715384,0,0,known malicious indicator count=0.0 decreased risk | geo mismatch=0.0 decreased risk | unusual time access=0.0 decreased risk,auto_close,bda3915925d1ea45
821,2026-08-14T06:47:50.372740+00:00,0.5664871487039579,1,1,known malicious indicator count=1.0 increased risk | prior incident count=0.0 decreased risk | protocol risk score=60.3 increased risk,human_review,bda3915925d1ea45
822,2026-08-14T06:47:50.372740+00:00,0.0243932014076282,0,0,known malicious indicator count=0.0 decreased risk | prior incident count=0.0 decreased risk | geo mismatch=0.0 decreased risk,auto_close,bda3915925d1ea45
823,2026-08-14T06:47:50.372740+00:00,0.0290260359101988,0,0,known malicious indicator count=0.0 decreased risk | prior incident count=0.0 decreased risk | geo mismatch=0.0 decreased risk,auto_close,bda3915925d1ea45
824,2026-08-14T06:47:50.372740+00:00,0.0879147731429522,0,0,known malicious indicator count=0.0 decreased risk | prior incident count=0.0 decreased risk | src ip reputation score=36.2 increased risk,auto_close,bda3915925d1ea45
825,2026-08-14T06:47:50.372740+00:00,0.4164450863252177,0,0,prior incident count=0.0 decreased risk | known malicious indicator count=1.0 increased risk | src ip reputation score=35.7 increased risk,human_review,bda3915925d1ea45
826,2026-08-14T06:47:50.372740+00:00,0.1226355852032515,0,0,known malicious indicator count=0.0 decreased risk | prior incident count=0.0 decreased risk | unusual time access=1.0 increased risk,auto_close,bda3915925d1ea45
827,2026-08-14T06:47:50.372740+00:00,0.049819065560211,0,0,known malicious indicator count=0.0 decreased risk | prior incident count=0.0 decreased risk | geo mismatch=0.0 decreased risk,auto_close,bda3915925d1ea45
828,2026-08-14T06:47:50.372740+00:00,0.046533028251219,0,0,known malicious indicator count=0.0 decreased risk | prior incident count=0.0 decreased risk | geo mismatch=0.0 decreased risk,auto_close,bda3915925d1ea45
829,2026-08-14T06:47:50.372740+00:00,0.0819722772839403,0,0,known malicious indicator count=0.0 decreased risk | geo mismatch=0.0 decreased risk | unusual time access=0.0 decreased risk,auto_close,bda3915925d1ea45
830,2026-08-14T06:47:50.372740+00:00,0.0756102110024423,0,0,known malicious indicator count=0.0 decreased risk | prior incident count=0.0 decreased risk | unusual time access=1.0 increased risk,auto_close,bda3915925d1ea45
831,2026-08-14T06:47:50.372740+00:00,0.0470773443307442,0,0,known malicious indicator count=0.0 decreased risk | geo mismatch=0.0 decreased risk | unusual time access=0.0 decreased risk,auto_close,bda3915925d1ea45
832,2026-08-14T06:47:50.372740+00:00,0.3413480706305204,0,0,prior incident count=0.0 decreased risk | known malicious indicator count=1.0 increased risk | geo mismatch=0.0 decreased risk,human_review,bda3915925d1ea45
833,2026-08-14T06:47:50.372740+00:00,0.0853689831803195,0,0,known malicious indicator count=0.0 decreased risk | prior incident count=0.0 decreased risk | unusual time access=1.0 increased risk,auto_close,bda3915925d1ea45
834,2026-08-14T06:47:50.372740+00:00,0.5892586958501869,1,0,known malicious indicator count=1.0 increased risk | src ip reputation score=82.3 decreased risk | prior incident count=1.0 increased risk,human_review,bda3915925d1ea45
835,2026-08-14T06:47:50.372740+00:00,0.8923070605882942,1,1,prior incident count=2.0 increased risk | known malicious indicator count=1.0 increased risk | geo mismatch=0.0 decreased risk,auto_escalate,bda3915925d1ea45
836,2026-08-14T06:47:50.372740+00:00,0.4656371452711746,0,0,known malicious indicator count=1.0 increased risk | prior incident count=0.0 decreased risk | data transfer mb=162.2 increased risk,human_review,bda3915925d1ea45
837,2026-08-14T06:47:50.372740+00:00,0.356425762379045,0,0,prior incident count=0.0 decreased risk | known malicious indicator count=1.0 increased risk | src ip reputation score=37.8 increased risk,human_review,bda3915925d1ea45
838,2026-08-14T06:47:50.372740+00:00,0.025299003252236,0,0,known malicious indicator count=0.0 decreased risk | prior incident count=0.0 decreased risk | geo mismatch=0.0 decreased risk,auto_close,bda3915925d1ea45
839,2026-08-14T06:47:50.372740+00:00,0.1938275641000333,0,0,prior incident count=0.0 decreased risk | known malicious indicator count=1.0 increased risk | geo mismatch=0.0 decreased risk,human_review,bda3915925d1ea45
840,2026-08-14T06:47:50.372740+00:00,0.03356812517019,0,0,known malicious indicator count=0.0 decreased risk | prior incident count=0.0 decreased risk | geo mismatch=0.0 decreased risk,auto_close,bda3915925d1ea45
841,2026-08-14T06:47:50.372740+00:00,0.0221281899044573,0,0,known malicious indicator count=0.0 decreased risk | prior incident count=0.0 decreased risk | geo mismatch=0.0 decreased risk,auto_close,bda3915925d1ea45
842,2026-08-14T06:47:50.372740+00:00,0.4160039469359745,0,0,known malicious indicator count=0.0 decreased risk | days since last patch=59.7 increased risk | protocol risk score=62.9 increased risk,human_review,bda3915925d1ea45
843,2026-08-14T06:47:50.372740+00:00,0.1101823846769856,0,0,known malicious indicator count=0.0 decreased risk | geo mismatch=0.0 decreased risk | protocol risk score=47.5 increased risk,auto_close,bda3915925d1ea45
844,2026-08-14T06:47:50.372740+00:00,0.5632878741418366,1,0,known malicious indicator count=0.0 decreased risk | days since last patch=108.4 increased risk | protocol risk score=60.0 increased risk,human_review,bda3915925d1ea45
845,2026-08-14T06:47:50.372740+00:00,0.0139818395867665,0,0,known malicious indicator count=0.0 decreased risk | prior incident count=0.0 decreased risk | geo mismatch=0.0 decreased risk,auto_close,bda3915925d1ea45
846,2026-08-14T06:47:50.372740+00:00,0.1584871782167197,0,0,known malicious indicator count=0.0 decreased risk | prior incident count=0.0 decreased risk | unusual time access=1.0 increased risk,human_review,bda3915925d1ea45
847,2026-08-14T06:47:50.372740+00:00,0.2716180725591612,0,0,known malicious indicator count=0.0 decreased risk | unusual time access=1.0 increased risk | geo mismatch=0.0 decreased risk,human_review,bda3915925d1ea45
848,2026-08-14T06:47:50.372740+00:00,0.0579120124249076,0,0,known malicious indicator count=0.0 decreased risk | prior incident count=0.0 decreased risk | geo mismatch=0.0 decreased risk,auto_close,bda3915925d1ea45
849,2026-08-14T06:47:50.372740+00:00,0.4664705533261923,0,0,prior incident count=0.0 decreased risk | known malicious indicator count=1.0 increased risk | unusual time access=1.0 increased risk,human_review,bda3915925d1ea45
850,2026-08-14T06:47:50.372740+00:00,0.0758892730424602,0,0,known malicious indicator count=0.0 decreased risk | prior incident count=0.0 decreased risk | data transfer mb=167.6 increased risk,auto_close,bda3915925d1ea45
851,2026-08-14T06:47:50.372740+00:00,0.327741402159608,0,0,prior incident count=0.0 decreased risk | known malicious indicator count=1.0 increased risk | geo mismatch=0.0 decreased risk,human_review,bda3915925d1ea45
852,2026-08-14T06:47:50.372740+00:00,0.9063910385262453,1,1,known malicious indicator count=2.0 increased risk | protocol risk score=49.8 increased risk | geo mismatch=0.0 decreased risk,auto_escalate,bda3915925d1ea45
853,2026-08-14T06:47:50.372740+00:00,0.0213385610091281,0,0,known malicious indicator count=0.0 decreased risk | prior incident count=0.0 decreased risk | geo mismatch=0.0 decreased risk,auto_close,bda3915925d1ea45
854,2026-08-14T06:47:50.372740+00:00,0.3407351420573912,0,0,prior incident count=0.0 decreased risk | known malicious indicator count=1.0 increased risk | geo mismatch=0.0 decreased risk,human_review,bda3915925d1ea45
855,2026-08-14T06:47:50.372740+00:00,0.0762132476092411,0,0,known malicious indicator count=0.0 decreased risk | prior incident count=0.0 decreased risk | src ip reputation score=26.2 increased risk,auto_close,bda3915925d1ea45
856,2026-08-14T06:47:50.372740+00:00,0.8889980477855883,1,1,prior incident count=2.0 increased risk | known malicious indicator count=1.0 increased risk | geo mismatch=0.0 decreased risk,auto_escalate,bda3915925d1ea45
857,2026-08-14T06:47:50.372740+00:00,0.0654542412926745,0,0,known malicious indicator count=0.0 decreased risk | prior incident count=0.0 decreased risk | geo mismatch=0.0 decreased risk,auto_close,bda3915925d1ea45
858,2026-08-14T06:47:50.372740+00:00,0.2591709643456539,0,0,known malicious indicator count=0.0 decreased risk | days since last patch=56.6 increased risk | geo mismatch=0.0 decreased risk,human_review,bda3915925d1ea45
859,2026-08-14T06:47:50.372740+00:00,0.7476211915774243,1,0,known malicious indicator count=1.0 increased risk | prior incident count=1.0 increased risk | geo mismatch=0.0 decreased risk,human_review,bda3915925d1ea45
860,2026-08-14T06:47:50.372740+00:00,0.0381189115258973,0,0,known malicious indicator count=0.0 decreased risk | prior incident count=0.0 decreased risk | geo mismatch=0.0 decreased risk,auto_close,bda3915925d1ea45
861,2026-08-14T06:47:50.372740+00:00,0.0312764452755879,0,0,known malicious indicator count=0.0 decreased risk | prior incident count=0.0 decreased risk | geo mismatch=0.0 decreased risk,auto_close,bda3915925d1ea45
862,2026-08-14T06:47:50.372740+00:00,0.1662559612026742,0,0,known malicious indicator count=0.0 decreased risk | prior incident count=0.0 decreased risk | unusual time access=1.0 increased risk,human_review,bda3915925d1ea45
863,2026-08-14T06:47:50.372740+00:00,0.0281211285064044,0,0,known malicious indicator count=0.0 decreased risk | prior incident count=0.0 decreased risk | geo mismatch=0.0 decreased risk,auto_close,bda3915925d1ea45
864,2026-08-14T06:47:50.372740+00:00,0.0983341826103833,0,0,prior incident count=0.0 decreased risk | known malicious indicator count=1.0 increased risk | protocol risk score=5.1 decreased risk,auto_close,bda3915925d1ea45
865,2026-08-14T06:47:50.372740+00:00,0.1442259437043494,0,0,known malicious indicator count=0.0 decreased risk | geo mismatch=0.0 decreased risk | src ip reputation score=91.8 decreased risk,auto_close,bda3915925d1ea45
866,2026-08-14T06:47:50.372740+00:00,0.3420174135199672,0,0,prior incident count=0.0 decreased risk | known malicious indicator count=1.0 increased risk | protocol risk score=5.9 decreased risk,human_review,bda3915925d1ea45
867,2026-08-14T06:47:50.372740+00:00,0.0617548176983413,0,0,known malicious indicator count=0.0 decreased risk | prior incident count=0.0 decreased risk | geo mismatch=0.0 decreased risk,auto_close,bda3915925d1ea45
868,2026-08-14T06:47:50.372740+00:00,0.018140594527834,0,0,known malicious indicator count=0.0 decreased risk | prior incident count=0.0 decreased risk | geo mismatch=0.0 decreased risk,auto_close,bda3915925d1ea45
869,2026-08-14T06:47:50.372740+00:00,0.0344069504909811,0,0,known malicious indicator count=0.0 decreased risk | prior incident count=0.0 decreased risk | geo mismatch=0.0 decreased risk,auto_close,bda3915925d1ea45
870,2026-08-14T06:47:50.372740+00:00,0.4353793381529546,0,0,known malicious indicator count=0.0 decreased risk | unusual time access=1.0 increased risk | src ip reputation score=39.5 increased risk,human_review,bda3915925d1ea45
871,2026-08-14T06:47:50.372740+00:00,0.0929706176069325,0,0,known malicious indicator count=0.0 decreased risk | prior incident count=0.0 decreased risk | geo mismatch=0.0 decreased risk,auto_close,bda3915925d1ea45
872,2026-08-14T06:47:50.372740+00:00,0.9269747755894174,1,1,prior incident count=3.0 increased risk | known malicious indicator count=1.0 increased risk | geo mismatch=0.0 decreased risk,auto_escalate,bda3915925d1ea45
873,2026-08-14T06:47:50.372740+00:00,0.8526529615019127,1,1,known malicious indicator count=2.0 increased risk | prior incident count=0.0 decreased risk | protocol risk score=52.5 increased risk,auto_escalate,bda3915925d1ea45
874,2026-08-14T06:47:50.372740+00:00,0.0323403762112537,0,0,known malicious indicator count=0.0 decreased risk | prior incident count=0.0 decreased risk | geo mismatch=0.0 decreased risk,auto_close,bda3915925d1ea45
875,2026-08-14T06:47:50.372740+00:00,0.9221714594444697,1,1,known malicious indicator count=1.0 increased risk | unusual time access=1.0 increased risk | prior incident count=1.0 increased risk,auto_escalate,bda3915925d1ea45
876,2026-08-14T06:47:50.372740+00:00,0.1914745641662062,0,0,known malicious indicator count=0.0 decreased risk | prior incident count=0.0 decreased risk | protocol risk score=58.4 increased risk,human_review,bda3915925d1ea45
877,2026-08-14T06:47:50.372740+00:00,0.0455444291607374,0,0,known malicious indicator count=0.0 decreased risk | prior incident count=0.0 decreased risk | geo mismatch=0.0 decreased risk,auto_close,bda3915925d1ea45
878,2026-08-14T06:47:50.372740+00:00,0.1100433321423353,0,0,known malicious indicator count=0.0 decreased risk | geo mismatch=0.0 decreased risk | protocol risk score=53.1 increased risk,auto_close,bda3915925d1ea45
879,2026-08-14T06:47:50.372740+00:00,0.8169179740362073,1,0,known malicious indicator count=1.0 increased risk | prior incident count=1.0 increased risk | protocol risk score=50.0 increased risk,auto_escalate,bda3915925d1ea45
880,2026-08-14T06:47:50.372740+00:00,0.3167098682583628,0,0,prior incident count=2.0 increased risk | known malicious indicator count=0.0 decreased risk | src ip reputation score=100.0 decreased risk,human_review,bda3915925d1ea45
881,2026-08-14T06:47:50.372740+00:00,0.0370489859003599,0,0,known malicious indicator count=0.0 decreased risk | prior incident count=0.0 decreased risk | geo mismatch=0.0 decreased risk,auto_close,bda3915925d1ea45
882,2026-08-14T06:47:50.372740+00:00,0.8256492262123567,1,0,geo mismatch=1.0 increased risk | known malicious indicator count=0.0 decreased risk | protocol risk score=43.2 increased risk,auto_escalate,bda3915925d1ea45
883,2026-08-14T06:47:50.372740+00:00,0.4691043244088094,0,0,prior incident count=0.0 decreased risk | known malicious indicator count=1.0 increased risk | unusual time access=1.0 increased risk,human_review,bda3915925d1ea45
884,2026-08-14T06:47:50.372740+00:00,0.040281063356332,0,0,known malicious indicator count=0.0 decreased risk | prior incident count=0.0 decreased risk | geo mismatch=0.0 decreased risk,auto_close,bda3915925d1ea45
885,2026-08-14T06:47:50.372740+00:00,0.4458902292928507,0,0,known malicious indicator count=1.0 increased risk | src ip reputation score=81.7 decreased risk | protocol risk score=19.0 decreased risk,human_review,bda3915925d1ea45
886,2026-08-14T06:47:50.372740+00:00,0.9485084594774748,1,1,prior incident count=2.0 increased risk | known malicious indicator count=1.0 increased risk | src ip reputation score=5.2 increased risk,auto_escalate,bda3915925d1ea45
887,2026-08-14T06:47:50.372740+00:00,0.2346741799033868,0,0,prior incident count=0.0 decreased risk | known malicious indicator count=1.0 increased risk | protocol risk score=13.0 decreased risk,human_review,bda3915925d1ea45
888,2026-08-14T06:47:50.372740+00:00,0.021502547926962,0,0,known malicious indicator count=0.0 decreased risk | prior incident count=0.0 decreased risk | geo mismatch=0.0 decreased risk,auto_close,bda3915925d1ea45
889,2026-08-14T06:47:50.372740+00:00,0.0295691372018189,0,0,known malicious indicator count=0.0 decreased risk | prior incident count=0.0 decreased risk | geo mismatch=0.0 decreased risk,auto_close,bda3915925d1ea45
890,2026-08-14T06:47:50.372740+00:00,0.5077067093454642,1,0,prior incident count=0.0 decreased risk | known malicious indicator count=1.0 increased risk | geo mismatch=0.0 decreased risk,human_review,bda3915925d1ea45
891,2026-08-14T06:47:50.372740+00:00,0.0343233300784656,0,0,known malicious indicator count=0.0 decreased risk | prior incident count=0.0 decreased risk | geo mismatch=0.0 decreased risk,auto_close,bda3915925d1ea45
892,2026-08-14T06:47:50.372740+00:00,0.0396364929606157,0,0,known malicious indicator count=0.0 decreased risk | prior incident count=0.0 decreased risk | geo mismatch=0.0 decreased risk,auto_close,bda3915925d1ea45
893,2026-08-14T06:47:50.372740+00:00,0.0710331796065125,0,0,known malicious indicator count=0.0 decreased risk | geo mismatch=0.0 decreased risk | protocol risk score=17.2 decreased risk,auto_close,bda3915925d1ea45
894,2026-08-14T06:47:50.372740+00:00,0.0838368846007339,0,0,known malicious indicator count=0.0 decreased risk | prior incident count=0.0 decreased risk | src ip reputation score=31.8 increased risk,auto_close,bda3915925d1ea45
895,2026-08-14T06:47:50.372740+00:00,0.4871074482849674,0,0,known malicious indicator count=1.0 increased risk | src ip reputation score=92.1 decreased risk | geo mismatch=0.0 decreased risk,human_review,bda3915925d1ea45
896,2026-08-14T06:47:50.372740+00:00,0.6339269743343151,1,0,geo mismatch=1.0 increased risk | known malicious indicator count=0.0 decreased risk | protocol risk score=11.7 decreased risk,human_review,bda3915925d1ea45
897,2026-08-14T06:47:50.372740+00:00,0.5516957125603389,1,0,prior incident count=2.0 increased risk | known malicious indicator count=0.0 decreased risk | unusual time access=1.0 increased risk,human_review,bda3915925d1ea45
898,2026-08-14T06:47:50.372740+00:00,0.7040393962751093,1,1,prior incident count=2.0 increased risk | known malicious indicator count=0.0 decreased risk | days since last patch=62.6 increased risk,human_review,bda3915925d1ea45
899,2026-08-14T06:47:50.372740+00:00,0.1128402588002378,0,0,known malicious indicator count=0.0 decreased risk | geo mismatch=0.0 decreased risk | protocol risk score=19.0 decreased risk,auto_close,bda3915925d1ea45
900,2026-08-14T06:47:50.372740+00:00,0.3231796267608556,0,0,prior incident count=0.0 decreased risk | known malicious indicator count=1.0 increased risk | geo mismatch=0.0 decreased risk,human_review,bda3915925d1ea45
901,2026-08-14T06:47:50.372740+00:00,0.6817764474746988,1,0,known malicious indicator count=1.0 increased risk | prior incident count=1.0 increased risk | protocol risk score=15.1 decreased risk,human_review,bda3915925d1ea45
902,2026-08-14T06:47:50.372740+00:00,0.941543788490202,1,1,prior incident count=2.0 increased risk | known malicious indicator count=1.0 increased risk | data transfer mb=155.6 increased risk,auto_escalate,bda3915925d1ea45
903,2026-08-14T06:47:50.372740+00:00,0.0551049517370333,0,0,prior incident count=0.0 decreased risk | known malicious indicator count=0.0 decreased risk | unusual time access=1.0 increased risk,auto_close,bda3915925d1ea45
904,2026-08-14T06:47:50.372740+00:00,0.6734834094525517,1,0,known malicious indicator count=1.0 increased risk | prior incident count=1.0 increased risk | src ip reputation score=83.3 decreased risk,human_review,bda3915925d1ea45
905,2026-08-14T06:47:50.372740+00:00,0.0569404927833421,0,0,known malicious indicator count=0.0 decreased risk | geo mismatch=0.0 decreased risk | src ip reputation score=83.9 decreased risk,auto_close,bda3915925d1ea45
906,2026-08-14T06:47:50.372740+00:00,0.1015834835733461,0,0,known malicious indicator count=0.0 decreased risk | geo mismatch=0.0 decreased risk | unusual time access=0.0 decreased risk,auto_close,bda3915925d1ea45
907,2026-08-14T06:47:50.372740+00:00,0.1606461490018274,0,0,known malicious indicator count=0.0 decreased risk | src ip reputation score=31.4 increased risk | geo mismatch=0.0 decreased risk,human_review,bda3915925d1ea45
908,2026-08-14T06:47:50.372740+00:00,0.6424829143637371,1,0,known malicious indicator count=1.0 increased risk | prior incident count=1.0 increased risk | protocol risk score=9.0 decreased risk,human_review,bda3915925d1ea45
909,2026-08-14T06:47:50.372740+00:00,0.5926174290978854,1,0,geo mismatch=1.0 increased risk | known malicious indicator count=0.0 decreased risk | protocol risk score=13.8 decreased risk,human_review,bda3915925d1ea45
910,2026-08-14T06:47:50.372740+00:00,0.8884237421784283,1,1,prior incident count=3.0 increased risk | known malicious indicator count=1.0 increased risk | src ip reputation score=93.8 decreased risk,auto_escalate,bda3915925d1ea45
911,2026-08-14T06:47:50.372740+00:00,0.1130112681078661,0,0,known malicious indicator count=0.0 decreased risk | geo mismatch=0.0 decreased risk | days since last patch=1.1 decreased risk,auto_close,bda3915925d1ea45
912,2026-08-14T06:47:50.372740+00:00,0.39996244406255,0,1,prior incident count=0.0 decreased risk | known malicious indicator count=1.0 increased risk | geo mismatch=0.0 decreased risk,human_review,bda3915925d1ea45
913,2026-08-14T06:47:50.372740+00:00,0.0346456842994936,0,0,known malicious indicator count=0.0 decreased risk | prior incident count=0.0 decreased risk | geo mismatch=0.0 decreased risk,auto_close,bda3915925d1ea45
914,2026-08-14T06:47:50.372740+00:00,0.7041669680644665,1,0,known malicious indicator count=1.0 increased risk | protocol risk score=9.7 decreased risk | prior incident count=1.0 increased risk,human_review,bda3915925d1ea45
915,2026-08-14T06:47:50.372740+00:00,0.0742002589552364,0,0,known malicious indicator count=0.0 decreased risk | geo mismatch=0.0 decreased risk | src ip reputation score=92.4 decreased risk,auto_close,bda3915925d1ea45
916,2026-08-14T06:47:50.372740+00:00,0.4622769818033366,0,0,known malicious indicator count=1.0 increased risk | protocol risk score=14.1 decreased risk | src ip reputation score=78.2 decreased risk,human_review,bda3915925d1ea45
917,2026-08-14T06:47:50.372740+00:00,0.075905251256993,0,0,known malicious indicator count=0.0 decreased risk | geo mismatch=0.0 decreased risk | protocol risk score=17.4 decreased risk,auto_close,bda3915925d1ea45
918,2026-08-14T06:47:50.372740+00:00,0.0917233693436297,0,0,known malicious indicator count=0.0 decreased risk | geo mismatch=0.0 decreased risk | protocol risk score=0.0 decreased risk,auto_close,bda3915925d1ea45
919,2026-08-14T06:47:50.372740+00:00,0.0534169744026768,0,0,known malicious indicator count=0.0 decreased risk | geo mismatch=0.0 decreased risk | src ip reputation score=89.0 decreased risk,auto_close,bda3915925d1ea45
920,2026-08-14T06:47:50.372740+00:00,0.0340039215373466,0,0,known malicious indicator count=0.0 decreased risk | prior incident count=0.0 decreased risk | geo mismatch=0.0 decreased risk,auto_close,bda3915925d1ea45
921,2026-08-14T06:47:50.372740+00:00,0.2031267554637061,0,0,prior incident count=0.0 decreased risk | known malicious indicator count=1.0 increased risk | geo mismatch=0.0 decreased risk,human_review,bda3915925d1ea45
922,2026-08-14T06:47:50.372740+00:00,0.1379082036164224,0,0,prior incident count=0.0 decreased risk | known malicious indicator count=1.0 increased risk | src ip reputation score=100.0 decreased risk,auto_close,bda3915925d1ea45
923,2026-08-14T06:47:50.372740+00:00,0.0136131362740671,0,0,known malicious indicator count=0.0 decreased risk | prior incident count=0.0 decreased risk | geo mismatch=0.0 decreased risk,auto_close,bda3915925d1ea45
924,2026-08-14T06:47:50.372740+00:00,0.0123800015722199,0,0,known malicious indicator count=0.0 decreased risk | prior incident count=0.0 decreased risk | geo mismatch=0.0 decreased risk,auto_close,bda3915925d1ea45
925,2026-08-14T06:47:50.372740+00:00,0.1848533413947266,0,0,known malicious indicator count=0.0 decreased risk | prior incident count=0.0 decreased risk | src ip reputation score=26.6 increased risk,human_review,bda3915925d1ea45
926,2026-08-14T06:47:50.372740+00:00,0.0233843992931501,0,0,known malicious indicator count=0.0 decreased risk | prior incident count=0.0 decreased risk | geo mismatch=0.0 decreased risk,auto_close,bda3915925d1ea45
927,2026-08-14T06:47:50.372740+00:00,0.5301256915787935,1,0,geo mismatch=1.0 increased risk | known malicious indicator count=0.0 decreased risk | prior incident count=0.0 decreased risk,human_review,bda3915925d1ea45
928,2026-08-14T06:47:50.372740+00:00,0.4974684790137593,0,0,geo mismatch=1.0 increased risk | known malicious indicator count=0.0 decreased risk | prior incident count=0.0 decreased risk,human_review,bda3915925d1ea45
929,2026-08-14T06:47:50.372740+00:00,0.4879736652312861,0,0,geo mismatch=1.0 increased risk | known malicious indicator count=0.0 decreased risk | prior incident count=0.0 decreased risk,human_review,bda3915925d1ea45
930,2026-08-14T06:47:50.372740+00:00,0.431638289847711,0,0,prior incident count=0.0 decreased risk | known malicious indicator count=1.0 increased risk | geo mismatch=0.0 decreased risk,human_review,bda3915925d1ea45
931,2026-08-14T06:47:50.372740+00:00,0.2440537596034906,0,0,known malicious indicator count=0.0 decreased risk | prior incident count=0.0 decreased risk | unusual time access=1.0 increased risk,human_review,bda3915925d1ea45
932,2026-08-14T06:47:50.372740+00:00,0.0347135591327038,0,0,known malicious indicator count=0.0 decreased risk | prior incident count=0.0 decreased risk | geo mismatch=0.0 decreased risk,auto_close,bda3915925d1ea45
933,2026-08-14T06:47:50.372740+00:00,0.0241767669488221,0,0,known malicious indicator count=0.0 decreased risk | prior incident count=0.0 decreased risk | geo mismatch=0.0 decreased risk,auto_close,bda3915925d1ea45
934,2026-08-14T06:47:50.372740+00:00,0.6449849837337408,1,1,known malicious indicator count=1.0 increased risk | prior incident count=1.0 increased risk | geo mismatch=0.0 decreased risk,human_review,bda3915925d1ea45
935,2026-08-14T06:47:50.372740+00:00,0.0436214235631697,0,0,known malicious indicator count=0.0 decreased risk | prior incident count=0.0 decreased risk | geo mismatch=0.0 decreased risk,auto_close,bda3915925d1ea45
936,2026-08-14T06:47:50.372740+00:00,0.0354874548557202,0,0,known malicious indicator count=0.0 decreased risk | prior incident count=0.0 decreased risk | geo mismatch=0.0 decreased risk,auto_close,bda3915925d1ea45
937,2026-08-14T06:47:50.372740+00:00,0.0299040945341528,0,0,known malicious indicator count=0.0 decreased risk | prior incident count=0.0 decreased risk | geo mismatch=0.0 decreased risk,auto_close,bda3915925d1ea45
938,2026-08-14T06:47:50.372740+00:00,0.0647462520698685,0,0,known malicious indicator count=0.0 decreased risk | prior incident count=0.0 decreased risk | unusual time access=1.0 increased risk,auto_close,bda3915925d1ea45
939,2026-08-14T06:47:50.372740+00:00,0.3114785404513926,0,0,geo mismatch=1.0 increased risk | known malicious indicator count=0.0 decreased risk | prior incident count=0.0 decreased risk,human_review,bda3915925d1ea45
940,2026-08-14T06:47:50.372740+00:00,0.774058422078656,1,0,known malicious indicator count=2.0 increased risk | prior incident count=0.0 decreased risk | geo mismatch=0.0 decreased risk,auto_escalate,bda3915925d1ea45
941,2026-08-14T06:47:50.372740+00:00,0.8676144519432922,1,1,known malicious indicator count=2.0 increased risk | geo mismatch=0.0 decreased risk | unusual time access=0.0 decreased risk,auto_escalate,bda3915925d1ea45
942,2026-08-14T06:47:50.372740+00:00,0.5864064580393115,1,1,known malicious indicator count=0.0 decreased risk | unusual time access=1.0 increased risk | days since last patch=52.4 increased risk,human_review,bda3915925d1ea45
943,2026-08-14T06:47:50.372740+00:00,0.6777399897551578,1,0,geo mismatch=1.0 increased risk | known malicious indicator count=0.0 decreased risk | days since last patch=61.1 increased risk,human_review,bda3915925d1ea45
944,2026-08-14T06:47:50.372740+00:00,0.0580667773642616,0,0,known malicious indicator count=0.0 decreased risk | geo mismatch=0.0 decreased risk | unusual time access=0.0 decreased risk,auto_close,bda3915925d1ea45
945,2026-08-14T06:47:50.372740+00:00,0.3073358628710662,0,0,prior incident count=2.0 increased risk | known malicious indicator count=0.0 decreased risk | protocol risk score=6.0 decreased risk,human_review,bda3915925d1ea45
946,2026-08-14T06:47:50.372740+00:00,0.0565204035429816,0,0,known malicious indicator count=0.0 decreased risk | prior incident count=0.0 decreased risk | geo mismatch=0.0 decreased risk,auto_close,bda3915925d1ea45
947,2026-08-14T06:47:50.372740+00:00,0.913284357522818,1,1,known malicious indicator count=2.0 increased risk | geo mismatch=1.0 increased risk | src ip reputation score=92.5 decreased risk,auto_escalate,bda3915925d1ea45
948,2026-08-14T06:47:50.372740+00:00,0.0828825009070406,0,0,known malicious indicator count=0.0 decreased risk | prior incident count=0.0 decreased risk | unusual time access=1.0 increased risk,auto_close,bda3915925d1ea45
949,2026-08-14T06:47:50.372740+00:00,0.7281893024328222,1,1,known malicious indicator count=1.0 increased risk | prior incident count=0.0 decreased risk | unusual time access=1.0 increased risk,human_review,bda3915925d1ea45
950,2026-08-14T06:47:50.372740+00:00,0.4585831539504392,0,0,geo mismatch=1.0 increased risk | known malicious indicator count=0.0 decreased risk | src ip reputation score=83.4 decreased risk,human_review,bda3915925d1ea45
951,2026-08-14T06:47:50.372740+00:00,0.7198093777151364,1,1,geo mismatch=1.0 increased risk | known malicious indicator count=0.0 decreased risk | protocol risk score=13.4 decreased risk,human_review,bda3915925d1ea45
952,2026-08-14T06:47:50.372740+00:00,0.216713096969203,0,0,known malicious indicator count=0.0 decreased risk | prior incident count=0.0 decreased risk | src ip reputation score=26.2 increased risk,human_review,bda3915925d1ea45
953,2026-08-14T06:47:50.372740+00:00,0.6190652806292922,1,0,geo mismatch=1.0 increased risk | known malicious indicator count=0.0 decreased risk | prior incident count=0.0 decreased risk,human_review,bda3915925d1ea45
954,2026-08-14T06:47:50.372740+00:00,0.0781807315948254,0,0,known malicious indicator count=0.0 decreased risk | prior incident count=0.0 decreased risk | geo mismatch=0.0 decreased risk,auto_close,bda3915925d1ea45
955,2026-08-14T06:47:50.372740+00:00,0.0304598384302738,0,0,known malicious indicator count=0.0 decreased risk | prior incident count=0.0 decreased risk | geo mismatch=0.0 decreased risk,auto_close,bda3915925d1ea45
956,2026-08-14T06:47:50.372740+00:00,0.0325828386203173,0,0,known malicious indicator count=0.0 decreased risk | prior incident count=0.0 decreased risk | geo mismatch=0.0 decreased risk,auto_close,bda3915925d1ea45
957,2026-08-14T06:47:50.372740+00:00,0.3442766816154615,0,0,known malicious indicator count=0.0 decreased risk | unusual time access=1.0 increased risk | geo mismatch=0.0 decreased risk,human_review,bda3915925d1ea45
958,2026-08-14T06:47:50.372740+00:00,0.0281685972923363,0,0,known malicious indicator count=0.0 decreased risk | prior incident count=0.0 decreased risk | geo mismatch=0.0 decreased risk,auto_close,bda3915925d1ea45
959,2026-08-14T06:47:50.372740+00:00,0.0355362905346671,0,0,known malicious indicator count=0.0 decreased risk | geo mismatch=0.0 decreased risk | src ip reputation score=99.3 decreased risk,auto_close,bda3915925d1ea45
960,2026-08-14T06:47:50.372740+00:00,0.0348535036438089,0,0,known malicious indicator count=0.0 decreased risk | prior incident count=0.0 decreased risk | geo mismatch=0.0 decreased risk,auto_close,bda3915925d1ea45
961,2026-08-14T06:47:50.372740+00:00,0.5633353656788995,1,0,prior incident count=0.0 decreased risk | known malicious indicator count=1.0 increased risk | unusual time access=1.0 increased risk,human_review,bda3915925d1ea45
962,2026-08-14T06:47:50.372740+00:00,0.2393069179142179,0,0,prior incident count=0.0 decreased risk | known malicious indicator count=1.0 increased risk | geo mismatch=0.0 decreased risk,human_review,bda3915925d1ea45
963,2026-08-14T06:47:50.372740+00:00,0.0186947450218942,0,0,known malicious indicator count=0.0 decreased risk | prior incident count=0.0 decreased risk | geo mismatch=0.0 decreased risk,auto_close,bda3915925d1ea45
964,2026-08-14T06:47:50.372740+00:00,0.8694122426428004,1,1,geo mismatch=1.0 increased risk | known malicious indicator count=1.0 increased risk | protocol risk score=21.0 decreased risk,auto_escalate,bda3915925d1ea45
965,2026-08-14T06:47:50.372740+00:00,0.7497086403615418,1,1,geo mismatch=1.0 increased risk | known malicious indicator count=1.0 increased risk | src ip reputation score=100.0 decreased risk,human_review,bda3915925d1ea45
966,2026-08-14T06:47:50.372740+00:00,0.0478197451633451,0,0,known malicious indicator count=0.0 decreased risk | prior incident count=0.0 decreased risk | geo mismatch=0.0 decreased risk,auto_close,bda3915925d1ea45
967,2026-08-14T06:47:50.372740+00:00,0.1807868652645685,0,0,known malicious indicator count=0.0 decreased risk | prior incident count=0.0 decreased risk | unusual time access=1.0 increased risk,human_review,bda3915925d1ea45
968,2026-08-14T06:47:50.372740+00:00,0.8748089868263895,1,1,geo mismatch=1.0 increased risk | known malicious indicator count=0.0 decreased risk | days since last patch=52.1 increased risk,auto_escalate,bda3915925d1ea45
969,2026-08-14T06:47:50.372740+00:00,0.4832760325287419,0,0,known malicious indicator count=1.0 increased risk | prior incident count=0.0 decreased risk | src ip reputation score=37.9 increased risk,human_review,bda3915925d1ea45
970,2026-08-14T06:47:50.372740+00:00,0.1064567705406148,0,0,known malicious indicator count=0.0 decreased risk | geo mismatch=0.0 decreased risk | protocol risk score=13.8 decreased risk,auto_close,bda3915925d1ea45
971,2026-08-14T06:47:50.372740+00:00,0.0260545969251293,0,0,known malicious indicator count=0.0 decreased risk | prior incident count=0.0 decreased risk | geo mismatch=0.0 decreased risk,auto_close,bda3915925d1ea45
972,2026-08-14T06:47:50.372740+00:00,0.6923066446089821,1,0,geo mismatch=1.0 increased risk | known malicious indicator count=0.0 decreased risk | protocol risk score=15.6 decreased risk,human_review,bda3915925d1ea45
973,2026-08-14T06:47:50.372740+00:00,0.1463635168583645,0,0,known malicious indicator count=0.0 decreased risk | geo mismatch=0.0 decreased risk | src ip reputation score=37.7 increased risk,auto_close,bda3915925d1ea45
974,2026-08-14T06:47:50.372740+00:00,0.0423857286460778,0,0,known malicious indicator count=0.0 decreased risk | prior incident count=0.0 decreased risk | geo mismatch=0.0 decreased risk,auto_close,bda3915925d1ea45
975,2026-08-14T06:47:50.372740+00:00,0.0452093874218127,0,0,known malicious indicator count=0.0 decreased risk | prior incident count=0.0 decreased risk | geo mismatch=0.0 decreased risk,auto_close,bda3915925d1ea45
976,2026-08-14T06:47:50.372740+00:00,0.2517006394227356,0,0,geo mismatch=1.0 increased risk | known malicious indicator count=0.0 decreased risk | prior incident count=0.0 decreased risk,human_review,bda3915925d1ea45
977,2026-08-14T06:47:50.372740+00:00,0.0342097424453082,0,0,known malicious indicator count=0.0 decreased risk | prior incident count=0.0 decreased risk | geo mismatch=0.0 decreased risk,auto_close,bda3915925d1ea45
978,2026-08-14T06:47:50.372740+00:00,0.0505628895723335,0,0,known malicious indicator count=0.0 decreased risk | prior incident count=0.0 decreased risk | geo mismatch=0.0 decreased risk,auto_close,bda3915925d1ea45
979,2026-08-14T06:47:50.372740+00:00,0.071961015674845,0,0,known malicious indicator count=0.0 decreased risk | geo mismatch=0.0 decreased risk | protocol risk score=17.1 decreased risk,auto_close,bda3915925d1ea45
980,2026-08-14T06:47:50.372740+00:00,0.0273163515584193,0,0,known malicious indicator count=0.0 decreased risk | prior incident count=0.0 decreased risk | geo mismatch=0.0 decreased risk,auto_close,bda3915925d1ea45
981,2026-08-14T06:47:50.372740+00:00,0.1130559630393812,0,0,known malicious indicator count=0.0 decreased risk | geo mismatch=0.0 decreased risk | unusual time access=0.0 decreased risk,auto_close,bda3915925d1ea45
982,2026-08-14T06:47:50.372740+00:00,0.1171297547296929,0,0,prior incident count=0.0 decreased risk | known malicious indicator count=1.0 increased risk | protocol risk score=3.8 decreased risk,auto_close,bda3915925d1ea45
983,2026-08-14T06:47:50.372740+00:00,0.0198752062853257,0,0,known malicious indicator count=0.0 decreased risk | prior incident count=0.0 decreased risk | geo mismatch=0.0 decreased risk,auto_close,bda3915925d1ea45
984,2026-08-14T06:47:50.372740+00:00,0.0624903712149729,0,0,known malicious indicator count=0.0 decreased risk | prior incident count=0.0 decreased risk | geo mismatch=0.0 decreased risk,auto_close,bda3915925d1ea45
985,2026-08-14T06:47:50.372740+00:00,0.0999296813507592,0,0,known malicious indicator count=0.0 decreased risk | geo mismatch=0.0 decreased risk | unusual time access=0.0 decreased risk,auto_close,bda3915925d1ea45
986,2026-08-14T06:47:50.372740+00:00,0.0268728212458136,0,0,known malicious indicator count=0.0 decreased risk | prior incident count=0.0 decreased risk | geo mismatch=0.0 decreased risk,auto_close,bda3915925d1ea45
987,2026-08-14T06:47:50.372740+00:00,0.9340090420059376,1,1,geo mismatch=1.0 increased risk | known malicious indicator count=1.0 increased risk | prior incident count=0.0 decreased risk,auto_escalate,bda3915925d1ea45
988,2026-08-14T06:47:50.372740+00:00,0.033811859875043,0,0,known malicious indicator count=0.0 decreased risk | prior incident count=0.0 decreased risk | geo mismatch=0.0 decreased risk,auto_close,bda3915925d1ea45
989,2026-08-14T06:47:50.372740+00:00,0.0334926498605565,0,0,known malicious indicator count=0.0 decreased risk | prior incident count=0.0 decreased risk | geo mismatch=0.0 decreased risk,auto_close,bda3915925d1ea45
990,2026-08-14T06:47:50.372740+00:00,0.1467159610698928,0,0,known malicious indicator count=0.0 decreased risk | unusual time access=1.0 increased risk | protocol risk score=0.0 decreased risk,auto_close,bda3915925d1ea45
991,2026-08-14T06:47:50.372740+00:00,0.1779748896575009,0,0,known malicious indicator count=0.0 decreased risk | unusual time access=1.0 increased risk | geo mismatch=0.0 decreased risk,human_review,bda3915925d1ea45
992,2026-08-14T06:47:50.372740+00:00,0.4931710996590904,0,0,known malicious indicator count=1.0 increased risk | unusual time access=1.0 increased risk | prior incident count=0.0 decreased risk,human_review,bda3915925d1ea45
993,2026-08-14T06:47:50.372740+00:00,0.0254740944034859,0,0,known malicious indicator count=0.0 decreased risk | prior incident count=0.0 decreased risk | geo mismatch=0.0 decreased risk,auto_close,bda3915925d1ea45
994,2026-08-14T06:47:50.372740+00:00,0.1066155472416428,0,0,known malicious indicator count=0.0 decreased risk | geo mismatch=0.0 decreased risk | days since last patch=1.5 decreased risk,auto_close,bda3915925d1ea45
995,2026-08-14T06:47:50.372740+00:00,0.0647824831715685,0,0,known malicious indicator count=0.0 decreased risk | prior incident count=0.0 decreased risk | geo mismatch=0.0 decreased risk,auto_close,bda3915925d1ea45
996,2026-08-14T06:47:50.372740+00:00,0.0738531250972094,0,0,known malicious indicator count=0.0 decreased risk | geo mismatch=0.0 decreased risk | src ip reputation score=87.0 decreased risk,auto_close,bda3915925d1ea45
997,2026-08-14T06:47:50.372740+00:00,0.0506334377266218,0,0,known malicious indicator count=0.0 decreased risk | prior incident count=0.0 decreased risk | unusual time access=1.0 increased risk,auto_close,bda3915925d1ea45
998,2026-08-14T06:47:50.372740+00:00,0.0297777952199906,0,0,known malicious indicator count=0.0 decreased risk | prior incident count=0.0 decreased risk | geo mismatch=0.0 decreased risk,auto_close,bda3915925d1ea45
999,2026-08-14T06:47:50.372740+00:00,0.0273913069681703,0,0,known malicious indicator count=0.0 decreased risk | prior incident count=0.0 decreased risk | geo mismatch=0.0 decreased risk,auto_close,bda3915925d1ea45
1000,2026-08-14T06:47:50.372740+00:00,0.0256046381614053,0,0,known malicious indicator count=0.0 decreased risk | prior incident count=0.0 decreased risk | geo mismatch=0.0 decreased risk,auto_close,bda3915925d1ea45
