src_ip_reputation_score,login_attempts_last_hour,geo_mismatch,unusual_time_access,data_transfer_mb,known_malicious_indicator_count,days_since_last_patch,protocol_risk_score,user_privilege_level,prior_incident_count,true_label,predicted_label,threat_score,explanation
41.281809522629445,3,0,0,80.8131910744399,0,0.9911346198901676,51.57602427818455,5,0,0,0,0.1135601135839267,known malicious indicator count=0.0 decreased risk | prior incident count=0.0 decreased risk | geo mismatch=0.0 decreased risk
80.0218833987969,1,0,0,38.11299767285463,1,48.82906181388124,11.532489869220107,2,0,0,0,0.2218262100652605,prior incident count=0.0 decreased risk | known malicious indicator count=1.0 increased risk | protocol risk score=11.5 decreased risk
68.67734770748355,7,0,0,86.82839903689403,0,48.26505181030301,37.0840611773685,2,2,1,1,0.5838311298539585,prior incident count=2.0 increased risk | known malicious indicator count=0.0 decreased risk | geo mismatch=0.0 decreased risk
60.68540492859486,1,0,0,81.7755882829203,1,4.582685237265668,6.842321966287056,2,1,0,1,0.6879232083522221,known malicious indicator count=1.0 increased risk | prior incident count=1.0 increased risk | protocol risk score=6.8 decreased risk
69.34610503811814,2,0,0,26.72378888704648,0,27.0620308863406,36.75084189538464,5,1,0,0,0.0725496079247554,known malicious indicator count=0.0 decreased risk | geo mismatch=0.0 decreased risk | unusual time access=0.0 decreased risk
50.283923826643466,0,0,0,3.952065346355862,1,50.67673734026889,33.832010270511894,5,0,0,0,0.375112302181105,prior incident count=0.0 decreased risk | known malicious indicator count=1.0 increased risk | geo mismatch=0.0 decreased risk
68.59668577082707,1,0,0,11.090354871148866,0,20.4593339311852,36.95657253302281,2,1,0,0,0.0601549173154708,known malicious indicator count=0.0 decreased risk | geo mismatch=0.0 decreased risk | unusual time access=0.0 decreased risk
71.51389880010187,4,1,1,12.536906282328705,0,17.53961686818362,44.56236223857098,2,2,1,1,0.9206952360794048,geo mismatch=1.0 increased risk | prior incident count=2.0 increased risk | known malicious indicator count=0.0 decreased risk
93.63782185919924,2,0,1,53.66615925979432,0,3.462707526587929,20.844762732152365,2,0,0,0,0.0456309346205924,known malicious indicator count=0.0 decreased risk | prior incident count=0.0 decreased risk | unusual time access=1.0 increased risk
48.02759149644376,3,0,0,60.11377471146355,0,31.04947654924268,13.047751153487123,1,2,0,1,0.6354263684196616,prior incident count=2.0 increased risk | known malicious indicator count=0.0 decreased risk | src ip reputation score=48.0 increased risk
74.2418670614835,3,0,0,4.326309525326337,0,3.562422838610988,32.48185359316145,2,1,0,0,0.0485324105489932,known malicious indicator count=0.0 decreased risk | geo mismatch=0.0 decreased risk | unusual time access=0.0 decreased risk
80.75259805899759,0,0,0,127.79688245303475,0,3.691216936596036,37.9209130855803,4,1,0,0,0.1091753800382218,known malicious indicator count=0.0 decreased risk | geo mismatch=0.0 decreased risk | unusual time access=0.0 decreased risk
49.83102534905301,1,0,0,14.499134392615709,0,18.949905745685,47.694898998784126,5,0,0,0,0.0496396267225089,known malicious indicator count=0.0 decreased risk | prior incident count=0.0 decreased risk | geo mismatch=0.0 decreased risk
54.21322988560651,3,0,0,41.14156809268974,0,39.63966603563579,20.237909738780523,4,0,0,0,0.0371585542526038,known malicious indicator count=0.0 decreased risk | prior incident count=0.0 decreased risk | geo mismatch=0.0 decreased risk
56.9246732270236,2,0,0,40.43551052918307,0,12.250592554853894,13.76109354264252,4,0,0,0,0.0270854164780606,known malicious indicator count=0.0 decreased risk | prior incident count=0.0 decreased risk | geo mismatch=0.0 decreased risk
69.34493459568003,3,0,0,34.54584670920994,0,45.00631633012126,16.50157334705037,2,2,1,0,0.4422977389348057,prior incident count=2.0 increased risk | known malicious indicator count=0.0 decreased risk | geo mismatch=0.0 decreased risk
76.39563868285074,2,0,0,38.016254602631136,1,19.84043295470671,29.902673360056905,5,0,0,0,0.2294253801835258,prior incident count=0.0 decreased risk | known malicious indicator count=1.0 increased risk | geo mismatch=0.0 decreased risk
87.52338334382466,3,0,0,4.115319696825144,0,3.3003076899526844,19.01521663099816,2,1,0,0,0.0369087869412969,known malicious indicator count=0.0 decreased risk | geo mismatch=0.0 decreased risk | src ip reputation score=87.5 decreased risk
91.33349379178308,2,0,1,200.4888205264068,0,32.29300247189268,41.31357571391002,1,0,0,0,0.2345215659583644,known malicious indicator count=0.0 decreased risk | prior incident count=0.0 decreased risk | data transfer mb=200.5 increased risk
77.58810795210219,3,0,0,11.285224184947891,0,9.95830272022235,24.84283377626331,2,1,0,0,0.0438825719846969,known malicious indicator count=0.0 decreased risk | geo mismatch=0.0 decreased risk | unusual time access=0.0 decreased risk
59.3709089728157,2,0,0,152.7976263845568,1,50.3090347231561,19.080217649060067,3,0,0,0,0.4476629963304879,prior incident count=0.0 decreased risk | known malicious indicator count=1.0 increased risk | geo mismatch=0.0 decreased risk
65.57915072925898,0,0,0,4.27381546478907,0,5.299726835995089,37.21942207518165,1,0,0,0,0.0338418078001414,known malicious indicator count=0.0 decreased risk | prior incident count=0.0 decreased risk | geo mismatch=0.0 decreased risk
41.86369981004923,3,0,0,46.80500785707101,0,15.564860544667912,31.46326846957814,3,0,0,0,0.0431857396809387,known malicious indicator count=0.0 decreased risk | prior incident count=0.0 decreased risk | geo mismatch=0.0 decreased risk
59.50675185866394,2,0,0,4.682900735008409,0,7.554248782534084,35.8321637558773,3,3,1,1,0.7807810176285682,prior incident count=3.0 increased risk | known malicious indicator count=0.0 decreased risk | geo mismatch=0.0 decreased risk
49.83827378165192,3,0,0,254.11029723701387,1,15.258856392357629,8.459540218222603,1,0,0,0,0.4275117732663239,prior incident count=0.0 decreased risk | known malicious indicator count=1.0 increased risk | protocol risk score=8.5 decreased risk
26.933141602575112,2,0,0,87.93010492133371,1,24.54762609555805,47.04311152624508,3,1,1,1,0.8674595592696807,known malicious indicator count=1.0 increased risk | src ip reputation score=26.9 increased risk | prior incident count=1.0 increased risk
67.91314414026216,0,0,0,72.1040175813829,0,67.59245305698708,34.27819508642159,5,0,0,0,0.0599009646323992,known malicious indicator count=0.0 decreased risk | prior incident count=0.0 decreased risk | geo mismatch=0.0 decreased risk
86.5083269797606,1,0,0,9.42040088662316,0,6.471691665492249,17.126983083589305,4,0,0,0,0.0161412545227082,known malicious indicator count=0.0 decreased risk | prior incident count=0.0 decreased risk | geo mismatch=0.0 decreased risk
96.34230134679731,3,0,0,29.880946264768426,0,8.302783891889508,35.63258041079706,4,0,0,0,0.0298984116574226,known malicious indicator count=0.0 decreased risk | prior incident count=0.0 decreased risk | geo mismatch=0.0 decreased risk
76.3704200959775,3,0,0,53.59398394367979,1,25.10236472218551,41.40982110160343,5,0,0,0,0.3531437192179861,prior incident count=0.0 decreased risk | known malicious indicator count=1.0 increased risk | geo mismatch=0.0 decreased risk
83.11801553059522,2,1,0,81.13800281995651,1,9.073304842618995,31.00080452600261,4,0,1,1,0.8714111471759157,geo mismatch=1.0 increased risk | known malicious indicator count=1.0 increased risk | prior incident count=0.0 decreased risk
63.21755441459923,5,0,1,119.52367542001842,1,4.026820562023691,46.70399675629471,1,1,1,1,0.9372946373443132,known malicious indicator count=1.0 increased risk | unusual time access=1.0 increased risk | prior incident count=1.0 increased risk
59.39484763255118,1,0,0,81.05482578706031,0,11.149313045518795,40.61764841416583,2,0,0,0,0.0427093365465019,known malicious indicator count=0.0 decreased risk | prior incident count=0.0 decreased risk | geo mismatch=0.0 decreased risk
73.49155625663678,1,0,0,66.50486801467954,0,2.282121151736493,26.43917964230673,1,0,0,0,0.0294393130020182,known malicious indicator count=0.0 decreased risk | prior incident count=0.0 decreased risk | geo mismatch=0.0 decreased risk
75.38589505161468,2,0,0,70.48897540108972,0,43.86154538759175,53.00329217844986,2,1,0,0,0.087160159565791,known malicious indicator count=0.0 decreased risk | geo mismatch=0.0 decreased risk | protocol risk score=53.0 increased risk
83.6272465315061,5,0,1,102.2484661644688,0,1.7449034394888043,47.55533911897467,4,0,0,0,0.1817693754765641,known malicious indicator count=0.0 decreased risk | prior incident count=0.0 decreased risk | unusual time access=1.0 increased risk
41.34657420520695,2,0,0,6.224936864887347,0,15.69900955959138,26.17948988824532,1,2,0,1,0.519908011589495,prior incident count=2.0 increased risk | known malicious indicator count=0.0 decreased risk | src ip reputation score=41.3 increased risk
82.46814276559832,3,0,0,45.96576075138154,0,0.1609638373634674,29.22556530937308,5,0,0,0,0.0293624188954862,known malicious indicator count=0.0 decreased risk | prior incident count=0.0 decreased risk | geo mismatch=0.0 decreased risk
45.40900811095166,2,0,0,34.54584670920994,0,75.99212978777857,38.98067160022603,4,0,0,0,0.1607681982355298,prior incident count=0.0 decreased risk | known malicious indicator count=0.0 decreased risk | days since last patch=76.0 increased risk
71.1604546961679,3,0,0,63.10671758328418,0,9.847355518254089,31.636226809547395,2,1,0,0,0.0545927631882248,known malicious indicator count=0.0 decreased risk | geo mismatch=0.0 decreased risk | unusual time access=0.0 decreased risk
28.731936950410912,2,0,0,86.74316702776213,1,68.52973809314751,13.061435055887191,1,0,0,0,0.4022107322427521,prior incident count=0.0 decreased risk | known malicious indicator count=1.0 increased risk | days since last patch=68.5 increased risk
78.56372495621153,0,0,0,28.99438966155546,0,9.745805471092911,18.91573782128688,5,3,1,1,0.601097932358099,prior incident count=3.0 increased risk | known malicious indicator count=0.0 decreased risk | geo mismatch=0.0 decreased risk
47.45007802093923,0,0,0,14.262446401387448,0,8.788989918284889,34.77706966889307,2,0,0,0,0.038275888115047,known malicious indicator count=0.0 decreased risk | prior incident count=0.0 decreased risk | geo mismatch=0.0 decreased risk
100.0,1,0,0,0.855020175712101,0,23.072746486061323,22.14969112625105,4,0,0,0,0.0311902338159579,known malicious indicator count=0.0 decreased risk | prior incident count=0.0 decreased risk | geo mismatch=0.0 decreased risk
100.0,0,0,0,28.987775768584783,0,26.81131820160148,19.09323584355172,5,1,0,0,0.0390563224610862,known malicious indicator count=0.0 decreased risk | geo mismatch=0.0 decreased risk | src ip reputation score=100.0 decreased risk
53.03142731618371,5,0,0,22.725205848340387,1,14.291006615111826,27.726388261531472,3,2,1,1,0.9124311367034648,prior incident count=2.0 increased risk | known malicious indicator count=1.0 increased risk | geo mismatch=0.0 decreased risk
78.27598194902997,5,0,0,52.46569296548356,0,19.372256757135883,57.19749113467272,5,1,0,0,0.2109716783931821,known malicious indicator count=0.0 decreased risk | geo mismatch=0.0 decreased risk | protocol risk score=57.2 increased risk
92.4474843740632,4,1,0,8.909118598853304,0,38.07980835970912,20.77861458567405,4,0,0,0,0.3057928063758253,geo mismatch=1.0 increased risk | known malicious indicator count=0.0 decreased risk | prior incident count=0.0 decreased risk
41.198982348114114,3,0,0,150.33699089383782,1,11.644436423672255,18.30553988503287,4,0,0,0,0.4422450609499779,prior incident count=0.0 decreased risk | known malicious indicator count=1.0 increased risk | geo mismatch=0.0 decreased risk
86.27961720395483,3,0,1,65.3976130579428,0,0.966455780405884,22.338658667380106,3,1,0,0,0.2257474324841218,known malicious indicator count=0.0 decreased risk | unusual time access=1.0 increased risk | geo mismatch=0.0 decreased risk
51.8448763970616,1,0,0,133.78253946173348,0,4.096526085998367,22.389706999910807,1,0,0,0,0.034995196629121,known malicious indicator count=0.0 decreased risk | prior incident count=0.0 decreased risk | geo mismatch=0.0 decreased risk
43.82359201761776,1,0,0,57.05011454771595,0,36.640992934513065,39.395925745404426,1,0,0,0,0.04608626823127,known malicious indicator count=0.0 decreased risk | prior incident count=0.0 decreased risk | geo mismatch=0.0 decreased risk
64.05247841513787,2,0,1,10.773958062412609,1,2.2334042250591537,31.3343741622662,1,0,0,1,0.5299794167197353,known malicious indicator count=1.0 increased risk | prior incident count=0.0 decreased risk | unusual time access=1.0 increased risk
73.93109553023149,4,0,0,56.19703879064441,1,55.24904961021996,15.196157174941469,4,0,0,0,0.4483534306779456,prior incident count=0.0 decreased risk | known malicious indicator count=1.0 increased risk | days since last patch=55.2 increased risk
59.94050458897314,0,0,0,55.62753563683828,0,7.65627409818528,24.475949097260614,2,0,0,0,0.0306516160585498,known malicious indicator count=0.0 decreased risk | prior incident count=0.0 decreased risk | geo mismatch=0.0 decreased risk
100.0,2,0,0,13.358070624732283,0,23.88027263057396,33.885516729858985,3,1,0,0,0.059557254502748,known malicious indicator count=0.0 decreased risk | geo mismatch=0.0 decreased risk | src ip reputation score=100.0 decreased risk
81.85060614635523,4,0,0,4.776965892863025,0,1.2947496431474526,2.0690147950204256,1,1,0,0,0.0427350240054716,known malicious indicator count=0.0 decreased risk | geo mismatch=0.0 decreased risk | protocol risk score=2.1 decreased risk
79.32716748892669,1,0,0,36.25898161125052,0,11.162323418447825,31.57718958697949,5,0,0,0,0.0293646764032145,known malicious indicator count=0.0 decreased risk | prior incident count=0.0 decreased risk | geo mismatch=0.0 decreased risk
100.0,2,0,0,58.87388531433262,0,34.88536387531241,61.80514561455906,1,1,0,0,0.0964761973054532,known malicious indicator count=0.0 decreased risk | src ip reputation score=100.0 decreased risk | geo mismatch=0.0 decreased risk
17.60509791820511,1,0,0,15.52788274899578,0,17.250358966856083,56.28663248338269,5,0,0,0,0.2193721479346932,known malicious indicator count=0.0 decreased risk | prior incident count=0.0 decreased risk | src ip reputation score=17.6 increased risk
70.48438913345517,2,0,0,69.07511409532545,0,3.338143731389162,39.03390949070259,2,0,0,0,0.037451617355937,known malicious indicator count=0.0 decreased risk | prior incident count=0.0 decreased risk | geo mismatch=0.0 decreased risk
31.73439510684404,3,0,0,137.2018375688698,1,7.762092541427544,40.28065708171936,3,1,0,1,0.8604458094692518,known malicious indicator count=1.0 increased risk | src ip reputation score=31.7 increased risk | prior incident count=1.0 increased risk
83.9765684040507,3,0,0,27.47611274582285,0,13.621178176956713,42.71470863381715,1,0,0,0,0.0264031681755943,known malicious indicator count=0.0 decreased risk | prior incident count=0.0 decreased risk | geo mismatch=0.0 decreased risk
68.38566839782835,2,0,0,26.052076584578103,2,34.89340484743893,26.85162505811521,4,0,1,1,0.8263947194293884,known malicious indicator count=2.0 increased risk | prior incident count=0.0 decreased risk | geo mismatch=0.0 decreased risk
64.80906644832166,4,0,0,25.992394423655984,0,9.77978890605349,5.57560501217289,1,1,0,0,0.0842345045949315,known malicious indicator count=0.0 decreased risk | geo mismatch=0.0 decreased risk | protocol risk score=5.6 decreased risk
87.90076628152231,1,0,0,35.47203756096191,1,13.621178176956713,45.74845276378673,5,0,0,0,0.2032649794286192,prior incident count=0.0 decreased risk | known malicious indicator count=1.0 increased risk | geo mismatch=0.0 decreased risk
70.249986438145,3,0,0,90.08662304274728,0,90.78726216123366,38.61026698869608,4,0,0,0,0.0998364116512158,known malicious indicator count=0.0 decreased risk | prior incident count=0.0 decreased risk | days since last patch=90.8 increased risk
82.51261867292001,5,1,0,19.38653975147808,0,15.4541421255419,16.249186483967666,5,2,1,1,0.8231436463767848,geo mismatch=1.0 increased risk | prior incident count=2.0 increased risk | known malicious indicator count=0.0 decreased risk
53.21564953554723,5,0,0,56.17922807466954,0,20.572626187540788,17.18181566032212,4,0,0,0,0.0504305354280749,known malicious indicator count=0.0 decreased risk | prior incident count=0.0 decreased risk | geo mismatch=0.0 decreased risk
90.78223574840536,2,0,0,10.495058986410456,0,71.1269186973755,44.51743216006565,1,0,0,0,0.1295934603044763,known malicious indicator count=0.0 decreased risk | prior incident count=0.0 decreased risk | days since last patch=71.1 increased risk
51.17954598667242,3,0,0,43.35044641680418,0,27.841715053296184,22.77068471052044,1,2,0,1,0.6312552082816474,prior incident count=2.0 increased risk | known malicious indicator count=0.0 decreased risk | src ip reputation score=51.2 increased risk
63.81581845900273,4,0,0,4.481113087327288,0,8.628968158613105,19.4655561612183,3,0,0,0,0.0340955027937011,known malicious indicator count=0.0 decreased risk | prior incident count=0.0 decreased risk | geo mismatch=0.0 decreased risk
49.20386937946232,2,0,1,13.209295086711595,0,3.08365609540145,39.19609738861638,2,1,0,0,0.316673946741133,known malicious indicator count=0.0 decreased risk | unusual time access=1.0 increased risk | geo mismatch=0.0 decreased risk
64.01636455145132,2,0,0,50.79414622150188,0,36.77122295895954,56.661757379435016,5,2,0,1,0.6378905753605872,prior incident count=2.0 increased risk | known malicious indicator count=0.0 decreased risk | protocol risk score=56.7 increased risk
38.73618382606686,2,0,0,71.83938348782804,0,12.348279156619624,54.89680637135047,3,0,0,0,0.1334438684252023,known malicious indicator count=0.0 decreased risk | prior incident count=0.0 decreased risk | geo mismatch=0.0 decreased risk
83.29854324603482,4,0,0,53.92847467875407,0,14.162955562730744,11.004905958486964,3,0,0,0,0.0178745401487958,known malicious indicator count=0.0 decreased risk | prior incident count=0.0 decreased risk | geo mismatch=0.0 decreased risk
58.79637919606061,2,0,0,27.249283963974623,0,42.74707058854495,24.7416857248127,5,1,0,0,0.1077573598944666,known malicious indicator count=0.0 decreased risk | geo mismatch=0.0 decreased risk | unusual time access=0.0 decreased risk
99.42340654987215,1,1,0,119.53197537592855,0,39.6059589842786,13.738976092967,2,2,0,1,0.7216706089157323,geo mismatch=1.0 increased risk | prior incident count=2.0 increased risk | known malicious indicator count=0.0 decreased risk
64.33722206512466,1,0,1,50.23497576638493,2,44.286988625172334,45.8661007781971,1,0,1,1,0.9027931015197058,known malicious indicator count=2.0 increased risk | prior incident count=0.0 decreased risk | unusual time access=1.0 increased risk
81.58582999202177,1,0,0,131.08098400298363,0,13.593382569269048,29.234744344256068,3,1,0,0,0.0906853783776845,known malicious indicator count=0.0 decreased risk | geo mismatch=0.0 decreased risk | unusual time access=0.0 decreased risk
99.53080699451792,1,0,0,29.033386799635323,0,1.3735550849414029,34.472677604466064,3,1,0,0,0.0508163997854098,known malicious indicator count=0.0 decreased risk | geo mismatch=0.0 decreased risk | src ip reputation score=99.5 decreased risk
46.1095412046793,0,0,1,5.1656172134775264,0,7.679944223033328,0.0,2,1,0,0,0.1495135170666264,known malicious indicator count=0.0 decreased risk | unusual time access=1.0 increased risk | protocol risk score=0.0 decreased risk
73.80847779850116,2,0,0,44.913399789594095,0,6.728327667209549,27.624455411837623,4,1,0,0,0.0494444565361295,known malicious indicator count=0.0 decreased risk | geo mismatch=0.0 decreased risk | unusual time access=0.0 decreased risk
87.16902233313331,2,0,0,22.52336045038256,0,24.418223543387096,10.873583622597993,1,0,0,0,0.011214621621141,known malicious indicator count=0.0 decreased risk | prior incident count=0.0 decreased risk | geo mismatch=0.0 decreased risk
91.07971542365752,5,0,0,16.044465223447066,0,23.51805926844401,27.38701372118761,3,0,0,0,0.0443223434732119,known malicious indicator count=0.0 decreased risk | prior incident count=0.0 decreased risk | geo mismatch=0.0 decreased risk
76.76967686923382,1,0,0,26.524861066039417,0,7.830919698080583,55.10561303014497,5,0,0,0,0.0620284711000956,known malicious indicator count=0.0 decreased risk | prior incident count=0.0 decreased risk | geo mismatch=0.0 decreased risk
37.67378783126824,2,0,0,10.331162195320514,0,10.216375197219207,7.544893399072748,1,0,0,0,0.0537300573585234,known malicious indicator count=0.0 decreased risk | prior incident count=0.0 decreased risk | protocol risk score=7.5 decreased risk
80.44285091867872,1,0,0,106.23566173457112,0,30.349346347979264,34.6636621314672,3,0,0,0,0.0318303687600486,known malicious indicator count=0.0 decreased risk | prior incident count=0.0 decreased risk | geo mismatch=0.0 decreased risk
48.59830467347695,4,0,0,144.3198109459805,0,3.409435623609366,11.363338852891191,3,1,0,0,0.1094242328180397,known malicious indicator count=0.0 decreased risk | geo mismatch=0.0 decreased risk | protocol risk score=11.4 decreased risk
80.82925456409576,3,0,0,115.67442812337129,0,24.010268731380144,25.081427065944887,1,1,0,0,0.0721383461869123,known malicious indicator count=0.0 decreased risk | geo mismatch=0.0 decreased risk | unusual time access=0.0 decreased risk
100.0,1,1,0,26.834036908615865,0,0.7874586815823527,18.54385643029652,4,0,0,0,0.2133800807188131,geo mismatch=1.0 increased risk | known malicious indicator count=0.0 decreased risk | prior incident count=0.0 decreased risk
93.60256347483056,1,0,0,14.051493276254757,0,42.817520079906615,34.692937666949575,3,0,0,0,0.022613416294521,known malicious indicator count=0.0 decreased risk | prior incident count=0.0 decreased risk | geo mismatch=0.0 decreased risk
100.0,0,0,1,32.23577193374651,0,2.5183272192598816,60.37239297342668,5,0,0,0,0.0981853039085152,known malicious indicator count=0.0 decreased risk | prior incident count=0.0 decreased risk | unusual time access=1.0 increased risk
100.0,0,1,0,25.57908824800917,1,16.106720355529532,49.77772946919267,5,0,1,1,0.788805354813662,geo mismatch=1.0 increased risk | known malicious indicator count=1.0 increased risk | prior incident count=0.0 decreased risk
54.3020337383552,3,0,0,25.01313741162266,1,63.17137210145443,27.323071460188423,4,0,1,0,0.4395738706593303,prior incident count=0.0 decreased risk | known malicious indicator count=1.0 increased risk | days since last patch=63.2 increased risk
76.7737463584338,1,0,0,6.637688044103786,1,19.82058738444568,19.57886656713115,5,1,1,1,0.5517864652994933,known malicious indicator count=1.0 increased risk | prior incident count=1.0 increased risk | protocol risk score=19.6 decreased risk
44.256728628315,5,0,0,69.78282636501616,0,2.156879881295988,26.71314784969703,5,0,0,0,0.0673802996766634,known malicious indicator count=0.0 decreased risk | prior incident count=0.0 decreased risk | geo mismatch=0.0 decreased risk
79.50731221384021,3,0,0,44.41812602164581,0,7.042309315375327,48.01197135408138,3,1,0,0,0.0893557215184796,known malicious indicator count=0.0 decreased risk | geo mismatch=0.0 decreased risk | protocol risk score=48.0 increased risk
49.71040546585172,1,0,0,9.61321455314706,0,10.759693633425542,18.85338143650572,4,0,0,0,0.0329872877675191,known malicious indicator count=0.0 decreased risk | prior incident count=0.0 decreased risk | geo mismatch=0.0 decreased risk
70.16436265519079,5,0,0,85.0523609328862,1,12.383417527775777,25.83815902713821,2,0,0,0,0.3061236119288225,prior incident count=0.0 decreased risk | known malicious indicator count=1.0 increased risk | geo mismatch=0.0 decreased risk
54.86472045968147,0,0,0,102.22086217451243,0,25.692362085508613,25.15934855893728,2,1,0,0,0.1021650262253882,known malicious indicator count=0.0 decreased risk | geo mismatch=0.0 decreased risk | unusual time access=0.0 decreased risk
51.243499201697546,2,0,0,46.28030808888431,0,8.056697293873397,15.54295946781358,2,1,0,0,0.0765202368654364,known malicious indicator count=0.0 decreased risk | geo mismatch=0.0 decreased risk | protocol risk score=15.5 decreased risk
57.088558559292096,0,0,0,58.02154130659724,0,26.83804032570417,48.98067076028829,5,0,0,0,0.0476135209999068,known malicious indicator count=0.0 decreased risk | prior incident count=0.0 decreased risk | geo mismatch=0.0 decreased risk
51.88535398274762,4,0,0,64.03890484571109,0,47.24905503403552,2.5454359620911085,1,0,0,0,0.0740225433001562,known malicious indicator count=0.0 decreased risk | prior incident count=0.0 decreased risk | geo mismatch=0.0 decreased risk
81.83628267482756,2,1,0,14.101700705004664,0,3.05208948958718,20.68257887223673,4,0,0,0,0.2861429700216564,geo mismatch=1.0 increased risk | known malicious indicator count=0.0 decreased risk | prior incident count=0.0 decreased risk
70.93869804120739,2,0,0,8.57784498553199,0,56.21343105007061,14.543967844346238,1,0,0,0,0.0472751074933043,known malicious indicator count=0.0 decreased risk | prior incident count=0.0 decreased risk | geo mismatch=0.0 decreased risk
75.79549713792827,2,0,0,8.302361802175362,0,13.621178176956713,32.37791911253483,1,0,0,0,0.0268708988509623,known malicious indicator count=0.0 decreased risk | prior incident count=0.0 decreased risk | geo mismatch=0.0 decreased risk
86.31474425078594,3,0,0,37.75372774176087,0,7.42134588533589,3.1269536622041265,2,0,0,0,0.0170783736212099,known malicious indicator count=0.0 decreased risk | prior incident count=0.0 decreased risk | geo mismatch=0.0 decreased risk
60.33877896633121,2,1,0,64.8156580119659,0,16.265443706208483,20.19453866688593,1,1,1,1,0.7164545903115402,geo mismatch=1.0 increased risk | known malicious indicator count=0.0 decreased risk | protocol risk score=20.2 decreased risk
85.32485950081019,1,0,0,98.531854523155,0,69.75073148993032,50.500660288629724,5,0,0,0,0.1581223380855087,prior incident count=0.0 decreased risk | known malicious indicator count=0.0 decreased risk | days since last patch=69.8 increased risk
63.95060627023743,5,0,0,113.61382423848808,0,13.621178176956713,34.08930004283021,4,2,1,1,0.6343062174062273,prior incident count=2.0 increased risk | known malicious indicator count=0.0 decreased risk | geo mismatch=0.0 decreased risk
49.96759980210169,5,0,0,76.24299314833333,0,24.6954235167515,43.654553945654285,2,0,0,0,0.0887157678892197,known malicious indicator count=0.0 decreased risk | prior incident count=0.0 decreased risk | geo mismatch=0.0 decreased risk
71.44557930768578,3,0,0,35.22731150566602,0,13.443871541036572,26.06234385131308,5,0,0,0,0.0296113765632751,known malicious indicator count=0.0 decreased risk | prior incident count=0.0 decreased risk | geo mismatch=0.0 decreased risk
70.16436265519079,6,0,0,57.357728314773446,0,3.361937976766756,49.99163920712763,4,1,0,0,0.217726645943694,known malicious indicator count=0.0 decreased risk | geo mismatch=0.0 decreased risk | login attempts last hour=6.0 increased risk
90.61161171248116,0,1,0,1.4668056639893563,1,42.048057035147686,22.63867259984139,4,0,1,1,0.8028983678627257,geo mismatch=1.0 increased risk | known malicious indicator count=1.0 increased risk | prior incident count=0.0 decreased risk
40.01968079083198,0,0,0,78.08022553807474,0,19.608198151308702,20.115287801436203,5,1,0,0,0.1042041396427651,known malicious indicator count=0.0 decreased risk | geo mismatch=0.0 decreased risk | src ip reputation score=40.0 increased risk
58.21335537145277,0,0,0,47.27361294902527,0,31.78938917387013,48.148920642636384,2,2,0,1,0.6437614239135359,prior incident count=2.0 increased risk | known malicious indicator count=0.0 decreased risk | geo mismatch=0.0 decreased risk
63.342791912349774,2,0,0,53.19698090917036,0,6.149040113670131,14.008164636203093,4,0,0,0,0.0204219743872326,known malicious indicator count=0.0 decreased risk | prior incident count=0.0 decreased risk | geo mismatch=0.0 decreased risk
65.56926804832524,1,0,0,118.08978440722528,0,6.1034791874241,33.72237867755724,2,1,0,0,0.1277283126558209,known malicious indicator count=0.0 decreased risk | geo mismatch=0.0 decreased risk | unusual time access=0.0 decreased risk
91.45956095532024,3,0,0,51.83681840890265,1,34.601537279530774,25.231792639939407,5,1,0,1,0.5252354816891301,known malicious indicator count=1.0 increased risk | src ip reputation score=91.5 decreased risk | geo mismatch=0.0 decreased risk
73.95821566925295,3,0,0,50.68366459046882,1,53.48612463796261,35.2513651215759,3,0,0,0,0.4537674720489659,prior incident count=0.0 decreased risk | known malicious indicator count=1.0 increased risk | days since last patch=53.5 increased risk
91.83013703844924,2,0,0,26.536482775556617,0,2.3200784092314315,25.27896490034442,2,0,0,0,0.0285741577815362,known malicious indicator count=0.0 decreased risk | prior incident count=0.0 decreased risk | geo mismatch=0.0 decreased risk
65.04495163520582,2,0,0,172.1113702137668,0,13.621178176956713,40.3357035993528,4,0,0,0,0.1560420513136547,known malicious indicator count=0.0 decreased risk | prior incident count=0.0 decreased risk | data transfer mb=172.1 increased risk
62.252760708943775,4,0,0,7.602412539889243,0,13.343026161817455,24.597473374735053,1,1,0,0,0.0876996362206764,known malicious indicator count=0.0 decreased risk | geo mismatch=0.0 decreased risk | unusual time access=0.0 decreased risk
65.6463759354556,1,0,0,107.4781532550668,0,34.6247745871822,43.276294041635786,4,0,0,0,0.0521671830948894,known malicious indicator count=0.0 decreased risk | prior incident count=0.0 decreased risk | geo mismatch=0.0 decreased risk
74.22567384558945,1,0,0,119.65405331631418,1,0.846125801621084,20.34794880066804,5,0,0,0,0.2002446877372374,prior incident count=0.0 decreased risk | known malicious indicator count=1.0 increased risk | geo mismatch=0.0 decreased risk
100.0,1,0,0,58.23486489131218,0,9.92601040896588,38.56463687018273,2,0,0,0,0.0264204095095329,known malicious indicator count=0.0 decreased risk | prior incident count=0.0 decreased risk | geo mismatch=0.0 decreased risk
77.59535272081791,2,0,0,3.4633809536498723,0,5.159059446812689,34.2488067464603,1,0,0,0,0.0290588327499434,known malicious indicator count=0.0 decreased risk | prior incident count=0.0 decreased risk | geo mismatch=0.0 decreased risk
70.171121616487,2,0,0,54.79311202388261,0,3.0191945089591536,26.28906636211651,5,0,0,0,0.0317314433764192,known malicious indicator count=0.0 decreased risk | prior incident count=0.0 decreased risk | geo mismatch=0.0 decreased risk
80.31256176887914,1,0,1,38.00218142595018,0,6.296124139000286,30.370715466345818,4,0,0,0,0.0862683490153185,known malicious indicator count=0.0 decreased risk | prior incident count=0.0 decreased risk | unusual time access=1.0 increased risk
41.896203063928496,3,1,0,24.585789822108765,0,8.504551735600243,39.195355930961895,1,1,1,1,0.8328102189947308,geo mismatch=1.0 increased risk | known malicious indicator count=0.0 decreased risk | src ip reputation score=41.9 increased risk
46.83270621614915,4,0,1,32.627630646145114,0,1.4814817075138078,40.8841765728512,3,0,0,0,0.1959890404216059,known malicious indicator count=0.0 decreased risk | prior incident count=0.0 decreased risk | unusual time access=1.0 increased risk
96.80922103580696,3,0,0,52.08284334197466,0,11.92328963908407,58.10866435920697,4,1,0,0,0.1121385105581712,known malicious indicator count=0.0 decreased risk | geo mismatch=0.0 decreased risk | src ip reputation score=96.8 decreased risk
70.01055917713195,4,0,0,33.72050664320565,1,12.946412138044254,16.01881413147666,3,0,0,0,0.2772542653114376,prior incident count=0.0 decreased risk | known malicious indicator count=1.0 increased risk | protocol risk score=16.0 decreased risk
59.55736859960015,2,0,0,55.23593416140713,0,31.1122568056042,15.34925892848053,1,0,0,0,0.0228197373611161,known malicious indicator count=0.0 decreased risk | prior incident count=0.0 decreased risk | geo mismatch=0.0 decreased risk
100.0,1,0,0,0.8081126410891086,2,8.978131373204933,46.363040842115,3,0,1,1,0.7313216954148224,known malicious indicator count=2.0 increased risk | prior incident count=0.0 decreased risk | src ip reputation score=100.0 decreased risk
59.79967202290506,2,1,0,2.9446472189183024,0,30.894237987822137,31.937609756839656,2,1,0,1,0.7479308425565676,geo mismatch=1.0 increased risk | known malicious indicator count=0.0 decreased risk | prior incident count=1.0 increased risk
50.96163079955529,4,0,0,8.583362747005014,1,10.330523499496696,44.39968901206744,3,1,1,1,0.8545553228417391,known malicious indicator count=1.0 increased risk | prior incident count=1.0 increased risk | geo mismatch=0.0 decreased risk
40.06941489819842,1,0,1,27.533674753661085,0,20.94070927299145,16.170861084600496,1,2,1,1,0.6748400287956261,prior incident count=2.0 increased risk | known malicious indicator count=0.0 decreased risk | unusual time access=1.0 increased risk
78.19272237367987,3,0,0,4.587194233520261,0,1.8948086686209096,37.9793764253788,3,3,1,1,0.6292480133327141,prior incident count=3.0 increased risk | known malicious indicator count=0.0 decreased risk | geo mismatch=0.0 decreased risk
61.265605279188094,2,0,0,9.856362936366578,0,10.792624742161916,27.19433647910038,1,0,0,0,0.0304129776920181,known malicious indicator count=0.0 decreased risk | prior incident count=0.0 decreased risk | geo mismatch=0.0 decreased risk
52.77431597343472,1,0,1,26.99916354260537,0,22.17863930627881,19.94209512431867,4,0,0,0,0.0745679447788548,known malicious indicator count=0.0 decreased risk | prior incident count=0.0 decreased risk | unusual time access=1.0 increased risk
66.97453432692977,2,1,0,4.590458400962385,0,6.007891387877077,32.91800748594095,1,0,0,0,0.4433472246671573,geo mismatch=1.0 increased risk | known malicious indicator count=0.0 decreased risk | prior incident count=0.0 decreased risk
79.63732123436984,6,0,0,58.092121523400806,0,83.3513156091771,30.35827701711623,4,0,0,0,0.1062288146858947,known malicious indicator count=0.0 decreased risk | prior incident count=0.0 decreased risk | days since last patch=83.4 increased risk
84.76933159990821,1,0,0,112.79389613401476,0,5.108698407792318,56.128245225385285,1,2,0,1,0.5833689516387525,prior incident count=2.0 increased risk | known malicious indicator count=0.0 decreased risk | protocol risk score=56.1 increased risk
73.83795471746072,2,0,0,75.16116409077202,1,5.545674841156828,27.918886284248607,2,0,0,0,0.2365029496324146,prior incident count=0.0 decreased risk | known malicious indicator count=1.0 increased risk | geo mismatch=0.0 decreased risk
66.28308495614506,0,0,0,6.216796021554761,0,23.71065165317924,0.0,4,2,0,0,0.3845625748018262,prior incident count=2.0 increased risk | known malicious indicator count=0.0 decreased risk | protocol risk score=0.0 decreased risk
87.42594594914488,0,0,0,91.66002516184015,0,13.565662618693093,58.23269352958337,3,0,0,0,0.0588063108060524,known malicious indicator count=0.0 decreased risk | prior incident count=0.0 decreased risk | geo mismatch=0.0 decreased risk
59.7756864713763,2,0,0,3.465587292343949,1,6.145841351737787,20.06145437236072,2,0,0,0,0.2754538955101022,prior incident count=0.0 decreased risk | known malicious indicator count=1.0 increased risk | geo mismatch=0.0 decreased risk
87.38309184993793,2,0,0,12.883628029022082,2,44.22144639535244,29.906167573099385,4,1,1,1,0.8730024538065478,known malicious indicator count=2.0 increased risk | src ip reputation score=87.4 decreased risk | geo mismatch=0.0 decreased risk
46.5553249312672,2,0,1,44.11524978648394,0,3.2279025242711663,49.74626333398081,2,0,0,0,0.1218952399607675,known malicious indicator count=0.0 decreased risk | prior incident count=0.0 decreased risk | unusual time access=1.0 increased risk
72.06876258616212,1,0,1,11.949240593267184,2,53.50003118409237,35.40966889069804,4,2,1,1,0.9685253531262396,known malicious indicator count=2.0 increased risk | prior incident count=2.0 increased risk | unusual time access=1.0 increased risk
85.50310988069566,1,0,0,32.378808800045924,0,27.34078374657476,11.788596800046076,1,0,0,0,0.0120627250390933,known malicious indicator count=0.0 decreased risk | prior incident count=0.0 decreased risk | geo mismatch=0.0 decreased risk
50.24253318198502,2,0,0,175.11557799638368,0,8.740556583264624,32.83757107674429,4,0,0,0,0.1503501412714996,known malicious indicator count=0.0 decreased risk | prior incident count=0.0 decreased risk | data transfer mb=175.1 increased risk
57.22076504620996,2,0,0,14.600791735162078,0,85.85100232742926,44.76125479130934,1,0,0,0,0.1389892864041421,known malicious indicator count=0.0 decreased risk | prior incident count=0.0 decreased risk | days since last patch=85.9 increased risk
67.70395502481873,1,0,0,25.06709632704613,0,19.102515573671383,18.37165057122222,4,0,0,0,0.0199489048553303,known malicious indicator count=0.0 decreased risk | prior incident count=0.0 decreased risk | geo mismatch=0.0 decreased risk
90.1431440119334,5,0,0,39.77426372114887,1,28.07167962877148,30.83371551556824,1,1,0,0,0.4967083043450114,known malicious indicator count=1.0 increased risk | src ip reputation score=90.1 decreased risk | geo mismatch=0.0 decreased risk
42.68765191619701,4,0,0,68.7861237366948,0,39.918604090614295,30.30996327311766,1,0,0,0,0.0482207584831297,known malicious indicator count=0.0 decreased risk | prior incident count=0.0 decreased risk | geo mismatch=0.0 decreased risk
39.94059343209693,2,0,1,11.504114181787422,1,34.00418521113495,65.97478642621512,2,0,1,1,0.6525427172988851,known malicious indicator count=1.0 increased risk | prior incident count=0.0 decreased risk | unusual time access=1.0 increased risk
34.425595021914425,3,0,0,76.24092876962779,1,2.851000702472909,36.56635305640392,5,0,0,1,0.5224572040281654,known malicious indicator count=1.0 increased risk | prior incident count=0.0 decreased risk | src ip reputation score=34.4 increased risk
36.54212197376852,3,0,0,2.1739619930932808,0,6.789896339842426,3.880656372618372,4,1,0,0,0.1455678287081231,known malicious indicator count=0.0 decreased risk | src ip reputation score=36.5 increased risk | protocol risk score=3.9 decreased risk
53.7799827274231,5,0,0,43.54778336472839,1,15.363572354066644,36.033341448443295,5,0,0,0,0.4117124643309454,prior incident count=0.0 decreased risk | known malicious indicator count=1.0 increased risk | geo mismatch=0.0 decreased risk
72.68592994495586,2,0,0,18.58801314010352,0,6.641180075679086,2.425222680483973,2,0,0,0,0.0146371894729486,known malicious indicator count=0.0 decreased risk | prior incident count=0.0 decreased risk | geo mismatch=0.0 decreased risk
53.81238357834492,1,1,0,58.65769067078532,0,14.20538865895312,29.03649682729204,1,1,0,1,0.7123428893297614,geo mismatch=1.0 increased risk | known malicious indicator count=0.0 decreased risk | src ip reputation score=53.8 increased risk
83.15526352300748,2,0,0,2.334247201551172,0,4.79516438995101,42.10151707492333,5,0,0,0,0.0299933415159517,known malicious indicator count=0.0 decreased risk | prior incident count=0.0 decreased risk | geo mismatch=0.0 decreased risk
63.839314316285176,0,0,0,9.362007703544052,0,4.820050145574391,28.40838077847272,4,3,1,1,0.6964926945372053,prior incident count=3.0 increased risk | known malicious indicator count=0.0 decreased risk | geo mismatch=0.0 decreased risk
59.61207256347747,1,0,0,19.23773924481176,0,3.453287119588066,21.07220707615144,3,1,0,0,0.0643057780139004,known malicious indicator count=0.0 decreased risk | geo mismatch=0.0 decreased risk | protocol risk score=21.1 decreased risk
39.68511770005536,3,0,0,53.67629969991135,0,3.1622515256913406,21.22210543274448,1,0,0,0,0.059071470952006,known malicious indicator count=0.0 decreased risk | prior incident count=0.0 decreased risk | geo mismatch=0.0 decreased risk
100.0,1,0,0,39.398161579932754,0,1.521781998626137,31.401826260636376,5,0,0,0,0.0279224799782812,known malicious indicator count=0.0 decreased risk | prior incident count=0.0 decreased risk | geo mismatch=0.0 decreased risk
73.81833048287422,0,0,0,34.54584670920994,0,4.151652378488259,40.168838954398886,5,2,0,0,0.3329931865910642,prior incident count=2.0 increased risk | known malicious indicator count=0.0 decreased risk | geo mismatch=0.0 decreased risk
80.69634672691821,2,0,0,44.029784236983154,0,13.621178176956713,23.193342399869216,3,1,0,0,0.0477972766171571,known malicious indicator count=0.0 decreased risk | geo mismatch=0.0 decreased risk | src ip reputation score=80.7 decreased risk
83.25762537334825,2,0,1,137.40943802742768,1,7.8908508911745,35.76970744148337,5,1,0,1,0.8561496881405704,known malicious indicator count=1.0 increased risk | unusual time access=1.0 increased risk | prior incident count=1.0 increased risk
73.4273656237994,4,0,0,9.774488001944867,0,30.11006380881367,47.502266398881055,5,0,0,0,0.0615369501735894,known malicious indicator count=0.0 decreased risk | prior incident count=0.0 decreased risk | geo mismatch=0.0 decreased risk
87.45648702011269,1,0,0,141.98040770327842,0,0.715421693255916,13.53060964705432,5,0,0,0,0.0225774778063992,known malicious indicator count=0.0 decreased risk | prior incident count=0.0 decreased risk | geo mismatch=0.0 decreased risk
84.78360989403136,3,0,0,24.379031680638104,0,41.11044818020328,5.5254204195719545,4,1,0,0,0.0515153193793339,known malicious indicator count=0.0 decreased risk | geo mismatch=0.0 decreased risk | protocol risk score=5.5 decreased risk
62.229630938222286,1,0,0,63.97678943458979,0,27.64251837897709,15.690729946494422,3,1,0,0,0.065805748877605,known malicious indicator count=0.0 decreased risk | geo mismatch=0.0 decreased risk | protocol risk score=15.7 decreased risk
60.56136268421133,2,0,0,34.54584670920994,0,7.814351407776416,21.96125124582925,4,0,0,0,0.033517743020598,known malicious indicator count=0.0 decreased risk | prior incident count=0.0 decreased risk | geo mismatch=0.0 decreased risk
100.0,2,0,1,164.8172495843332,0,27.80703324544861,26.68847565987108,1,0,0,0,0.2712209794846981,known malicious indicator count=0.0 decreased risk | prior incident count=0.0 decreased risk | unusual time access=1.0 increased risk
74.82480496813459,3,0,0,21.67563620469257,1,35.463965397099784,16.275136884348097,5,0,0,0,0.2107349239308038,prior incident count=0.0 decreased risk | known malicious indicator count=1.0 increased risk | geo mismatch=0.0 decreased risk
70.27858583825892,4,0,0,13.455891424454348,0,39.314302133597394,28.17152199762497,3,0,0,0,0.0343778438733151,known malicious indicator count=0.0 decreased risk | prior incident count=0.0 decreased risk | geo mismatch=0.0 decreased risk
85.57873007024229,2,1,0,21.232522615549204,1,12.663916695275946,41.94438924664116,1,0,1,1,0.8345879354015787,geo mismatch=1.0 increased risk | known malicious indicator count=1.0 increased risk | prior incident count=0.0 decreased risk
62.28654738044304,1,0,0,14.826066085762928,1,33.97676284510518,12.529948202720046,2,0,0,0,0.160870056528462,prior incident count=0.0 decreased risk | known malicious indicator count=1.0 increased risk | protocol risk score=12.5 decreased risk
81.31019291263088,4,0,1,179.04105825129693,1,3.495156874716625,51.636501938646376,2,0,1,1,0.8394952073133749,known malicious indicator count=1.0 increased risk | unusual time access=1.0 increased risk | prior incident count=0.0 decreased risk
62.57118268008417,3,0,0,85.59224071227275,0,16.263335100620353,17.825979303417185,1,1,0,0,0.0712631203393378,known malicious indicator count=0.0 decreased risk | geo mismatch=0.0 decreased risk | protocol risk score=17.8 decreased risk
78.38038018732091,1,0,0,43.84850148523643,0,3.9135220343698816,39.9859475776817,4,2,0,0,0.3610788008172644,prior incident count=2.0 increased risk | known malicious indicator count=0.0 decreased risk | geo mismatch=0.0 decreased risk
87.00158664835106,2,0,1,25.409094560026585,1,51.47549283326215,34.584095299797816,4,0,1,1,0.6258716218564749,known malicious indicator count=1.0 increased risk | prior incident count=0.0 decreased risk | unusual time access=1.0 increased risk
67.3987941289276,2,0,0,66.01761259587772,0,1.5720016256268876,33.18108857959757,2,0,0,0,0.0347500138975912,known malicious indicator count=0.0 decreased risk | prior incident count=0.0 decreased risk | geo mismatch=0.0 decreased risk
70.16436265519079,1,0,0,14.767410346903889,0,13.02457746804067,34.02277272268906,5,0,0,0,0.0263619696519692,known malicious indicator count=0.0 decreased risk | prior incident count=0.0 decreased risk | geo mismatch=0.0 decreased risk
65.45047480093184,7,0,0,9.125298844875267,1,4.12173726684143,56.270149013507066,4,0,0,1,0.5933594782371958,known malicious indicator count=1.0 increased risk | prior incident count=0.0 decreased risk | protocol risk score=56.3 increased risk
62.58771335827788,0,0,0,90.199593159678,0,50.48905647996332,45.43722151848725,1,0,0,0,0.0956196293238007,known malicious indicator count=0.0 decreased risk | prior incident count=0.0 decreased risk | geo mismatch=0.0 decreased risk
52.41434435176024,0,0,0,108.56847893980084,1,53.751168788716974,33.03913614388644,2,0,0,0,0.3956741878245949,prior incident count=0.0 decreased risk | known malicious indicator count=1.0 increased risk | days since last patch=53.8 increased risk
70.16436265519079,2,0,0,16.861614334490575,1,2.551033707211499,54.94513199741218,1,1,1,1,0.7668558537138875,known malicious indicator count=1.0 increased risk | protocol risk score=54.9 increased risk | prior incident count=1.0 increased risk
27.34808747690328,2,0,0,49.462359334590765,0,19.6251798009589,53.10135814926304,2,0,0,0,0.179712247768034,known malicious indicator count=0.0 decreased risk | prior incident count=0.0 decreased risk | src ip reputation score=27.3 increased risk
100.0,4,1,0,150.89408273869844,1,11.722003795016002,28.63790928539475,2,2,1,1,0.8951867666712607,prior incident count=2.0 increased risk | geo mismatch=1.0 increased risk | known malicious indicator count=1.0 increased risk
74.02319311745678,2,0,0,47.78003340342137,0,13.315712798838597,32.24922176377127,2,0,0,0,0.0271664438871005,known malicious indicator count=0.0 decreased risk | prior incident count=0.0 decreased risk | geo mismatch=0.0 decreased risk
18.17915415710181,1,0,0,58.87971079423308,0,6.057958082105901,7.667055765230256,4,1,0,0,0.1473420928695295,known malicious indicator count=0.0 decreased risk | src ip reputation score=18.2 increased risk | geo mismatch=0.0 decreased risk
100.0,2,0,1,104.6193427776178,0,7.90416990208274,13.66093002330432,5,0,0,0,0.0654965483836034,known malicious indicator count=0.0 decreased risk | prior incident count=0.0 decreased risk | unusual time access=1.0 increased risk
76.2221998228639,2,0,0,99.14989488511485,0,70.3273599979209,35.353466912369,3,0,0,0,0.1248973865492346,known malicious indicator count=0.0 decreased risk | prior incident count=0.0 decreased risk | days since last patch=70.3 increased risk
100.0,1,0,0,0.3409742332471468,2,6.531788786881663,30.83471914577302,1,0,0,1,0.7333310800850249,known malicious indicator count=2.0 increased risk | prior incident count=0.0 decreased risk | src ip reputation score=100.0 decreased risk
65.88281138239319,3,1,0,132.0863312081735,0,12.063599465977898,14.773851768792676,3,2,1,1,0.871519194906376,geo mismatch=1.0 increased risk | prior incident count=2.0 increased risk | known malicious indicator count=0.0 decreased risk
76.14813395618202,2,0,0,36.662529562071526,0,37.12914056828747,50.1528421700324,5,0,0,0,0.0434293557283767,known malicious indicator count=0.0 decreased risk | prior incident count=0.0 decreased risk | geo mismatch=0.0 decreased risk
33.58793398902966,3,0,1,17.018178629697978,0,14.838489620943832,26.73585232160229,4,0,0,0,0.2214051667715245,known malicious indicator count=0.0 decreased risk | prior incident count=0.0 decreased risk | unusual time access=1.0 increased risk
87.79261591246873,3,0,0,55.74089802294505,1,6.934251134764493,35.16233671326606,2,1,1,1,0.5906320749473456,known malicious indicator count=1.0 increased risk | src ip reputation score=87.8 decreased risk | prior incident count=1.0 increased risk
68.67840402705367,0,0,0,21.797401685419096,2,1.0060325503830494,37.98566292428462,2,2,1,1,0.9404076900952684,known malicious indicator count=2.0 increased risk | prior incident count=2.0 increased risk | geo mismatch=0.0 decreased risk
100.0,4,1,0,79.38023916047077,1,30.452692512207943,45.02242373886041,1,0,1,1,0.7786778510371742,geo mismatch=1.0 increased risk | known malicious indicator count=1.0 increased risk | src ip reputation score=100.0 decreased risk
62.81415818425881,1,0,1,124.41194508057605,1,15.78702625593019,37.9579392724955,5,1,1,1,0.9354082382539032,known malicious indicator count=1.0 increased risk | unusual time access=1.0 increased risk | prior incident count=1.0 increased risk
99.28354477504875,1,0,1,23.70441304728583,0,17.461372855071357,42.0277011868651,5,1,0,0,0.3026654883140039,known malicious indicator count=0.0 decreased risk | unusual time access=1.0 increased risk | geo mismatch=0.0 decreased risk
100.0,3,0,0,48.1684022555861,0,6.300334848026751,39.238858603135874,4,2,0,0,0.3909055150178359,prior incident count=2.0 increased risk | known malicious indicator count=0.0 decreased risk | src ip reputation score=100.0 decreased risk
81.2576172034871,2,0,1,86.53712660446374,1,32.383728972371784,30.68654266598543,1,1,1,1,0.8378242681671789,known malicious indicator count=1.0 increased risk | unusual time access=1.0 increased risk | prior incident count=1.0 increased risk
84.51533247797384,0,0,0,49.292883551554624,0,1.607293729711562,44.01381003138636,3,1,0,0,0.060793350008337,known malicious indicator count=0.0 decreased risk | geo mismatch=0.0 decreased risk | src ip reputation score=84.5 decreased risk
63.297244376570966,3,0,0,9.197388874082142,0,4.587544601697892,23.052745786377905,4,0,0,0,0.0286763402428441,known malicious indicator count=0.0 decreased risk | prior incident count=0.0 decreased risk | geo mismatch=0.0 decreased risk
59.293665748646816,2,0,0,30.536299314559912,0,1.1203041021608446,0.1043265759117915,5,1,0,0,0.068590025297784,known malicious indicator count=0.0 decreased risk | geo mismatch=0.0 decreased risk | protocol risk score=0.1 decreased risk
76.07637191209751,3,0,0,85.68504363958135,0,3.217801904478381,30.23522090801076,3,1,0,0,0.0598195122550656,known malicious indicator count=0.0 decreased risk | geo mismatch=0.0 decreased risk | unusual time access=0.0 decreased risk
65.41218511863944,4,0,0,4.98698393365112,0,4.951863110085127,23.956242783515417,5,0,0,0,0.0403429323016602,known malicious indicator count=0.0 decreased risk | prior incident count=0.0 decreased risk | geo mismatch=0.0 decreased risk
81.04599875359047,3,0,0,108.25545069297668,0,6.129610202830253,22.09330507725933,4,0,0,0,0.0320546689429499,known malicious indicator count=0.0 decreased risk | prior incident count=0.0 decreased risk | geo mismatch=0.0 decreased risk
65.47031802300336,2,0,0,88.6063728849596,1,4.093877776154676,30.5021085051417,2,0,0,0,0.2769409821290364,prior incident count=0.0 decreased risk | known malicious indicator count=1.0 increased risk | geo mismatch=0.0 decreased risk
43.683683671449856,0,1,0,63.39221082103636,0,5.081348567771517,39.01988282946259,2,0,0,1,0.613327838543285,geo mismatch=1.0 increased risk | known malicious indicator count=0.0 decreased risk | prior incident count=0.0 decreased risk
25.59157982129748,1,0,0,68.05929840417583,2,11.047739825529334,27.433901646140697,1,0,1,1,0.8654702252460769,known malicious indicator count=2.0 increased risk | prior incident count=0.0 decreased risk | src ip reputation score=25.6 increased risk
60.59915704480997,2,0,0,6.770637618155155,0,71.48248480039724,32.332534002435615,5,0,0,0,0.1076553137366626,known malicious indicator count=0.0 decreased risk | prior incident count=0.0 decreased risk | days since last patch=71.5 increased risk
64.96922227911008,0,1,0,34.454377672560625,2,16.478400160620446,30.442651385650446,4,1,1,1,0.9553981052599012,known malicious indicator count=2.0 increased risk | geo mismatch=1.0 increased risk | prior incident count=1.0 increased risk
75.10767511348634,1,0,0,4.708000735313195,0,17.117018764178027,9.881513606227546,1,0,0,0,0.0143723030056006,known malicious indicator count=0.0 decreased risk | prior incident count=0.0 decreased risk | geo mismatch=0.0 decreased risk
100.0,0,0,1,91.53041136553442,2,27.76033100833536,51.93630875933504,4,1,1,1,0.8856543533921243,known malicious indicator count=2.0 increased risk | unusual time access=1.0 increased risk | src ip reputation score=100.0 decreased risk
74.00919262827458,2,0,0,0.1506246783219654,0,62.71417192540891,6.367369713475711,3,1,0,0,0.2542552890424884,known malicious indicator count=0.0 decreased risk | days since last patch=62.7 increased risk | geo mismatch=0.0 decreased risk
53.29714196739954,2,0,0,10.076264071977832,0,3.8438874557111897,44.10988850547386,3,0,0,0,0.0456787270479405,known malicious indicator count=0.0 decreased risk | prior incident count=0.0 decreased risk | geo mismatch=0.0 decreased risk
100.0,1,0,1,12.88607388935638,0,101.14566455603295,29.769801067476028,5,1,0,0,0.4416484741921971,known malicious indicator count=0.0 decreased risk | unusual time access=1.0 increased risk | days since last patch=101.1 increased risk
23.9615767052883,1,0,0,3.291446112063819,1,7.516548772984683,12.760642743471257,5,0,0,0,0.2530687745112583,prior incident count=0.0 decreased risk | known malicious indicator count=1.0 increased risk | protocol risk score=12.8 decreased risk
96.3660464970534,2,0,1,206.3629717320867,1,4.910633455975713,31.93750249351717,4,2,1,1,0.9454837814276216,prior incident count=2.0 increased risk | known malicious indicator count=1.0 increased risk | unusual time access=1.0 increased risk
59.11771995771615,1,0,0,48.1883973316212,0,18.38386697508308,23.18930988592533,4,0,0,0,0.0279822305373671,known malicious indicator count=0.0 decreased risk | prior incident count=0.0 decreased risk | geo mismatch=0.0 decreased risk
64.46373400222159,3,0,0,112.65924664676317,0,52.21259400705009,30.24919389454738,2,0,0,0,0.0858827914804849,known malicious indicator count=0.0 decreased risk | prior incident count=0.0 decreased risk | geo mismatch=0.0 decreased risk
75.08841686602426,2,0,0,110.6105287369864,0,22.27779971241338,9.277915529783384,4,1,0,0,0.0664025830278083,known malicious indicator count=0.0 decreased risk | geo mismatch=0.0 decreased risk | protocol risk score=9.3 decreased risk
62.58834475198434,3,1,0,51.08106587618073,0,5.259967573705162,30.638317343184216,4,0,0,0,0.4813421338238857,geo mismatch=1.0 increased risk | known malicious indicator count=0.0 decreased risk | prior incident count=0.0 decreased risk
73.93722471738246,1,0,0,17.50287340513497,0,8.039679590628927,45.05962500676186,3,1,0,0,0.0816691431593595,known malicious indicator count=0.0 decreased risk | geo mismatch=0.0 decreased risk | unusual time access=0.0 decreased risk
77.02896415083165,0,0,0,136.2140454261784,0,1.499822127405158,26.393149126371544,4,0,0,0,0.0298974836229868,known malicious indicator count=0.0 decreased risk | prior incident count=0.0 decreased risk | geo mismatch=0.0 decreased risk
38.10488083673335,1,0,0,36.09777855884981,1,10.032213650876528,34.75330321745029,5,1,1,1,0.8038820519516326,known malicious indicator count=1.0 increased risk | prior incident count=1.0 increased risk | src ip reputation score=38.1 increased risk
71.72221736517956,1,0,0,141.8848362702413,1,24.785020904962,34.38377062674268,5,1,1,1,0.7303054419735147,known malicious indicator count=1.0 increased risk | prior incident count=1.0 increased risk | geo mismatch=0.0 decreased risk
63.28430601419743,0,0,0,11.757374154268584,1,9.523215099381511,16.552673216710534,5,1,0,1,0.6677186722288323,known malicious indicator count=1.0 increased risk | prior incident count=1.0 increased risk | protocol risk score=16.6 decreased risk
100.0,1,0,0,76.03356008849703,0,12.785373308248642,43.66385184391308,4,0,0,0,0.0394156632093565,known malicious indicator count=0.0 decreased risk | prior incident count=0.0 decreased risk | geo mismatch=0.0 decreased risk
88.35723894109552,0,1,1,35.80357382206733,0,19.39705756309101,40.21113064507038,2,1,1,1,0.7569570499303014,geo mismatch=1.0 increased risk | known malicious indicator count=0.0 decreased risk | unusual time access=1.0 increased risk
50.22817785698165,0,0,0,12.118095191255994,0,9.368277566815784,48.1739134148921,5,1,0,0,0.1204892990951029,known malicious indicator count=0.0 decreased risk | geo mismatch=0.0 decreased risk | unusual time access=0.0 decreased risk
42.978512675839575,3,0,0,56.52652706065565,0,69.56228020199848,39.67272851487438,2,1,0,0,0.4720661158415549,known malicious indicator count=0.0 decreased risk | days since last patch=69.6 increased risk | geo mismatch=0.0 decreased risk
77.89343059645962,2,0,1,56.70975097924561,0,2.639037613976964,19.263832046422984,4,1,0,0,0.1591705491501304,known malicious indicator count=0.0 decreased risk | unusual time access=1.0 increased risk | geo mismatch=0.0 decreased risk
87.54724581151342,2,0,0,12.335483235510711,1,6.051240264985419,29.233171443958767,4,0,0,0,0.2049192064597537,prior incident count=0.0 decreased risk | known malicious indicator count=1.0 increased risk | geo mismatch=0.0 decreased risk
83.97377627034086,2,0,0,0.160777697937604,0,27.020754793034683,33.17482844784839,3,0,0,0,0.0397796481932892,known malicious indicator count=0.0 decreased risk | prior incident count=0.0 decreased risk | geo mismatch=0.0 decreased risk
52.86296269744402,0,0,0,0.1485684874792416,0,12.541483844638648,29.34316620930781,1,0,0,0,0.0461451538443696,known malicious indicator count=0.0 decreased risk | prior incident count=0.0 decreased risk | geo mismatch=0.0 decreased risk
68.88159102955574,0,0,1,25.23251618432272,1,21.687045641487973,32.982710002096844,5,0,1,1,0.5132917705166569,prior incident count=0.0 decreased risk | known malicious indicator count=1.0 increased risk | unusual time access=1.0 increased risk
100.0,0,0,0,32.894301538320896,0,3.4974084541550434,22.651122023894104,2,0,0,0,0.0225326899003566,known malicious indicator count=0.0 decreased risk | prior incident count=0.0 decreased risk | geo mismatch=0.0 decreased risk
83.90804949100597,2,0,0,35.752271544438294,0,7.445070822067245,32.80416221007241,4,0,0,0,0.0255528333258543,known malicious indicator count=0.0 decreased risk | prior incident count=0.0 decreased risk | geo mismatch=0.0 decreased risk
74.47828268129322,2,0,0,6.490623548859745,1,5.896272147646976,45.69422951519381,2,1,0,1,0.7455089407162423,known malicious indicator count=1.0 increased risk | prior incident count=1.0 increased risk | protocol risk score=45.7 increased risk
48.59616874211336,3,1,0,29.57700183949401,0,1.367156974085414,28.27578114920766,5,1,1,1,0.725038446782992,geo mismatch=1.0 increased risk | known malicious indicator count=0.0 decreased risk | prior incident count=1.0 increased risk
79.61816185497791,1,0,1,20.33223540176681,0,4.319766091696067,32.746775440310095,3,1,0,0,0.3072961820900798,known malicious indicator count=0.0 decreased risk | unusual time access=1.0 increased risk | geo mismatch=0.0 decreased risk
70.70527103943458,4,0,0,71.50075537453226,0,6.972235476974117,28.175676678511973,4,2,0,0,0.3893958092557396,prior incident count=2.0 increased risk | known malicious indicator count=0.0 decreased risk | geo mismatch=0.0 decreased risk
75.62382847938751,2,0,0,72.26232727819658,1,32.435889234956285,13.172211743200409,2,1,0,1,0.5695045127853107,known malicious indicator count=1.0 increased risk | protocol risk score=13.2 decreased risk | prior incident count=1.0 increased risk
74.28187488260409,3,0,0,23.30365418732929,0,1.16149493528329,30.80513983252765,2,0,0,0,0.0318104709903343,known malicious indicator count=0.0 decreased risk | prior incident count=0.0 decreased risk | geo mismatch=0.0 decreased risk
55.48512373693069,3,0,0,30.62107986340865,0,5.850792235627842,43.05665396260319,4,0,0,0,0.0468612980670641,known malicious indicator count=0.0 decreased risk | prior incident count=0.0 decreased risk | geo mismatch=0.0 decreased risk
60.139981306823344,1,0,0,1.7465187913929396,1,1.3458265605572797,22.370445774096947,3,1,0,1,0.6680831419422627,known malicious indicator count=1.0 increased risk | prior incident count=1.0 increased risk | geo mismatch=0.0 decreased risk
82.76102202881515,6,0,0,20.79161723674087,0,32.38938991526797,22.72907256951899,4,0,0,0,0.0507723090823184,known malicious indicator count=0.0 decreased risk | prior incident count=0.0 decreased risk | geo mismatch=0.0 decreased risk
59.03599403666455,1,0,0,7.35743653090233,0,13.231475852361449,5.9091014249500695,3,2,0,0,0.4338829194353266,prior incident count=2.0 increased risk | known malicious indicator count=0.0 decreased risk | protocol risk score=5.9 decreased risk
37.72877204246518,4,0,0,51.619557403105645,0,13.712197538801558,14.086405518026613,5,2,0,1,0.6392203616152646,prior incident count=2.0 increased risk | known malicious indicator count=0.0 decreased risk | src ip reputation score=37.7 increased risk
100.0,2,0,0,81.15506229482017,0,15.462941669520834,34.16804198989967,1,0,0,0,0.0295262710468004,known malicious indicator count=0.0 decreased risk | prior incident count=0.0 decreased risk | geo mismatch=0.0 decreased risk
100.0,5,0,0,4.488704299180643,2,8.74873342619234,23.26838442970044,3,2,1,1,0.897736408981627,known malicious indicator count=2.0 increased risk | prior incident count=2.0 increased risk | src ip reputation score=100.0 decreased risk
89.10601116475506,2,0,0,36.84092809317384,1,3.107619488375131,19.418724781171427,3,0,0,0,0.1642100653630654,prior incident count=0.0 decreased risk | known malicious indicator count=1.0 increased risk | geo mismatch=0.0 decreased risk
29.48384253777246,2,0,0,78.81430605745847,1,4.298006860237637,39.42132041748426,4,2,1,1,0.9453714991409384,prior incident count=2.0 increased risk | known malicious indicator count=1.0 increased risk | src ip reputation score=29.5 increased risk
72.91672940430767,1,0,0,50.89183523833916,1,28.5095494258964,33.31543986422032,5,2,0,1,0.9024445674148284,prior incident count=2.0 increased risk | known malicious indicator count=1.0 increased risk | geo mismatch=0.0 decreased risk
100.0,1,0,0,136.48508344699152,0,10.467029252041922,44.96123289676252,2,0,0,0,0.0417639376675306,known malicious indicator count=0.0 decreased risk | prior incident count=0.0 decreased risk | geo mismatch=0.0 decreased risk
75.31233986345067,3,0,0,29.34256311560489,1,16.098257526265126,30.58900048702473,2,1,0,1,0.6198886745064349,known malicious indicator count=1.0 increased risk | prior incident count=1.0 increased risk | geo mismatch=0.0 decreased risk
88.95052924245715,0,0,1,64.21265481798102,0,24.52052619844824,38.64043887860476,5,1,0,0,0.3159198595039461,known malicious indicator count=0.0 decreased risk | unusual time access=1.0 increased risk | geo mismatch=0.0 decreased risk
100.0,1,0,0,73.08569725418734,0,58.07657732350057,35.514702322964695,3,0,0,0,0.0560743327102874,known malicious indicator count=0.0 decreased risk | prior incident count=0.0 decreased risk | days since last patch=58.1 increased risk
65.28060025578057,2,0,0,3.165022999476171,0,5.16459807093681,24.839336065227894,4,2,0,0,0.3968754461840114,prior incident count=2.0 increased risk | known malicious indicator count=0.0 decreased risk | geo mismatch=0.0 decreased risk
71.20460419882053,0,0,1,43.3234473758559,0,59.54678009020982,40.82715563484932,5,1,1,0,0.4633699382364383,known malicious indicator count=0.0 decreased risk | unusual time access=1.0 increased risk | days since last patch=59.5 increased risk
96.50552180874077,0,0,0,34.54584670920994,0,0.5549074211361936,44.42265856843516,2,1,0,0,0.0550421757140894,known malicious indicator count=0.0 decreased risk | geo mismatch=0.0 decreased risk | src ip reputation score=96.5 decreased risk
69.01941318323927,1,0,0,66.72931734985161,1,46.003441397903785,37.83382175089295,3,0,0,0,0.2694942196243651,prior incident count=0.0 decreased risk | known malicious indicator count=1.0 increased risk | geo mismatch=0.0 decreased risk
65.05948598508007,3,1,0,20.785789174403146,1,8.73068575090118,28.78228130870919,2,0,1,1,0.9011597483614534,geo mismatch=1.0 increased risk | known malicious indicator count=1.0 increased risk | prior incident count=0.0 decreased risk
81.6514263761761,4,0,0,226.58124755178216,0,20.41624199032052,40.99562975406741,5,0,0,0,0.2055320445956679,known malicious indicator count=0.0 decreased risk | prior incident count=0.0 decreased risk | data transfer mb=226.6 increased risk
75.81894728678971,2,0,0,15.481085792057382,0,6.722917686753079,7.529418092822251,1,1,0,0,0.0298258638318474,known malicious indicator count=0.0 decreased risk | geo mismatch=0.0 decreased risk | protocol risk score=7.5 decreased risk
32.65469614816504,0,0,0,82.90782736489608,0,8.160658031342376,15.027488897951272,2,1,0,0,0.1066756474833647,known malicious indicator count=0.0 decreased risk | geo mismatch=0.0 decreased risk | src ip reputation score=32.7 increased risk
51.01202222336114,2,0,0,84.69730420419089,0,13.562140480385894,31.6657309422076,5,1,0,0,0.13087572699431,known malicious indicator count=0.0 decreased risk | geo mismatch=0.0 decreased risk | unusual time access=0.0 decreased risk
76.43395612392027,0,0,0,42.30709526527095,2,19.290027998399594,39.74674978724927,2,0,1,1,0.8141929761128752,known malicious indicator count=2.0 increased risk | prior incident count=0.0 decreased risk | geo mismatch=0.0 decreased risk
59.41066072985984,2,0,0,26.367106610115275,0,87.92795618218071,33.117953660544686,4,0,0,0,0.1219810020398676,known malicious indicator count=0.0 decreased risk | prior incident count=0.0 decreased risk | days since last patch=87.9 increased risk
65.02617747632905,2,0,0,13.591316218212782,0,5.888194472965075,17.764856150185537,2,1,0,0,0.0565858714668641,known malicious indicator count=0.0 decreased risk | geo mismatch=0.0 decreased risk | protocol risk score=17.8 decreased risk
100.0,2,0,0,50.41167350988509,0,22.964965111132763,7.218977454147392,2,1,0,0,0.0341936889607012,known malicious indicator count=0.0 decreased risk | geo mismatch=0.0 decreased risk | src ip reputation score=100.0 decreased risk
25.663623212918708,1,0,0,65.87100908427507,0,4.659366566855722,20.900921612125867,1,1,0,0,0.1300959346494497,known malicious indicator count=0.0 decreased risk | src ip reputation score=25.7 increased risk | geo mismatch=0.0 decreased risk
79.11775544163216,2,0,0,31.07161866310988,0,1.440985222354175,19.732172693553984,1,1,0,0,0.0371386040021094,known malicious indicator count=0.0 decreased risk | geo mismatch=0.0 decreased risk | protocol risk score=19.7 decreased risk
76.03400017803472,2,0,1,36.89983128426367,0,6.428623934219752,17.957838678399078,1,0,0,0,0.0457203103723152,known malicious indicator count=0.0 decreased risk | prior incident count=0.0 decreased risk | unusual time access=1.0 increased risk
85.17857179573531,2,0,0,34.54584670920994,0,20.888183847878587,14.681347511686129,4,0,0,0,0.0161997603866308,known malicious indicator count=0.0 decreased risk | prior incident count=0.0 decreased risk | geo mismatch=0.0 decreased risk
61.11413479847776,2,0,0,47.926313982461096,0,2.838272111855773,34.37843095470308,1,0,0,0,0.0410533390972916,known malicious indicator count=0.0 decreased risk | prior incident count=0.0 decreased risk | geo mismatch=0.0 decreased risk
70.16436265519079,2,0,0,26.333716765914883,1,29.682661074295304,36.99928596781644,1,2,0,1,0.8987442451992959,prior incident count=2.0 increased risk | known malicious indicator count=1.0 increased risk | geo mismatch=0.0 decreased risk
76.42714430900546,3,0,0,11.647314230959433,0,2.168873279113528,40.54899842278662,5,0,0,0,0.034899553582309,known malicious indicator count=0.0 decreased risk | prior incident count=0.0 decreased risk | geo mismatch=0.0 decreased risk
77.00740432772676,1,0,0,4.122493240689022,3,12.681452812111845,18.750159334954454,1,1,1,1,0.7996122248669484,known malicious indicator count=3.0 increased risk | geo mismatch=0.0 decreased risk | protocol risk score=18.8 decreased risk
63.44675706804463,0,0,0,99.13010825561076,0,35.173736856402165,36.8528521903321,2,0,0,0,0.0346967848938399,known malicious indicator count=0.0 decreased risk | prior incident count=0.0 decreased risk | geo mismatch=0.0 decreased risk
65.31184399367356,2,0,0,17.794841356172462,0,7.828784402128914,37.10783775450171,2,0,0,0,0.0331393143183393,known malicious indicator count=0.0 decreased risk | prior incident count=0.0 decreased risk | geo mismatch=0.0 decreased risk
95.44707000213536,0,0,0,175.72584889001928,1,9.560191683499736,38.5238046983009,2,0,1,0,0.4711330684201125,known malicious indicator count=1.0 increased risk | prior incident count=0.0 decreased risk | data transfer mb=175.7 increased risk
85.1312934982628,1,0,0,198.714654985788,1,34.622891633508075,12.062919189285507,3,0,0,0,0.2980054664832887,prior incident count=0.0 decreased risk | known malicious indicator count=1.0 increased risk | data transfer mb=198.7 increased risk
42.02864852361718,1,1,0,24.969036020069872,1,46.70051721653721,33.310791496667974,2,0,1,1,0.9170090496610556,geo mismatch=1.0 increased risk | known malicious indicator count=1.0 increased risk | prior incident count=0.0 decreased risk
100.0,3,0,0,80.5516012676731,0,30.83023976508564,17.483902251909768,5,1,0,0,0.0469723380440273,known malicious indicator count=0.0 decreased risk | geo mismatch=0.0 decreased risk | src ip reputation score=100.0 decreased risk
60.34512955635935,4,0,0,29.19839535501353,0,5.659589993175837,48.42607616408148,3,0,0,0,0.0602902868707367,known malicious indicator count=0.0 decreased risk | prior incident count=0.0 decreased risk | geo mismatch=0.0 decreased risk
67.15706926118908,2,0,0,74.1734771635869,0,9.157870216684504,49.98151709117994,4,0,0,0,0.0577815345733459,known malicious indicator count=0.0 decreased risk | prior incident count=0.0 decreased risk | geo mismatch=0.0 decreased risk
32.841970972034254,3,0,0,8.126173577020522,0,28.150140933126124,36.8896397810636,1,0,0,0,0.0968882085941515,known malicious indicator count=0.0 decreased risk | prior incident count=0.0 decreased risk | src ip reputation score=32.8 increased risk
50.37668937720637,1,0,1,73.6879183868363,0,13.70068450543113,44.86647029079791,2,0,0,0,0.1209747779028832,known malicious indicator count=0.0 decreased risk | prior incident count=0.0 decreased risk | unusual time access=1.0 increased risk
52.46452437576311,0,0,0,13.50902181442702,1,5.659671012758723,32.60632507664595,2,0,0,0,0.2854537095181053,prior incident count=0.0 decreased risk | known malicious indicator count=1.0 increased risk | geo mismatch=0.0 decreased risk
99.04935068941492,0,0,0,119.09929134855976,0,14.225713207609427,46.11247560005329,5,0,0,0,0.0434381107218735,known malicious indicator count=0.0 decreased risk | prior incident count=0.0 decreased risk | geo mismatch=0.0 decreased risk
36.346826117546286,1,0,0,1.872417117228211,0,29.290022055271123,32.56186491277719,4,1,0,0,0.1709958328762943,known malicious indicator count=0.0 decreased risk | geo mismatch=0.0 decreased risk | src ip reputation score=36.3 increased risk
68.32564080301576,3,0,1,63.85843764667054,0,18.618235721971885,35.48872746527447,4,2,0,1,0.6744124386869346,prior incident count=2.0 increased risk | known malicious indicator count=0.0 decreased risk | unusual time access=1.0 increased risk
73.72832339488093,4,0,0,12.222262298275902,0,10.81704280396492,42.35200888038782,1,0,0,0,0.0357604219834992,known malicious indicator count=0.0 decreased risk | prior incident count=0.0 decreased risk | geo mismatch=0.0 decreased risk
72.40062653436523,5,0,1,25.44267763380276,0,17.34740078583026,48.89002797479084,2,1,0,0,0.4185256473917935,known malicious indicator count=0.0 decreased risk | unusual time access=1.0 increased risk | geo mismatch=0.0 decreased risk
76.26264280026311,3,0,0,9.921712431305544,0,11.686334572131695,25.59738757723441,1,0,0,0,0.0271679975481948,known malicious indicator count=0.0 decreased risk | prior incident count=0.0 decreased risk | geo mismatch=0.0 decreased risk
100.0,2,0,0,51.583434463143895,0,5.018166008755735,40.36529730996074,5,0,0,0,0.0289810078066658,known malicious indicator count=0.0 decreased risk | prior incident count=0.0 decreased risk | geo mismatch=0.0 decreased risk
57.16666359739236,4,0,0,61.72765616783128,0,48.72689508664677,15.569454953912716,4,0,0,0,0.0940861134311888,known malicious indicator count=0.0 decreased risk | prior incident count=0.0 decreased risk | geo mismatch=0.0 decreased risk
55.60311583210583,1,0,0,2.0360136588215183,0,17.058447789473753,17.617393025608358,4,0,0,0,0.0246967691143063,known malicious indicator count=0.0 decreased risk | prior incident count=0.0 decreased risk | geo mismatch=0.0 decreased risk
96.29828907168095,2,0,0,75.90314973231494,0,37.46068617396684,18.33359113512003,3,2,0,0,0.3746518021179218,prior incident count=2.0 increased risk | known malicious indicator count=0.0 decreased risk | src ip reputation score=96.3 decreased risk
46.21535069845741,1,0,0,69.88302961529635,0,0.8284455622313824,3.2936711388001108,1,2,0,1,0.5113049166990338,prior incident count=2.0 increased risk | known malicious indicator count=0.0 decreased risk | protocol risk score=3.3 decreased risk
76.1469123341594,2,0,0,2.2516993873337587,0,16.396272737537753,36.85946914778886,5,1,0,0,0.0651987118831682,known malicious indicator count=0.0 decreased risk | geo mismatch=0.0 decreased risk | unusual time access=0.0 decreased risk
63.18802586180277,1,0,0,183.1094411282036,1,4.662896249867231,25.19639696889767,1,0,0,0,0.4859653313309179,known malicious indicator count=1.0 increased risk | prior incident count=0.0 decreased risk | data transfer mb=183.1 increased risk
41.94789456400613,3,0,0,140.22467081927726,0,1.1322407768724272,15.503533651333989,2,1,0,0,0.095330401414342,known malicious indicator count=0.0 decreased risk | geo mismatch=0.0 decreased risk | protocol risk score=15.5 decreased risk
50.2892079855814,4,0,0,14.18369353058889,0,24.50909978002436,27.977702081063164,1,0,0,0,0.0342648524858228,known malicious indicator count=0.0 decreased risk | prior incident count=0.0 decreased risk | geo mismatch=0.0 decreased risk
93.38591180891343,2,1,1,24.31968783837993,0,5.534441742165999,38.01855482509845,2,0,1,0,0.4154167556978833,geo mismatch=1.0 increased risk | known malicious indicator count=0.0 decreased risk | prior incident count=0.0 decreased risk
76.9289641899395,5,0,0,14.334924968686078,0,54.44390500506286,20.860697996900164,4,1,0,0,0.2549718120871299,known malicious indicator count=0.0 decreased risk | days since last patch=54.4 increased risk | geo mismatch=0.0 decreased risk
65.3786104508464,4,0,0,62.55500213136773,0,2.659325751384385,37.78702759476429,1,1,0,0,0.1027077885669923,known malicious indicator count=0.0 decreased risk | geo mismatch=0.0 decreased risk | unusual time access=0.0 decreased risk
69.020699382831,1,0,0,32.47691635215724,0,1.2755992980314954,25.529221576553464,3,0,0,0,0.0269483724005856,known malicious indicator count=0.0 decreased risk | prior incident count=0.0 decreased risk | geo mismatch=0.0 decreased risk
82.13701186431342,1,0,0,36.88109383112104,0,1.69041279913618,30.444230955840613,2,0,0,0,0.0287809733340376,known malicious indicator count=0.0 decreased risk | prior incident count=0.0 decreased risk | geo mismatch=0.0 decreased risk
34.784744816883645,4,0,0,0.4140509228291611,0,21.82910377170781,21.7157775422024,2,0,0,0,0.0959039533756487,known malicious indicator count=0.0 decreased risk | prior incident count=0.0 decreased risk | src ip reputation score=34.8 increased risk
63.60304953490312,3,1,0,152.88408910302374,0,0.6800926781245091,50.09296506424012,2,1,1,1,0.8360717023960249,geo mismatch=1.0 increased risk | known malicious indicator count=0.0 decreased risk | protocol risk score=50.1 increased risk
76.05270930478066,1,0,0,5.2131475590819765,0,0.8371655020729297,30.5441306423918,4,0,0,0,0.0290883146871245,known malicious indicator count=0.0 decreased risk | prior incident count=0.0 decreased risk | geo mismatch=0.0 decreased risk
87.19169744687113,3,0,0,4.035197799618731,0,0.8610137060172075,40.34516155165712,1,0,0,0,0.0393505833563532,known malicious indicator count=0.0 decreased risk | prior incident count=0.0 decreased risk | geo mismatch=0.0 decreased risk
74.81506358977137,3,0,0,109.15070280456143,0,20.15135540075668,41.43174025947757,3,0,0,0,0.0431051829045804,known malicious indicator count=0.0 decreased risk | prior incident count=0.0 decreased risk | geo mismatch=0.0 decreased risk
62.299563765742725,2,0,0,105.92269354203232,0,2.732155809800453,35.164799262886035,3,0,0,0,0.0385016064869755,known malicious indicator count=0.0 decreased risk | prior incident count=0.0 decreased risk | geo mismatch=0.0 decreased risk
56.96799304788366,2,1,0,34.54584670920994,0,3.969956496187809,28.90072374078116,2,0,0,0,0.4733586250730603,geo mismatch=1.0 increased risk | known malicious indicator count=0.0 decreased risk | prior incident count=0.0 decreased risk
70.16436265519079,1,0,0,131.34268471681645,0,31.25548459934929,22.25250880568592,4,1,0,0,0.0758455212751141,known malicious indicator count=0.0 decreased risk | geo mismatch=0.0 decreased risk | unusual time access=0.0 decreased risk
35.79663214686749,2,0,0,41.08849805630951,0,8.74927460907932,23.19082592900633,4,0,0,0,0.091521915451785,known malicious indicator count=0.0 decreased risk | prior incident count=0.0 decreased risk | src ip reputation score=35.8 increased risk
63.14624811839303,0,0,0,67.23953792526517,1,0.6614122287293664,13.198605823547702,3,0,0,0,0.1592313301257773,prior incident count=0.0 decreased risk | known malicious indicator count=1.0 increased risk | protocol risk score=13.2 decreased risk
58.58719139599774,6,0,0,37.732626724318926,1,1.0256977809904342,39.0327895046422,5,0,0,0,0.4392585611873427,prior incident count=0.0 decreased risk | known malicious indicator count=1.0 increased risk | geo mismatch=0.0 decreased risk
79.24967248133709,1,0,0,1.356172191158728,0,201.0649962709068,15.519119443681316,5,1,0,0,0.1747299132590394,known malicious indicator count=0.0 decreased risk | days since last patch=201.1 increased risk | geo mismatch=0.0 decreased risk
60.95387361501847,0,0,1,30.27689307394981,2,24.957368635578607,24.21293629338249,1,0,1,1,0.8087013707963684,known malicious indicator count=2.0 increased risk | prior incident count=0.0 decreased risk | unusual time access=1.0 increased risk
100.0,1,0,0,50.39460006518642,0,24.797665624090204,11.37872126460864,5,0,0,0,0.0119785057105991,known malicious indicator count=0.0 decreased risk | prior incident count=0.0 decreased risk | geo mismatch=0.0 decreased risk
48.58215003877776,3,1,0,13.658059507150192,1,15.152487227768646,34.77457258946488,1,0,1,1,0.9356913258807842,geo mismatch=1.0 increased risk | known malicious indicator count=1.0 increased risk | prior incident count=0.0 decreased risk
85.3175655896123,3,0,0,48.83520801995572,0,13.00292331685014,26.417914815803385,4,0,0,0,0.0267679492004235,known malicious indicator count=0.0 decreased risk | prior incident count=0.0 decreased risk | geo mismatch=0.0 decreased risk
73.59163563879196,1,1,0,18.1981326048922,1,5.477172889587671,3.3686078904800354,4,2,1,1,0.8327584785697839,geo mismatch=1.0 increased risk | prior incident count=2.0 increased risk | known malicious indicator count=1.0 increased risk
67.35661288711256,5,0,0,54.35493968685534,0,8.904210180208489,30.56697272928789,3,0,0,0,0.0623803753022616,known malicious indicator count=0.0 decreased risk | prior incident count=0.0 decreased risk | geo mismatch=0.0 decreased risk
85.82063894086093,1,0,0,1.6756259299482066,2,31.05237307451344,15.879366139898096,4,0,1,1,0.6282037334080322,known malicious indicator count=2.0 increased risk | prior incident count=0.0 decreased risk | protocol risk score=15.9 decreased risk
66.59630754950143,1,0,0,4.90949741599427,0,42.084395943987154,55.625230207856816,3,0,0,0,0.062064716601618,known malicious indicator count=0.0 decreased risk | prior incident count=0.0 decreased risk | geo mismatch=0.0 decreased risk
100.0,4,0,0,8.255670349251739,1,20.775319928301386,40.26293812050348,3,3,1,1,0.9030871463602276,prior incident count=3.0 increased risk | known malicious indicator count=1.0 increased risk | src ip reputation score=100.0 decreased risk
77.23322122494034,5,0,0,48.78207000508511,0,2.687051346562248,18.519437233527377,5,1,0,0,0.0770042818643125,known malicious indicator count=0.0 decreased risk | geo mismatch=0.0 decreased risk | protocol risk score=18.5 decreased risk
82.2833340008685,3,0,0,37.30875572803552,0,1.2131927499027195,38.20606115778227,1,1,0,0,0.0490536350636074,known malicious indicator count=0.0 decreased risk | geo mismatch=0.0 decreased risk | src ip reputation score=82.3 decreased risk
93.0718068663385,5,0,0,47.291427198181154,0,1.994871508558142,42.54518580454271,3,1,0,0,0.1287259268173636,known malicious indicator count=0.0 decreased risk | geo mismatch=0.0 decreased risk | src ip reputation score=93.1 decreased risk
77.5927929677193,3,0,0,77.74059734720127,0,13.621178176956713,36.9689048817834,5,0,0,0,0.0283203072926782,known malicious indicator count=0.0 decreased risk | prior incident count=0.0 decreased risk | geo mismatch=0.0 decreased risk
54.73427791642837,3,0,0,0.98643419796783,0,21.553112221319523,19.16224888129289,1,1,0,0,0.1020714085082886,known malicious indicator count=0.0 decreased risk | geo mismatch=0.0 decreased risk | protocol risk score=19.2 decreased risk
32.66920097278768,2,0,0,60.63628490134083,0,4.309071460896245,19.69346577538993,5,0,0,0,0.1012014514172054,known malicious indicator count=0.0 decreased risk | prior incident count=0.0 decreased risk | src ip reputation score=32.7 increased risk
49.70481013628296,5,1,0,60.61610455657503,0,14.719421951966352,45.67614085138297,5,0,0,1,0.7107713632431495,geo mismatch=1.0 increased risk | known malicious indicator count=0.0 decreased risk | prior incident count=0.0 decreased risk
73.79163233197487,3,0,0,76.1785625698253,0,0.9740020309372472,43.21911390664605,3,1,0,0,0.0944966794963491,known malicious indicator count=0.0 decreased risk | geo mismatch=0.0 decreased risk | unusual time access=0.0 decreased risk
70.16436265519079,2,0,0,35.566234920765524,0,3.2826161306323733,14.53361984959388,2,0,0,0,0.0173967832578229,known malicious indicator count=0.0 decreased risk | prior incident count=0.0 decreased risk | geo mismatch=0.0 decreased risk
76.62526862807128,3,1,1,86.3782062814533,0,17.60442243295721,34.854922332398964,5,0,1,1,0.6167339076880984,geo mismatch=1.0 increased risk | known malicious indicator count=0.0 decreased risk | prior incident count=0.0 decreased risk
100.0,1,0,1,179.18382389185982,0,16.48247328270575,29.92937112228169,2,1,0,1,0.5639806644446306,unusual time access=1.0 increased risk | known malicious indicator count=0.0 decreased risk | data transfer mb=179.2 increased risk
79.92398374726633,3,0,0,8.855925526601702,0,0.9747007235531218,14.12310552397642,5,1,0,0,0.0394330977111889,known malicious indicator count=0.0 decreased risk | geo mismatch=0.0 decreased risk | protocol risk score=14.1 decreased risk
36.7695987546208,1,1,0,41.91856940603783,0,55.2556191519406,21.411472467929844,5,1,1,1,0.7885220480493976,geo mismatch=1.0 increased risk | known malicious indicator count=0.0 decreased risk | days since last patch=55.3 increased risk
73.73218246312716,1,0,1,39.473950044316965,0,15.985534190364811,12.275902467960384,2,0,0,0,0.0329194324070656,known malicious indicator count=0.0 decreased risk | prior incident count=0.0 decreased risk | unusual time access=1.0 increased risk
50.097030362932415,0,0,0,42.10243630566248,0,23.901689000970457,48.93072158856007,5,0,0,0,0.051713095557426,known malicious indicator count=0.0 decreased risk | prior incident count=0.0 decreased risk | geo mismatch=0.0 decreased risk
69.88090581574541,1,0,0,64.86449635143164,0,11.481306214791635,42.63473789654015,3,0,0,0,0.0342235977973938,known malicious indicator count=0.0 decreased risk | prior incident count=0.0 decreased risk | geo mismatch=0.0 decreased risk
83.31848504108923,1,0,0,2.3096359005269207,0,16.131728364059,31.89830529127813,2,0,0,0,0.0233064008243094,known malicious indicator count=0.0 decreased risk | prior incident count=0.0 decreased risk | geo mismatch=0.0 decreased risk
55.8042201553293,1,0,0,50.2396338952744,0,6.513474789759791,0.0,4,1,0,0,0.0562508688794087,known malicious indicator count=0.0 decreased risk | geo mismatch=0.0 decreased risk | protocol risk score=0.0 decreased risk
76.81178432800994,2,0,0,34.73221696393785,0,8.344634411138935,28.384789963588343,1,0,0,0,0.026211606573617,known malicious indicator count=0.0 decreased risk | prior incident count=0.0 decreased risk | geo mismatch=0.0 decreased risk
85.58698007810665,2,0,0,77.7333357352754,0,6.794037921088022,39.27403148196304,2,0,0,0,0.0285332501499417,known malicious indicator count=0.0 decreased risk | prior incident count=0.0 decreased risk | geo mismatch=0.0 decreased risk
81.1958089586208,2,0,0,83.5011503674085,0,2.0561127746898693,10.38174570193732,1,0,0,0,0.0141062870683292,known malicious indicator count=0.0 decreased risk | prior incident count=0.0 decreased risk | geo mismatch=0.0 decreased risk
45.806105143177845,3,0,0,26.19579756494631,0,12.240466634502749,49.56186579491997,1,0,0,0,0.0549328233921692,known malicious indicator count=0.0 decreased risk | prior incident count=0.0 decreased risk | geo mismatch=0.0 decreased risk
26.56857190479105,1,0,1,29.225960238159697,0,21.17497054546417,30.77096185482809,4,0,0,0,0.2122152876468599,known malicious indicator count=0.0 decreased risk | prior incident count=0.0 decreased risk | unusual time access=1.0 increased risk
64.31689804142405,1,0,1,41.2032456849103,0,0.3959965330792647,31.064569686755693,1,1,0,0,0.31299867364841,known malicious indicator count=0.0 decreased risk | unusual time access=1.0 increased risk | geo mismatch=0.0 decreased risk
91.77901193934731,1,1,0,113.71340918611456,0,24.39367714949276,27.543011484317667,4,1,0,1,0.6256817773549854,geo mismatch=1.0 increased risk | known malicious indicator count=0.0 decreased risk | src ip reputation score=91.8 decreased risk
55.15031534923232,3,0,0,48.89491349965604,0,15.3460764764683,42.322332879934734,4,1,0,0,0.1472463496039439,known malicious indicator count=0.0 decreased risk | geo mismatch=0.0 decreased risk | unusual time access=0.0 decreased risk
88.48054038413802,4,0,0,9.64579533761282,0,17.892109434614156,10.28927205792478,3,0,0,0,0.0177142696792074,known malicious indicator count=0.0 decreased risk | prior incident count=0.0 decreased risk | geo mismatch=0.0 decreased risk
67.02061380465406,4,0,1,3.502673959743676,0,7.480443716349347,31.535424169385784,5,2,1,1,0.5603752984619369,prior incident count=2.0 increased risk | known malicious indicator count=0.0 decreased risk | unusual time access=1.0 increased risk
73.72908629538856,2,0,0,36.92414401637128,0,21.63031945014696,50.78696568222925,1,0,0,0,0.0427415000047392,known malicious indicator count=0.0 decreased risk | prior incident count=0.0 decreased risk | geo mismatch=0.0 decreased risk
72.85886189527413,3,0,1,35.9970566038476,0,23.53229884321133,30.747146195469707,5,2,0,1,0.6577377370033115,prior incident count=2.0 increased risk | known malicious indicator count=0.0 decreased risk | unusual time access=1.0 increased risk
70.16436265519079,3,0,0,60.99494617076074,1,0.4846134508050184,0.0,4,0,0,0,0.2573044928522807,prior incident count=0.0 decreased risk | known malicious indicator count=1.0 increased risk | protocol risk score=0.0 decreased risk
89.74669033178203,3,0,0,48.06830420053189,0,12.143880051175596,59.61681916318083,1,1,0,0,0.1188627585737061,known malicious indicator count=0.0 decreased risk | protocol risk score=59.6 increased risk | src ip reputation score=89.7 decreased risk
47.478920781779,0,0,0,12.350775981247958,0,3.636677857635971,59.91226595618687,2,0,0,0,0.0844008808138344,known malicious indicator count=0.0 decreased risk | prior incident count=0.0 decreased risk | geo mismatch=0.0 decreased risk
97.11275717609902,1,1,0,321.3132406210934,0,1.8934018653094804,5.796376192223985,4,2,1,1,0.717774531010864,prior incident count=2.0 increased risk | geo mismatch=1.0 increased risk | known malicious indicator count=0.0 decreased risk
98.39206009027274,1,0,1,24.84785336826728,0,57.16010974893449,34.45627156486569,5,0,0,0,0.1471937486337564,known malicious indicator count=0.0 decreased risk | prior incident count=0.0 decreased risk | unusual time access=1.0 increased risk
50.48253494045335,3,0,0,71.09537673840633,0,3.701679968619063,24.15293723349396,5,0,0,0,0.0525968272784623,known malicious indicator count=0.0 decreased risk | prior incident count=0.0 decreased risk | geo mismatch=0.0 decreased risk
75.02633296476205,2,0,0,0.5798373298437682,2,8.244587560741783,37.69426313385474,1,0,1,1,0.8232563626665302,known malicious indicator count=2.0 increased risk | prior incident count=0.0 decreased risk | geo mismatch=0.0 decreased risk
75.15505080285502,1,0,0,42.40149083255009,0,21.744499583696744,20.165660800643924,3,0,0,0,0.0209512793446979,known malicious indicator count=0.0 decreased risk | prior incident count=0.0 decreased risk | geo mismatch=0.0 decreased risk
83.9172767818757,1,0,0,20.862616271018613,0,10.960559656981593,28.9918881691623,4,0,0,0,0.0260774817243399,known malicious indicator count=0.0 decreased risk | prior incident count=0.0 decreased risk | geo mismatch=0.0 decreased risk
69.71802068186656,6,0,0,35.72427139155711,0,5.053568927829495,26.14621069387314,4,0,0,0,0.0678264493762999,known malicious indicator count=0.0 decreased risk | prior incident count=0.0 decreased risk | geo mismatch=0.0 decreased risk
100.0,2,0,0,29.598495516043403,1,28.39178166578316,34.55130548327574,5,1,0,1,0.6045282302134991,known malicious indicator count=1.0 increased risk | src ip reputation score=100.0 decreased risk | prior incident count=1.0 increased risk
50.30690430305475,4,0,0,34.54584670920994,0,10.640072706104316,51.43159746227766,5,0,0,0,0.110889989297224,known malicious indicator count=0.0 decreased risk | prior incident count=0.0 decreased risk | geo mismatch=0.0 decreased risk
70.16436265519079,2,0,0,32.31370261102384,0,2.2129495394472785,22.775759379680466,1,0,0,0,0.0264426612688303,known malicious indicator count=0.0 decreased risk | prior incident count=0.0 decreased risk | geo mismatch=0.0 decreased risk
63.97792608821423,8,0,0,62.50158325152403,0,11.14379461228153,37.79176624455279,2,0,0,0,0.0737734760806187,known malicious indicator count=0.0 decreased risk | prior incident count=0.0 decreased risk | geo mismatch=0.0 decreased risk
100.0,2,1,0,27.02341682181363,0,19.78780173902401,51.5611456729299,3,0,0,0,0.3473752045758912,geo mismatch=1.0 increased risk | known malicious indicator count=0.0 decreased risk | prior incident count=0.0 decreased risk
49.68356362043206,1,0,0,6.697767988445591,0,21.47483869895296,21.98112346740626,2,0,0,0,0.0288666647463332,known malicious indicator count=0.0 decreased risk | prior incident count=0.0 decreased risk | geo mismatch=0.0 decreased risk
54.8246948412925,2,1,0,43.29739497771271,0,8.620983469181349,40.65345475993796,2,0,0,1,0.6306280837960854,geo mismatch=1.0 increased risk | known malicious indicator count=0.0 decreased risk | prior incident count=0.0 decreased risk
64.74680959367664,1,1,0,50.42661907175297,0,50.67928306681801,39.29642652358364,1,0,0,1,0.6974750259926911,geo mismatch=1.0 increased risk | known malicious indicator count=0.0 decreased risk | prior incident count=0.0 decreased risk
91.12113618132103,2,0,0,14.128919921172216,1,54.146251929290784,30.66109386247461,2,0,0,0,0.3126341145495775,prior incident count=0.0 decreased risk | known malicious indicator count=1.0 increased risk | days since last patch=54.1 increased risk
68.75617966001379,1,0,0,61.65756979514947,0,18.859509510411087,32.52879828522475,5,0,0,0,0.0238534839699812,known malicious indicator count=0.0 decreased risk | prior incident count=0.0 decreased risk | geo mismatch=0.0 decreased risk
45.55744382216109,2,0,0,8.684594359174245,0,13.621178176956713,13.557575257922776,2,1,0,0,0.0809754945275331,known malicious indicator count=0.0 decreased risk | geo mismatch=0.0 decreased risk | protocol risk score=13.6 decreased risk
95.33822298373244,3,0,0,99.1071835128184,0,4.338799533223662,16.532055629941368,4,1,0,0,0.0509424245920409,known malicious indicator count=0.0 decreased risk | geo mismatch=0.0 decreased risk | src ip reputation score=95.3 decreased risk
64.56689779347893,0,0,0,21.94517375044257,1,8.491080132490577,66.00285181811,5,0,0,0,0.382699666903408,prior incident count=0.0 decreased risk | known malicious indicator count=1.0 increased risk | protocol risk score=66.0 increased risk
94.95484145347469,1,0,0,42.93862292943485,0,11.434783265132582,49.97468768141815,2,0,0,0,0.0317828550370427,known malicious indicator count=0.0 decreased risk | prior incident count=0.0 decreased risk | geo mismatch=0.0 decreased risk
99.33081718557206,1,0,0,55.54215963505692,1,6.240806341638639,42.51523716398321,4,0,0,0,0.1816493377091718,prior incident count=0.0 decreased risk | known malicious indicator count=1.0 increased risk | src ip reputation score=99.3 decreased risk
100.0,2,0,0,54.28854199034332,0,14.914867876229682,52.97448350482402,4,0,0,0,0.0391077119646198,known malicious indicator count=0.0 decreased risk | prior incident count=0.0 decreased risk | geo mismatch=0.0 decreased risk
25.23537533350056,1,0,0,104.53399793675142,0,38.25646743688913,21.153662258877155,5,0,0,0,0.1073256525118367,known malicious indicator count=0.0 decreased risk | prior incident count=0.0 decreased risk | src ip reputation score=25.2 increased risk
38.88208707592746,2,0,0,44.93765689736723,0,0.6213760680290131,44.6780724235893,4,0,0,0,0.1073091362907298,known malicious indicator count=0.0 decreased risk | prior incident count=0.0 decreased risk | geo mismatch=0.0 decreased risk
47.4646506218039,2,0,0,2.0574413209151454,0,0.9372889594630884,18.08371494779746,1,0,0,0,0.0364696494619127,known malicious indicator count=0.0 decreased risk | prior incident count=0.0 decreased risk | geo mismatch=0.0 decreased risk
84.81648690840251,3,0,0,61.6293057403433,0,112.30149018509746,22.87225212688806,4,0,0,0,0.0716985512355597,known malicious indicator count=0.0 decreased risk | prior incident count=0.0 decreased risk | days since last patch=112.3 increased risk
52.67650303570999,0,0,1,11.122351396422683,0,1.7818357763963732,40.998037871426135,2,0,0,0,0.0938409387665944,known malicious indicator count=0.0 decreased risk | prior incident count=0.0 decreased risk | unusual time access=1.0 increased risk
100.0,4,0,0,142.82395369365366,0,40.060204131787145,15.461671800912216,1,0,0,0,0.0286959916653867,known malicious indicator count=0.0 decreased risk | prior incident count=0.0 decreased risk | geo mismatch=0.0 decreased risk
84.37906621330134,0,0,0,173.63028113391945,0,31.80242055321552,19.13768071569849,4,1,0,0,0.1814221790385415,known malicious indicator count=0.0 decreased risk | data transfer mb=173.6 increased risk | geo mismatch=0.0 decreased risk
75.67502047323002,3,0,0,61.410530267150165,0,72.0538600997685,36.40523526726537,1,0,0,0,0.1058847194430406,known malicious indicator count=0.0 decreased risk | prior incident count=0.0 decreased risk | days since last patch=72.1 increased risk
45.77967600475087,3,0,0,43.75975084374495,0,3.330433784936992,64.79988031878881,1,3,1,1,0.8249469973975073,prior incident count=3.0 increased risk | known malicious indicator count=0.0 decreased risk | src ip reputation score=45.8 increased risk
67.52542107450327,0,0,0,19.225470680597684,1,6.771715654598795,13.216862477003744,5,0,0,0,0.1278708782557089,prior incident count=0.0 decreased risk | known malicious indicator count=1.0 increased risk | protocol risk score=13.2 decreased risk
60.484091119901976,1,0,1,34.54584670920994,0,20.755166127086056,27.711426990667995,2,1,0,0,0.3897974389367289,known malicious indicator count=0.0 decreased risk | unusual time access=1.0 increased risk | geo mismatch=0.0 decreased risk
81.44012556600946,1,1,0,102.25859068991956,0,35.27875110755812,14.30571923483345,5,1,0,1,0.6428232926089805,geo mismatch=1.0 increased risk | known malicious indicator count=0.0 decreased risk | protocol risk score=14.3 decreased risk
70.16436265519079,2,0,1,5.665797265190082,2,65.637482045817,6.904842949094736,3,0,1,1,0.6629837894517385,known malicious indicator count=2.0 increased risk | prior incident count=0.0 decreased risk | protocol risk score=6.9 decreased risk
44.188771561075626,0,0,0,44.46673274668307,0,69.8455644588561,61.48625510064651,5,2,1,1,0.7396183115841101,prior incident count=2.0 increased risk | known malicious indicator count=0.0 decreased risk | days since last patch=69.8 increased risk
95.43110189988316,2,0,0,50.65415198611459,0,11.560122910199668,0.0,2,1,0,0,0.0339833325819962,known malicious indicator count=0.0 decreased risk | geo mismatch=0.0 decreased risk | protocol risk score=0.0 decreased risk
58.94158325265396,1,0,0,67.14856169758772,0,7.565635302997016,57.49553410887805,1,0,0,0,0.068342193003936,known malicious indicator count=0.0 decreased risk | prior incident count=0.0 decreased risk | geo mismatch=0.0 decreased risk
77.48113139695144,1,0,0,12.343479487325524,0,2.1699239628247176,15.566403849568688,4,0,0,0,0.0145021356438357,known malicious indicator count=0.0 decreased risk | prior incident count=0.0 decreased risk | geo mismatch=0.0 decreased risk
45.21785848692198,0,0,0,16.406188499791863,0,6.814109900270797,31.091448551202195,4,1,0,0,0.1004231253986813,known malicious indicator count=0.0 decreased risk | geo mismatch=0.0 decreased risk | unusual time access=0.0 decreased risk
62.80462708421828,1,0,0,33.98127156245651,0,2.732224829835184,34.936190468791594,2,0,0,0,0.0309339449462388,known malicious indicator count=0.0 decreased risk | prior incident count=0.0 decreased risk | geo mismatch=0.0 decreased risk
86.27034434739339,5,0,0,52.912104470618935,0,14.805725347045222,13.063044132721302,5,1,0,0,0.0771658602369343,known malicious indicator count=0.0 decreased risk | geo mismatch=0.0 decreased risk | src ip reputation score=86.3 decreased risk
74.30793010912576,2,0,1,4.101783562269606,0,1.280040017879006,0.0,4,0,0,0,0.0479180958921914,known malicious indicator count=0.0 decreased risk | prior incident count=0.0 decreased risk | unusual time access=1.0 increased risk
68.73753973777504,1,0,0,23.225088974317085,1,2.02591728746978,29.62735017279559,3,1,0,1,0.6598126545247304,known malicious indicator count=1.0 increased risk | prior incident count=1.0 increased risk | geo mismatch=0.0 decreased risk
65.25976059974745,1,0,0,83.45145540954962,0,49.0753174939172,15.223938920394186,5,0,0,0,0.0593898016279469,known malicious indicator count=0.0 decreased risk | prior incident count=0.0 decreased risk | geo mismatch=0.0 decreased risk
70.16436265519079,4,0,1,12.494180225138038,0,17.000139558918747,26.909664493599287,2,0,0,0,0.2160108331204679,known malicious indicator count=0.0 decreased risk | prior incident count=0.0 decreased risk | unusual time access=1.0 increased risk
84.42958647514686,1,0,0,57.48542394422663,0,108.9651699765696,6.841720807765018,2,0,0,0,0.0548607763534235,known malicious indicator count=0.0 decreased risk | prior incident count=0.0 decreased risk | days since last patch=109.0 increased risk
66.07300301830044,3,0,0,100.48199407558192,0,13.621178176956713,41.40309588818295,4,0,0,0,0.0458346338482341,known malicious indicator count=0.0 decreased risk | prior incident count=0.0 decreased risk | geo mismatch=0.0 decreased risk
94.37941579587326,4,0,0,45.28911136362825,1,16.5842040100829,26.55246664213125,5,3,1,1,0.9040595178576158,prior incident count=3.0 increased risk | known malicious indicator count=1.0 increased risk | src ip reputation score=94.4 decreased risk
98.62733563662368,1,0,0,39.76869885571166,0,15.245372026935094,27.60798306434447,4,0,0,0,0.0227216483764244,known malicious indicator count=0.0 decreased risk | prior incident count=0.0 decreased risk | geo mismatch=0.0 decreased risk
73.98847971973534,1,1,0,11.463526810607831,0,24.43958465948933,1.498530412574823,2,2,1,1,0.767592191333483,geo mismatch=1.0 increased risk | prior incident count=2.0 increased risk | known malicious indicator count=0.0 decreased risk
100.0,3,1,0,73.46359237151866,0,0.8887681398823797,22.48208388246069,2,0,0,0,0.3037733010711171,geo mismatch=1.0 increased risk | known malicious indicator count=0.0 decreased risk | prior incident count=0.0 decreased risk
70.16436265519079,2,0,0,108.4213977819152,0,8.841064317988904,48.22464256972511,4,0,0,0,0.0537130299302892,known malicious indicator count=0.0 decreased risk | prior incident count=0.0 decreased risk | geo mismatch=0.0 decreased risk
90.83449328117705,0,0,0,42.40443141721153,0,56.23390445166007,11.95492207710425,3,1,0,0,0.1765560514006304,known malicious indicator count=0.0 decreased risk | days since last patch=56.2 increased risk | geo mismatch=0.0 decreased risk
80.08966512766034,3,0,0,3.39096339755917,0,9.615588666321855,26.41857858018404,2,0,0,0,0.0279060700177411,known malicious indicator count=0.0 decreased risk | prior incident count=0.0 decreased risk | geo mismatch=0.0 decreased risk
41.50503627573087,2,0,0,32.44382295630356,0,3.085019268677503,39.36722192393809,5,1,0,0,0.1534811034275155,known malicious indicator count=0.0 decreased risk | geo mismatch=0.0 decreased risk | src ip reputation score=41.5 increased risk
46.04244214822303,1,0,0,0.217788822163616,0,25.587021456765385,4.097125345161565,5,0,0,0,0.0401159480838644,known malicious indicator count=0.0 decreased risk | prior incident count=0.0 decreased risk | geo mismatch=0.0 decreased risk
100.0,1,0,0,16.92480885072397,0,24.22923530072616,2.040983939091138,3,0,0,0,0.0127842265285271,known malicious indicator count=0.0 decreased risk | prior incident count=0.0 decreased risk | geo mismatch=0.0 decreased risk
81.8288430350371,0,0,0,4.317402953728988,0,11.6730675554374,3.852875824421041,4,0,0,0,0.0180266438342656,known malicious indicator count=0.0 decreased risk | prior incident count=0.0 decreased risk | geo mismatch=0.0 decreased risk
58.067418827765394,4,0,0,6.792469405767135,0,69.7077109990773,25.71792634422925,3,0,0,0,0.107205921443743,known malicious indicator count=0.0 decreased risk | prior incident count=0.0 decreased risk | days since last patch=69.7 increased risk
33.182515373367096,4,0,0,177.21147039105114,0,65.84660462328392,33.47139434752036,1,0,0,0,0.2705345166461103,known malicious indicator count=0.0 decreased risk | prior incident count=0.0 decreased risk | data transfer mb=177.2 increased risk
70.02410950724449,3,0,0,9.967321273219085,1,42.21769231968579,18.86205742095684,4,0,0,0,0.2721373798453332,prior incident count=0.0 decreased risk | known malicious indicator count=1.0 increased risk | geo mismatch=0.0 decreased risk
100.0,2,0,0,20.553821308264965,2,18.707324476513744,46.39086498046135,4,2,1,1,0.9413237247263734,known malicious indicator count=2.0 increased risk | prior incident count=2.0 increased risk | src ip reputation score=100.0 decreased risk
93.89184441027462,2,0,0,22.578538251370293,0,6.264239462471851,16.587400919104113,3,3,0,1,0.5953078402824002,prior incident count=3.0 increased risk | known malicious indicator count=0.0 decreased risk | src ip reputation score=93.9 decreased risk
71.69010291385725,4,0,0,51.77983745209636,0,17.20344493718637,27.48913163811197,4,0,0,0,0.0307840554661976,known malicious indicator count=0.0 decreased risk | prior incident count=0.0 decreased risk | geo mismatch=0.0 decreased risk
57.943586884320766,0,0,0,68.97245552173067,0,26.12075796251407,52.332351098287646,2,1,0,0,0.103562279363502,known malicious indicator count=0.0 decreased risk | geo mismatch=0.0 decreased risk | unusual time access=0.0 decreased risk
45.776561414384375,0,0,0,13.68282141602596,0,15.705208237995793,22.767211227033005,1,0,0,0,0.0298386950728219,known malicious indicator count=0.0 decreased risk | prior incident count=0.0 decreased risk | geo mismatch=0.0 decreased risk
32.49655060708511,2,0,0,9.130812780937326,1,1.5847123212506633,27.88028584323517,1,1,0,1,0.7388923558338005,known malicious indicator count=1.0 increased risk | src ip reputation score=32.5 increased risk | prior incident count=1.0 increased risk
59.64777401927657,1,0,0,36.48152822260792,0,11.820527162178976,54.330264345966185,4,0,0,0,0.062169695885198,known malicious indicator count=0.0 decreased risk | prior incident count=0.0 decreased risk | geo mismatch=0.0 decreased risk
100.0,5,0,0,154.029173288075,0,52.199477866803306,24.75199021959613,3,1,1,0,0.3286477973971605,known malicious indicator count=0.0 decreased risk | days since last patch=52.2 increased risk | src ip reputation score=100.0 decreased risk
42.057636297740174,6,0,0,66.81871823471174,0,29.54618248088792,37.02481418098757,3,1,0,0,0.2076347545838277,known malicious indicator count=0.0 decreased risk | geo mismatch=0.0 decreased risk | login attempts last hour=6.0 increased risk
68.62731907829063,2,0,0,14.638438527746793,0,23.585883692140506,22.199159933081887,3,1,0,0,0.0526680899661777,known malicious indicator count=0.0 decreased risk | geo mismatch=0.0 decreased risk | unusual time access=0.0 decreased risk
94.74876269368278,2,0,0,80.86398333267547,0,10.757659353053612,19.258199640082964,3,1,0,0,0.0492536974554901,known malicious indicator count=0.0 decreased risk | geo mismatch=0.0 decreased risk | src ip reputation score=94.7 decreased risk
40.6494946849512,1,0,0,34.0089260771751,3,7.743465660378007,14.884030822974882,5,1,1,1,0.8275159341226737,known malicious indicator count=3.0 increased risk | protocol risk score=14.9 decreased risk | prior incident count=1.0 increased risk
62.12940288060543,1,0,0,37.095486459623736,0,9.507357916414742,37.50508413420615,3,1,0,0,0.1034262097190776,known malicious indicator count=0.0 decreased risk | geo mismatch=0.0 decreased risk | unusual time access=0.0 decreased risk
80.77511984892739,1,0,0,28.5027971509446,0,14.79227251119739,23.915883471704323,2,3,0,1,0.6404733474301603,prior incident count=3.0 increased risk | known malicious indicator count=0.0 decreased risk | geo mismatch=0.0 decreased risk
68.38243004269077,2,0,0,146.90460474854598,0,4.916601634275199,36.41464624281708,4,1,0,0,0.135177319339825,known malicious indicator count=0.0 decreased risk | geo mismatch=0.0 decreased risk | unusual time access=0.0 decreased risk
37.9945779099258,2,0,0,26.96638379334026,0,2.781784540093035,24.568140440680583,1,2,0,1,0.5930419645046405,prior incident count=2.0 increased risk | known malicious indicator count=0.0 decreased risk | src ip reputation score=38.0 increased risk
82.59059168443622,2,1,0,32.94057181394001,0,7.345311609517607,42.12395654038871,2,1,1,1,0.6963115729346611,geo mismatch=1.0 increased risk | known malicious indicator count=0.0 decreased risk | src ip reputation score=82.6 decreased risk
91.82620241188538,1,0,0,69.9804784530108,1,21.92933271317304,41.23021294911853,3,0,0,0,0.1782464940685177,prior incident count=0.0 decreased risk | known malicious indicator count=1.0 increased risk | geo mismatch=0.0 decreased risk
79.57959651492784,1,0,0,61.21772229334048,0,16.100391130965168,34.73877900326772,2,1,0,0,0.0500095845001888,known malicious indicator count=0.0 decreased risk | geo mismatch=0.0 decreased risk | unusual time access=0.0 decreased risk
53.4623929192028,0,0,0,119.40624464133398,1,80.64523903431896,48.33429051534696,1,0,1,0,0.4173356769168959,prior incident count=0.0 decreased risk | known malicious indicator count=1.0 increased risk | days since last patch=80.6 increased risk
63.72940627655204,2,0,0,22.946290697729644,0,7.610986847675756,41.548815003556,3,1,0,0,0.1156979089982681,known malicious indicator count=0.0 decreased risk | geo mismatch=0.0 decreased risk | unusual time access=0.0 decreased risk
52.14424969016232,2,0,0,50.58718907828169,0,14.833180495924376,7.605081833752557,5,1,0,0,0.0914210668530408,known malicious indicator count=0.0 decreased risk | geo mismatch=0.0 decreased risk | protocol risk score=7.6 decreased risk
68.4555790955391,3,0,0,29.52239580076764,0,3.085913686541885,36.46818242988084,3,1,0,0,0.0728689848779231,known malicious indicator count=0.0 decreased risk | geo mismatch=0.0 decreased risk | unusual time access=0.0 decreased risk
57.50362844608642,1,0,1,12.30321427207969,0,32.25959618760088,53.72357774711834,3,0,0,0,0.1278325619901965,known malicious indicator count=0.0 decreased risk | prior incident count=0.0 decreased risk | unusual time access=1.0 increased risk
63.84076940721919,3,0,0,28.585739864637315,0,23.653673469584984,12.953960073354285,5,0,0,0,0.0298007530262127,known malicious indicator count=0.0 decreased risk | prior incident count=0.0 decreased risk | geo mismatch=0.0 decreased risk
70.0609204030683,4,0,0,128.89366573032126,0,9.551422551608468,21.28831591666325,4,0,0,0,0.0459519115677183,known malicious indicator count=0.0 decreased risk | prior incident count=0.0 decreased risk | geo mismatch=0.0 decreased risk
88.90423069222967,0,0,0,64.72532752775774,0,5.60318613433176,19.967513284961115,2,0,0,0,0.0214910822925923,known malicious indicator count=0.0 decreased risk | prior incident count=0.0 decreased risk | geo mismatch=0.0 decreased risk
100.0,0,0,0,14.161084162032145,0,10.438348491131777,19.727697156645423,2,0,0,0,0.0190291520276835,known malicious indicator count=0.0 decreased risk | prior incident count=0.0 decreased risk | geo mismatch=0.0 decreased risk
67.93556494135008,1,0,0,25.06284570154088,0,6.760486072497292,40.09808471754637,1,0,0,0,0.0331465728126716,known malicious indicator count=0.0 decreased risk | prior incident count=0.0 decreased risk | geo mismatch=0.0 decreased risk
85.36414433263475,1,0,0,56.27867123937104,1,23.06873135790015,30.380971381346924,5,0,0,0,0.1762672466438501,prior incident count=0.0 decreased risk | known malicious indicator count=1.0 increased risk | geo mismatch=0.0 decreased risk
66.2620768367603,2,0,1,81.18196516133348,1,8.432458411096553,48.60525739037349,2,0,0,1,0.6653290638945566,known malicious indicator count=1.0 increased risk | prior incident count=0.0 decreased risk | unusual time access=1.0 increased risk
90.42766590858795,2,0,1,48.86274107371932,2,31.13779217801509,42.2133151061872,3,0,1,1,0.8424390786776884,known malicious indicator count=2.0 increased risk | prior incident count=0.0 decreased risk | unusual time access=1.0 increased risk
74.16765615895105,3,0,1,206.4407024606287,0,16.713070924964846,30.27002385885579,4,0,0,0,0.2768337937720025,known malicious indicator count=0.0 decreased risk | prior incident count=0.0 decreased risk | data transfer mb=206.4 increased risk
58.01214709111956,2,0,0,103.14397824135494,0,36.34820204175551,51.45912652779123,1,3,1,1,0.8495965501954026,prior incident count=3.0 increased risk | known malicious indicator count=0.0 decreased risk | geo mismatch=0.0 decreased risk
64.87438351496856,1,1,0,86.1414268386324,0,117.66125579149691,41.17557178956231,2,0,0,1,0.7047515288822388,geo mismatch=1.0 increased risk | known malicious indicator count=0.0 decreased risk | prior incident count=0.0 decreased risk
93.81292549572684,2,0,0,101.71099434554088,0,0.6138138002464206,26.816470427040265,1,1,0,0,0.0625966542424145,known malicious indicator count=0.0 decreased risk | geo mismatch=0.0 decreased risk | src ip reputation score=93.8 decreased risk
84.36834846943282,4,1,0,14.228273440783504,0,8.642430185400087,39.991299738877,5,0,0,0,0.3577496358818635,geo mismatch=1.0 increased risk | known malicious indicator count=0.0 decreased risk | prior incident count=0.0 decreased risk
95.59037339520316,8,0,0,61.316361648832284,1,38.76975897540488,13.459659737992268,1,0,0,0,0.2059681702772182,prior incident count=0.0 decreased risk | known malicious indicator count=1.0 increased risk | src ip reputation score=95.6 decreased risk
58.487243475244526,2,0,0,24.33387759279388,0,13.621178176956713,42.73843717349095,3,0,0,0,0.0421237739375976,known malicious indicator count=0.0 decreased risk | prior incident count=0.0 decreased risk | geo mismatch=0.0 decreased risk
81.67856370651927,1,0,0,0.5154047857665192,0,9.53123761605513,40.4685110936463,3,1,0,0,0.0991376662788409,known malicious indicator count=0.0 decreased risk | geo mismatch=0.0 decreased risk | src ip reputation score=81.7 decreased risk
69.69380301654009,4,0,0,68.88707735155096,0,13.621178176956713,10.445367110130327,2,1,0,0,0.051679900717341,known malicious indicator count=0.0 decreased risk | geo mismatch=0.0 decreased risk | protocol risk score=10.4 decreased risk
93.4343582943232,2,0,1,48.02178034208878,0,36.93946153013694,43.6563561169916,2,2,1,1,0.7294370238877613,prior incident count=2.0 increased risk | known malicious indicator count=0.0 decreased risk | unusual time access=1.0 increased risk
69.25926405903176,2,0,1,20.11046416464253,0,0.7114861795806939,33.65814274401021,3,2,1,1,0.6593027755179698,prior incident count=2.0 increased risk | known malicious indicator count=0.0 decreased risk | unusual time access=1.0 increased risk
67.42681107295888,2,0,1,19.40497290865105,0,28.783627857493865,23.522732324433,3,0,0,0,0.1423586225481051,known malicious indicator count=0.0 decreased risk | prior incident count=0.0 decreased risk | unusual time access=1.0 increased risk
54.91448299961285,1,0,0,11.649209141536792,0,21.254349157454424,37.82739500117254,2,0,0,0,0.0346245937608393,known malicious indicator count=0.0 decreased risk | prior incident count=0.0 decreased risk | geo mismatch=0.0 decreased risk
89.4510889925346,4,1,0,22.311546327327743,0,37.97725654869276,0.412174030890025,4,1,0,0,0.4923318240271992,geo mismatch=1.0 increased risk | known malicious indicator count=0.0 decreased risk | src ip reputation score=89.5 decreased risk
70.29376389458395,2,0,0,42.61624069080703,0,0.7307341311774357,2.907042843545117,3,2,0,0,0.2670902575449854,prior incident count=2.0 increased risk | known malicious indicator count=0.0 decreased risk | protocol risk score=2.9 decreased risk
62.22958449633981,1,0,0,1.5282591762351567,0,28.85187782220019,34.7070464158528,4,0,0,0,0.0326245316420889,known malicious indicator count=0.0 decreased risk | prior incident count=0.0 decreased risk | geo mismatch=0.0 decreased risk
40.30204063100193,1,0,0,11.272790410028332,2,8.85887096993915,21.021578561881302,1,2,1,1,0.930867950084773,known malicious indicator count=2.0 increased risk | prior incident count=2.0 increased risk | src ip reputation score=40.3 increased risk
88.38308347220003,2,0,0,7.555794394997484,0,19.843298728168715,24.68257393560048,4,1,0,0,0.0456888838751978,known malicious indicator count=0.0 decreased risk | geo mismatch=0.0 decreased risk | src ip reputation score=88.4 decreased risk
65.47042216196947,0,0,1,84.25310002477214,0,2.4595135198963387,27.76794675290635,5,1,0,0,0.3508707884863661,known malicious indicator count=0.0 decreased risk | unusual time access=1.0 increased risk | geo mismatch=0.0 decreased risk
75.05137691993247,3,0,0,18.543104398845383,0,14.450111621056063,10.15382164544997,4,1,0,0,0.0358422111344995,known malicious indicator count=0.0 decreased risk | geo mismatch=0.0 decreased risk | protocol risk score=10.2 decreased risk
84.24644319160325,3,0,0,34.69382997043894,0,0.6679277117125133,23.33299606313573,3,3,1,1,0.586640845429269,prior incident count=3.0 increased risk | known malicious indicator count=0.0 decreased risk | src ip reputation score=84.2 decreased risk
82.70836060418452,1,0,1,41.85083733538127,1,22.03090109391923,38.97614655657184,5,1,1,1,0.8663814701117283,known malicious indicator count=1.0 increased risk | unusual time access=1.0 increased risk | prior incident count=1.0 increased risk
44.7967046965484,0,0,0,44.129770019368266,0,44.29861269985268,22.94953706588792,1,1,0,0,0.0802314085873327,known malicious indicator count=0.0 decreased risk | geo mismatch=0.0 decreased risk | unusual time access=0.0 decreased risk
50.56686530917428,2,0,0,92.95221061059446,0,3.6600361318761214,26.40393348576994,4,0,0,0,0.0487858095620461,known malicious indicator count=0.0 decreased risk | prior incident count=0.0 decreased risk | geo mismatch=0.0 decreased risk
100.0,2,0,0,66.13467541454227,0,3.671460034617328,21.124038576733103,1,0,0,0,0.0238766615734164,known malicious indicator count=0.0 decreased risk | prior incident count=0.0 decreased risk | geo mismatch=0.0 decreased risk
75.74248330403648,0,0,0,76.3638562689612,1,3.5918433898437603,19.350695336179992,5,0,0,0,0.1923047965023224,prior incident count=0.0 decreased risk | known malicious indicator count=1.0 increased risk | geo mismatch=0.0 decreased risk
40.66429618768646,2,0,0,47.19003590297227,0,6.657706054305762,47.23915837964329,5,1,0,0,0.2018470221658864,known malicious indicator count=0.0 decreased risk | geo mismatch=0.0 decreased risk | src ip reputation score=40.7 increased risk
81.7715680884122,3,0,0,8.820506734999014,0,3.8845383434862377,28.654827956607868,4,1,0,0,0.0488167382507211,known malicious indicator count=0.0 decreased risk | geo mismatch=0.0 decreased risk | src ip reputation score=81.8 decreased risk
53.00311261070416,1,0,1,12.70433640292048,0,12.20500926803058,11.647380556272708,2,0,0,0,0.0571794698237707,known malicious indicator count=0.0 decreased risk | prior incident count=0.0 decreased risk | unusual time access=1.0 increased risk
76.5752482060696,0,0,0,36.6545702197252,0,39.318008679944285,27.307002037001308,4,1,0,0,0.0469147653433249,known malicious indicator count=0.0 decreased risk | geo mismatch=0.0 decreased risk | unusual time access=0.0 decreased risk
72.70676695784582,3,0,0,38.28262628810123,0,86.80918133428835,35.313471550460946,2,1,0,0,0.2731239400270232,known malicious indicator count=0.0 decreased risk | days since last patch=86.8 increased risk | geo mismatch=0.0 decreased risk
46.97971832760986,1,0,0,44.67554899820923,1,25.085511767715523,35.335374241747274,3,0,1,0,0.3186937657086394,prior incident count=0.0 decreased risk | known malicious indicator count=1.0 increased risk | geo mismatch=0.0 decreased risk
67.05885236995722,1,0,0,17.214082652935808,0,10.00845131530989,46.83141196201157,1,0,0,0,0.0456618870653768,known malicious indicator count=0.0 decreased risk | prior incident count=0.0 decreased risk | geo mismatch=0.0 decreased risk
55.70638646019137,5,1,0,95.79950666778096,0,5.521464562116237,29.952146011308173,2,0,0,1,0.5397160897283257,geo mismatch=1.0 increased risk | known malicious indicator count=0.0 decreased risk | prior incident count=0.0 decreased risk
69.7550645430617,3,1,0,94.42414138076629,2,40.926874718349794,19.878001747925005,2,1,1,1,0.9702161216750512,known malicious indicator count=2.0 increased risk | geo mismatch=1.0 increased risk | protocol risk score=19.9 decreased risk
68.33124060419279,5,0,1,26.86892522901224,0,53.58345064946383,50.83185773538074,3,0,0,0,0.3621538668949342,known malicious indicator count=0.0 decreased risk | prior incident count=0.0 decreased risk | unusual time access=1.0 increased risk
79.46814831424933,3,0,0,154.899649947701,0,16.103923246962268,24.328868574954285,3,1,0,0,0.1071682043268459,known malicious indicator count=0.0 decreased risk | geo mismatch=0.0 decreased risk | data transfer mb=154.9 increased risk
57.74422619031228,2,0,0,34.54584670920994,1,12.275279322818914,5.3914669954762005,4,1,1,1,0.6621656121216374,known malicious indicator count=1.0 increased risk | prior incident count=1.0 increased risk | protocol risk score=5.4 decreased risk
50.503868481543165,1,0,0,189.69421029781185,1,47.613955266426025,41.389604919407056,5,0,1,1,0.5386015383636529,prior incident count=0.0 decreased risk | known malicious indicator count=1.0 increased risk | data transfer mb=189.7 increased risk
69.19684098711313,0,1,0,30.54868057370856,0,0.7776706744961183,65.15243362615129,3,2,0,1,0.8974419167628828,geo mismatch=1.0 increased risk | prior incident count=2.0 increased risk | known malicious indicator count=0.0 decreased risk
88.00797176790127,0,0,0,112.87180226098056,0,37.09142303455901,8.622909187888713,2,1,0,0,0.0636477878595859,known malicious indicator count=0.0 decreased risk | geo mismatch=0.0 decreased risk | protocol risk score=8.6 decreased risk
70.16436265519079,0,0,0,41.785204661766905,0,32.4826970014355,49.905221958394826,5,1,0,0,0.0931431302914396,known malicious indicator count=0.0 decreased risk | geo mismatch=0.0 decreased risk | protocol risk score=49.9 increased risk
55.36736522182944,1,1,0,129.92476889976768,0,20.65818435855311,2.8056950278654256,4,0,0,0,0.4214647206186124,geo mismatch=1.0 increased risk | known malicious indicator count=0.0 decreased risk | prior incident count=0.0 decreased risk
62.70094540914229,3,0,0,60.66661645353755,0,13.468209915143772,30.10095525512896,2,0,0,0,0.0321461929051371,known malicious indicator count=0.0 decreased risk | prior incident count=0.0 decreased risk | geo mismatch=0.0 decreased risk
51.61151531532394,2,0,0,9.847809403214738,1,14.00315738510959,60.05616024486002,2,0,1,0,0.4689987560046965,prior incident count=0.0 decreased risk | known malicious indicator count=1.0 increased risk | protocol risk score=60.1 increased risk
74.54991751464108,1,0,0,59.373796416352086,0,28.09254936248673,49.61466000166466,1,0,0,0,0.0320954458122754,known malicious indicator count=0.0 decreased risk | prior incident count=0.0 decreased risk | geo mismatch=0.0 decreased risk
70.45261705353738,2,0,0,59.196677161229736,0,13.825804028257211,13.52261169005504,2,1,0,0,0.041388814980082,known malicious indicator count=0.0 decreased risk | geo mismatch=0.0 decreased risk | protocol risk score=13.5 decreased risk
68.04169507114192,3,0,0,14.698663184703028,0,16.740444719397512,31.333655352949258,2,0,0,0,0.0260198126122794,known malicious indicator count=0.0 decreased risk | prior incident count=0.0 decreased risk | geo mismatch=0.0 decreased risk
65.0496272889699,3,0,1,30.21336719919152,0,6.096553183620703,52.78137075209793,2,0,0,0,0.133665535089099,known malicious indicator count=0.0 decreased risk | prior incident count=0.0 decreased risk | unusual time access=1.0 increased risk
100.0,4,0,0,0.452072846331024,1,0.7466913163985796,2.039296995116004,5,0,0,0,0.1969295611160454,prior incident count=0.0 decreased risk | known malicious indicator count=1.0 increased risk | src ip reputation score=100.0 decreased risk
67.63862946017842,1,0,0,27.39557478152782,0,0.6169982191659195,47.03007167765448,3,0,0,0,0.0379660100652943,known malicious indicator count=0.0 decreased risk | prior incident count=0.0 decreased risk | geo mismatch=0.0 decreased risk
61.19911026606032,2,0,0,23.68918500120276,0,122.74769292364286,0.0,1,0,0,0,0.0846521889604707,known malicious indicator count=0.0 decreased risk | prior incident count=0.0 decreased risk | days since last patch=122.7 increased risk
78.94787874137951,2,0,0,50.33924239385444,0,2.543428008168513,17.60034143840135,3,0,0,0,0.0162764288299532,known malicious indicator count=0.0 decreased risk | prior incident count=0.0 decreased risk | geo mismatch=0.0 decreased risk
79.93398446473043,3,0,0,5.834103628305232,0,7.2441781803673235,51.77603968153515,4,1,0,0,0.1076521763577392,known malicious indicator count=0.0 decreased risk | geo mismatch=0.0 decreased risk | protocol risk score=51.8 increased risk
91.43859730423594,0,0,0,15.485149775909262,0,43.18897785278772,27.458756330936247,3,1,0,0,0.0469647879840495,known malicious indicator count=0.0 decreased risk | geo mismatch=0.0 decreased risk | src ip reputation score=91.4 decreased risk
100.0,1,0,0,47.56038296898637,0,13.39798006884499,8.52177802472173,5,1,0,0,0.0363137131540399,known malicious indicator count=0.0 decreased risk | geo mismatch=0.0 decreased risk | src ip reputation score=100.0 decreased risk
53.48692634395716,2,0,0,47.13873624019092,0,29.411494732982767,31.8603609684162,3,1,0,0,0.1193272099054804,known malicious indicator count=0.0 decreased risk | geo mismatch=0.0 decreased risk | unusual time access=0.0 decreased risk
78.19525591918995,3,1,0,2.378782369251712,1,1.825529968643854,6.382920358358636,2,0,1,1,0.7403910893116561,geo mismatch=1.0 increased risk | known malicious indicator count=1.0 increased risk | prior incident count=0.0 decreased risk
58.89600946613604,3,0,0,34.54584670920994,0,18.71657349574749,34.27627129206114,3,1,0,0,0.1222660177396609,known malicious indicator count=0.0 decreased risk | geo mismatch=0.0 decreased risk | unusual time access=0.0 decreased risk
93.81097188687193,2,0,1,15.406374290198007,1,32.52232423142269,40.224230503538905,2,0,0,1,0.5076750367812617,prior incident count=0.0 decreased risk | known malicious indicator count=1.0 increased risk | unusual time access=1.0 increased risk
58.38703394892098,2,0,0,112.0341114217546,0,42.83468775086028,71.18753918110116,3,0,0,0,0.1321809626239139,known malicious indicator count=0.0 decreased risk | prior incident count=0.0 decreased risk | protocol risk score=71.2 increased risk
61.41188917749494,2,0,0,55.1779796233592,0,6.936253846569271,29.392056275462497,4,1,0,0,0.1084760843211925,known malicious indicator count=0.0 decreased risk | geo mismatch=0.0 decreased risk | unusual time access=0.0 decreased risk
79.19944285878233,1,0,0,11.031310464599848,0,56.62365751045533,36.06464016349737,1,0,0,0,0.0645366818846469,known malicious indicator count=0.0 decreased risk | prior incident count=0.0 decreased risk | geo mismatch=0.0 decreased risk
47.95460519088289,0,0,0,0.1111395289899915,1,12.644748787081353,38.6800017187224,3,2,1,1,0.8916807892097189,prior incident count=2.0 increased risk | known malicious indicator count=1.0 increased risk | geo mismatch=0.0 decreased risk
100.0,2,0,0,1.0925868697634364,0,0.1621622168631286,48.74986441054004,1,0,0,0,0.0339371528314703,known malicious indicator count=0.0 decreased risk | prior incident count=0.0 decreased risk | geo mismatch=0.0 decreased risk
87.31510388340243,2,1,1,6.331552845687051,0,12.550545502678736,15.39594028731051,4,0,0,0,0.3451035373882398,geo mismatch=1.0 increased risk | known malicious indicator count=0.0 decreased risk | prior incident count=0.0 decreased risk
52.97187131479373,1,0,0,22.206691256078752,0,11.098899937658446,55.37214643818041,4,1,0,0,0.1389631888874294,known malicious indicator count=0.0 decreased risk | geo mismatch=0.0 decreased risk | protocol risk score=55.4 increased risk
83.02272483647315,2,0,0,18.09039259253716,0,31.617075025978167,34.04053468555413,2,0,0,0,0.0252985519817604,known malicious indicator count=0.0 decreased risk | prior incident count=0.0 decreased risk | geo mismatch=0.0 decreased risk
62.53463508117372,0,0,0,7.669503534010466,1,0.4764582665671536,42.482739146572506,4,0,0,0,0.2689466929115748,prior incident count=0.0 decreased risk | known malicious indicator count=1.0 increased risk | geo mismatch=0.0 decreased risk
69.6297372801522,3,1,0,9.468822453719548,2,25.45557580661289,48.1218871748833,5,1,1,1,0.9814693717525708,known malicious indicator count=2.0 increased risk | geo mismatch=1.0 increased risk | protocol risk score=48.1 increased risk
70.16436265519079,0,0,0,162.7717727623992,1,5.919261719512814,19.666238026713803,2,1,1,1,0.661218803249174,known malicious indicator count=1.0 increased risk | data transfer mb=162.8 increased risk | protocol risk score=19.7 decreased risk
33.9227441487527,1,0,0,14.736291612297316,0,23.23805222421102,23.612647852120613,1,0,0,0,0.0652960223792281,known malicious indicator count=0.0 decreased risk | prior incident count=0.0 decreased risk | geo mismatch=0.0 decreased risk
100.0,1,0,0,39.965610480941365,0,13.621178176956713,39.875449959957066,1,0,0,0,0.0266203997140613,known malicious indicator count=0.0 decreased risk | prior incident count=0.0 decreased risk | geo mismatch=0.0 decreased risk
64.31230700786982,3,0,0,53.98986788407578,0,0.6893451603432766,17.66677275959904,4,0,0,0,0.0303575986005406,known malicious indicator count=0.0 decreased risk | prior incident count=0.0 decreased risk | geo mismatch=0.0 decreased risk
67.04794827402662,2,0,0,62.53499528522383,0,13.621178176956713,0.5957455072761064,4,1,0,0,0.0518008479139947,known malicious indicator count=0.0 decreased risk | geo mismatch=0.0 decreased risk | protocol risk score=0.6 decreased risk
58.7878472630538,2,0,0,12.640827902999598,0,40.74672894630656,18.62236995383145,3,0,0,0,0.0246790788508646,known malicious indicator count=0.0 decreased risk | prior incident count=0.0 decreased risk | geo mismatch=0.0 decreased risk
64.11514988727085,3,0,0,28.566295015678488,0,17.941105263084857,26.443713636786125,2,0,0,0,0.0276140115847076,known malicious indicator count=0.0 decreased risk | prior incident count=0.0 decreased risk | geo mismatch=0.0 decreased risk
72.47095391911165,1,0,0,26.89948595440272,2,32.64186588898863,49.33419543163527,4,0,1,1,0.8373435654545434,known malicious indicator count=2.0 increased risk | prior incident count=0.0 decreased risk | geo mismatch=0.0 decreased risk
100.0,2,0,1,7.3353085276729635,0,15.741827113485616,39.35981654799596,2,1,0,0,0.2394422694213506,known malicious indicator count=0.0 decreased risk | unusual time access=1.0 increased risk | geo mismatch=0.0 decreased risk
100.0,2,0,0,6.27079002402183,0,20.054259010290703,65.86737529771487,4,0,0,0,0.0669779907747667,known malicious indicator count=0.0 decreased risk | prior incident count=0.0 decreased risk | protocol risk score=65.9 increased risk
48.815729562220966,1,0,0,16.578504827019287,0,7.7124402948011985,24.858023806051783,1,1,0,0,0.0748749065808506,known malicious indicator count=0.0 decreased risk | geo mismatch=0.0 decreased risk | unusual time access=0.0 decreased risk
42.56197714137287,2,1,0,17.841661939423116,0,0.8165818403630749,41.14192508295032,3,0,0,1,0.5042447352268561,geo mismatch=1.0 increased risk | known malicious indicator count=0.0 decreased risk | prior incident count=0.0 decreased risk
83.1310721726766,1,1,1,181.85686961705093,1,55.140488468413096,38.21413032941899,4,1,1,1,0.93498259249548,geo mismatch=1.0 increased risk | known malicious indicator count=1.0 increased risk | unusual time access=1.0 increased risk
71.95626586186614,2,0,0,8.7115406073793,0,13.621178176956713,22.32338210694446,1,3,0,1,0.6220592238420033,prior incident count=3.0 increased risk | known malicious indicator count=0.0 decreased risk | geo mismatch=0.0 decreased risk
79.33341963932162,1,0,0,6.279299225907127,0,11.196423466945022,18.395849249244726,4,0,0,0,0.0191826188231253,known malicious indicator count=0.0 decreased risk | prior incident count=0.0 decreased risk | geo mismatch=0.0 decreased risk
79.16336229577398,5,0,0,24.11608428085812,1,16.319371834705734,59.66338457354104,4,0,0,0,0.4552273562933135,prior incident count=0.0 decreased risk | known malicious indicator count=1.0 increased risk | protocol risk score=59.7 increased risk
75.17322295710777,2,0,0,75.46795208121277,0,30.94225601928688,43.33437212557013,3,1,0,0,0.0834712870047761,known malicious indicator count=0.0 decreased risk | geo mismatch=0.0 decreased risk | unusual time access=0.0 decreased risk
83.2940549066622,2,0,0,78.02400876761884,0,0.5850205087470481,33.47461082679684,5,0,0,0,0.0412986459062316,known malicious indicator count=0.0 decreased risk | prior incident count=0.0 decreased risk | geo mismatch=0.0 decreased risk
65.50469196214632,3,1,0,26.297059617014657,0,29.27785934867244,49.91293101051049,3,0,0,1,0.6497484419474836,geo mismatch=1.0 increased risk | known malicious indicator count=0.0 decreased risk | prior incident count=0.0 decreased risk
100.0,1,0,0,34.54584670920994,0,11.482915830677332,4.380776224026977,3,0,0,0,0.0137104139138148,known malicious indicator count=0.0 decreased risk | prior incident count=0.0 decreased risk | geo mismatch=0.0 decreased risk
44.90154663995415,4,0,0,9.605111836045634,0,9.595085487925235,0.0,1,1,0,0,0.1035759502133714,known malicious indicator count=0.0 decreased risk | geo mismatch=0.0 decreased risk | protocol risk score=0.0 decreased risk
100.0,2,1,0,40.76066214538501,0,12.013183159160754,27.22833584834426,5,0,0,0,0.2226637037474573,geo mismatch=1.0 increased risk | known malicious indicator count=0.0 decreased risk | prior incident count=0.0 decreased risk
87.04866669592448,1,0,0,50.546342847293744,0,44.73189253308877,13.241884737505146,1,0,0,0,0.0212357556239676,known malicious indicator count=0.0 decreased risk | prior incident count=0.0 decreased risk | geo mismatch=0.0 decreased risk
41.63268534133937,1,0,0,45.741366051185096,0,14.038994624366373,39.81594454619551,3,2,1,1,0.6469657052374284,prior incident count=2.0 increased risk | known malicious indicator count=0.0 decreased risk | src ip reputation score=41.6 increased risk
65.68664724904735,1,0,0,16.043688565562707,0,4.896785641372905,27.35023665428881,1,1,0,0,0.0610173333902237,known malicious indicator count=0.0 decreased risk | geo mismatch=0.0 decreased risk | unusual time access=0.0 decreased risk
82.59257683847224,2,0,0,14.580032255681031,0,13.361482763168038,65.08289802992891,3,1,0,0,0.1360574707385199,known malicious indicator count=0.0 decreased risk | protocol risk score=65.1 increased risk | geo mismatch=0.0 decreased risk
100.0,3,1,0,6.272740071388476,0,3.548945602827626,33.17290909400169,2,2,1,1,0.7054929337804752,geo mismatch=1.0 increased risk | prior incident count=2.0 increased risk | known malicious indicator count=0.0 decreased risk
43.47055743377834,0,0,0,26.241430773359493,0,102.2553024640284,39.78763733049781,1,0,0,0,0.1208556568812627,known malicious indicator count=0.0 decreased risk | prior incident count=0.0 decreased risk | days since last patch=102.3 increased risk
78.48133723036902,1,0,0,16.10721527501152,0,0.4993523310321943,39.11818444102165,3,0,0,0,0.0279604920280032,known malicious indicator count=0.0 decreased risk | prior incident count=0.0 decreased risk | geo mismatch=0.0 decreased risk
81.86202515936768,1,0,0,17.263678907214203,1,34.58597145352287,76.94600715966371,1,1,1,1,0.6365457975001124,known malicious indicator count=1.0 increased risk | protocol risk score=76.9 increased risk | prior incident count=1.0 increased risk
70.90445417999965,1,0,0,40.1130921971426,0,13.621178176956713,35.84470787220373,3,0,0,0,0.0258811665305462,known malicious indicator count=0.0 decreased risk | prior incident count=0.0 decreased risk | geo mismatch=0.0 decreased risk
75.2710162390957,4,1,0,9.460870584949127,0,2.11755720997948,30.262191806872547,2,1,1,1,0.7040619016647353,geo mismatch=1.0 increased risk | known malicious indicator count=0.0 decreased risk | prior incident count=1.0 increased risk
64.40013396251041,1,0,0,90.8285191593858,0,31.26268434813593,27.65810041812537,1,0,0,0,0.0287011621974877,known malicious indicator count=0.0 decreased risk | prior incident count=0.0 decreased risk | geo mismatch=0.0 decreased risk
58.4836351871064,4,0,0,112.136262483313,1,10.149717058371335,15.536364754379406,3,1,0,1,0.7333702947626489,known malicious indicator count=1.0 increased risk | prior incident count=1.0 increased risk | protocol risk score=15.5 decreased risk
50.66047713741574,3,0,1,12.042478937674243,0,12.67663408881864,29.9363826153973,4,0,0,0,0.1192050657282781,known malicious indicator count=0.0 decreased risk | prior incident count=0.0 decreased risk | unusual time access=1.0 increased risk
69.01072580695134,1,0,1,85.14384662424052,0,19.264838466178084,18.6109130037816,5,0,0,0,0.077281573984599,known malicious indicator count=0.0 decreased risk | prior incident count=0.0 decreased risk | unusual time access=1.0 increased risk
62.201525868811096,0,0,0,3.756005904536688,0,6.80400543393652,20.713129578968573,1,1,0,0,0.0552445470786119,known malicious indicator count=0.0 decreased risk | geo mismatch=0.0 decreased risk | protocol risk score=20.7 decreased risk
100.0,4,0,0,93.62416940572182,0,70.01856854996912,54.57429816633567,2,1,0,0,0.3616172645666914,known malicious indicator count=0.0 decreased risk | days since last patch=70.0 increased risk | src ip reputation score=100.0 decreased risk
74.2514806126443,1,1,0,34.62579452492081,0,4.426274862455851,14.1415114898645,2,1,0,1,0.6837784757589632,geo mismatch=1.0 increased risk | known malicious indicator count=0.0 decreased risk | protocol risk score=14.1 decreased risk
54.54244664352782,3,0,0,9.283826058864395,1,9.19710941924719,25.749670498672216,4,0,0,0,0.3518730057536778,prior incident count=0.0 decreased risk | known malicious indicator count=1.0 increased risk | geo mismatch=0.0 decreased risk
54.77289460382119,2,0,0,34.54584670920994,1,28.544510193752394,31.564921285039443,3,0,0,0,0.2846817944043727,prior incident count=0.0 decreased risk | known malicious indicator count=1.0 increased risk | geo mismatch=0.0 decreased risk
49.60671322615769,2,0,1,8.642537772965499,0,26.13502170362752,23.46691208798979,3,0,0,0,0.1157218532214329,known malicious indicator count=0.0 decreased risk | prior incident count=0.0 decreased risk | unusual time access=1.0 increased risk
63.09670589100407,3,0,0,19.358112556492863,2,13.621178176956713,33.11074567163665,3,1,1,1,0.9183447094436268,known malicious indicator count=2.0 increased risk | geo mismatch=0.0 decreased risk | prior incident count=1.0 increased risk
61.528028365436455,2,0,0,12.407244754876718,1,10.313263004963783,16.1483836258058,1,1,0,1,0.6773342983326331,known malicious indicator count=1.0 increased risk | prior incident count=1.0 increased risk | protocol risk score=16.1 decreased risk
82.41344195101357,3,0,0,26.17049810849438,0,26.679951718480964,13.634951148934851,2,1,0,0,0.0306953324389282,known malicious indicator count=0.0 decreased risk | geo mismatch=0.0 decreased risk | protocol risk score=13.6 decreased risk
68.41865316270888,3,0,0,9.03778939332926,0,4.438701999257926,44.92185537579856,2,0,0,0,0.0398050811505093,known malicious indicator count=0.0 decreased risk | prior incident count=0.0 decreased risk | geo mismatch=0.0 decreased risk
66.26057394029108,0,0,0,67.47070491576392,1,50.53916983377273,38.59662209153065,1,1,0,1,0.8072886714396654,known malicious indicator count=1.0 increased risk | prior incident count=1.0 increased risk | days since last patch=50.5 increased risk
100.0,0,0,1,3.348019400880633,1,12.189644847606804,52.3270682678387,2,1,0,1,0.797150922925765,known malicious indicator count=1.0 increased risk | unusual time access=1.0 increased risk | src ip reputation score=100.0 decreased risk
66.89481902350502,2,0,0,19.95373457681125,0,5.826939806877034,29.65244569627532,5,0,0,0,0.030567019317469,known malicious indicator count=0.0 decreased risk | prior incident count=0.0 decreased risk | geo mismatch=0.0 decreased risk
55.29597930473507,1,0,0,73.25755909099799,0,21.82006925289153,33.84365069416068,4,0,0,0,0.0344840070741838,known malicious indicator count=0.0 decreased risk | prior incident count=0.0 decreased risk | geo mismatch=0.0 decreased risk
76.39049341565911,1,0,0,43.742769525520266,0,4.556306310952362,45.78461115309963,2,0,0,0,0.0313883627133069,known malicious indicator count=0.0 decreased risk | prior incident count=0.0 decreased risk | geo mismatch=0.0 decreased risk
79.4400454183855,0,0,0,16.000878389075996,0,0.0964005848823972,32.31367552386271,4,0,0,0,0.027487814819724,known malicious indicator count=0.0 decreased risk | prior incident count=0.0 decreased risk | geo mismatch=0.0 decreased risk
59.38997704778945,0,0,0,166.6814076325578,0,37.53284797599768,25.77683470749795,1,1,0,0,0.1962344466810727,known malicious indicator count=0.0 decreased risk | data transfer mb=166.7 increased risk | geo mismatch=0.0 decreased risk
58.52796454206198,3,0,0,4.593718842711205,0,18.60793130002891,18.797157768932337,5,1,0,0,0.0882738073309741,known malicious indicator count=0.0 decreased risk | geo mismatch=0.0 decreased risk | protocol risk score=18.8 decreased risk
57.12900335365076,0,0,0,18.02862106701374,0,13.621178176956713,15.963531614435173,2,0,0,0,0.0163097560549104,known malicious indicator count=0.0 decreased risk | prior incident count=0.0 decreased risk | geo mismatch=0.0 decreased risk
60.670092415436045,2,0,0,68.42471377822558,0,16.670408225186296,38.37620643808751,4,0,0,0,0.0421602504939702,known malicious indicator count=0.0 decreased risk | prior incident count=0.0 decreased risk | geo mismatch=0.0 decreased risk
71.16417436892,1,0,0,28.903911295723905,1,3.8087997501470863,50.0928305410808,3,2,1,1,0.910917104174608,prior incident count=2.0 increased risk | known malicious indicator count=1.0 increased risk | protocol risk score=50.1 increased risk
79.47665841823576,1,0,0,156.81716375679372,0,11.082040007490384,25.49194483422037,2,1,0,0,0.1158919495360993,known malicious indicator count=0.0 decreased risk | geo mismatch=0.0 decreased risk | data transfer mb=156.8 increased risk
60.364680578130496,2,0,0,45.77763992147112,1,17.24220733085327,44.00528935833466,4,0,0,0,0.341848270518811,prior incident count=0.0 decreased risk | known malicious indicator count=1.0 increased risk | geo mismatch=0.0 decreased risk
79.73003287652404,3,0,0,88.89738552704813,1,9.873678922859323,39.57411656790426,2,1,0,1,0.6944329229843216,known malicious indicator count=1.0 increased risk | prior incident count=1.0 increased risk | geo mismatch=0.0 decreased risk
46.926154373202834,2,0,0,16.75623287334217,0,0.3872151402818743,32.992515248264866,1,0,0,0,0.0425648852106953,known malicious indicator count=0.0 decreased risk | prior incident count=0.0 decreased risk | geo mismatch=0.0 decreased risk
94.99237810593334,1,0,0,38.22580879383065,0,4.795478988181589,39.05645856030036,5,0,0,0,0.0260225292456172,known malicious indicator count=0.0 decreased risk | prior incident count=0.0 decreased risk | geo mismatch=0.0 decreased risk
85.13977233290704,1,0,0,18.428948134184143,0,38.80276530363088,15.029167282171803,1,0,0,0,0.0121370615991924,known malicious indicator count=0.0 decreased risk | prior incident count=0.0 decreased risk | geo mismatch=0.0 decreased risk
79.14560809230483,2,0,0,0.4864125823513271,2,9.85624348216524,18.182474014835663,3,1,1,1,0.8148389995957855,known malicious indicator count=2.0 increased risk | protocol risk score=18.2 decreased risk | geo mismatch=0.0 decreased risk
67.93137551419431,2,1,0,28.451213257960788,0,8.338611805959133,11.768168147314942,4,0,0,0,0.290642289705743,geo mismatch=1.0 increased risk | known malicious indicator count=0.0 decreased risk | prior incident count=0.0 decreased risk
84.39515884296364,2,0,0,12.330800028398512,1,7.993715753391281,25.7084018364138,1,0,0,0,0.1970541523775228,prior incident count=0.0 decreased risk | known malicious indicator count=1.0 increased risk | geo mismatch=0.0 decreased risk
92.06603764033042,0,0,0,3.894406173358549,0,5.269581817324383,21.931890235947886,3,0,0,0,0.0205546393571341,known malicious indicator count=0.0 decreased risk | prior incident count=0.0 decreased risk | geo mismatch=0.0 decreased risk
95.61879153333456,4,0,0,205.2122026528242,0,5.284823704834526,56.26466829624726,4,0,0,0,0.2357732009736412,known malicious indicator count=0.0 decreased risk | prior incident count=0.0 decreased risk | data transfer mb=205.2 increased risk
72.80719739696094,3,0,0,27.77063921442287,0,25.75964985746191,16.37047431508007,4,1,0,0,0.0398121475378603,known malicious indicator count=0.0 decreased risk | geo mismatch=0.0 decreased risk | protocol risk score=16.4 decreased risk
59.0091945080893,1,0,0,34.54584670920994,0,4.199602749158071,40.17492114854492,1,0,0,0,0.0323853006612602,known malicious indicator count=0.0 decreased risk | prior incident count=0.0 decreased risk | geo mismatch=0.0 decreased risk
85.18310320605293,1,0,0,112.00104162914025,0,38.609478578930336,21.07791349065176,2,0,0,0,0.0211495010918264,known malicious indicator count=0.0 decreased risk | prior incident count=0.0 decreased risk | geo mismatch=0.0 decreased risk
100.0,2,0,0,22.882831981492533,1,10.153228250130992,29.35470621489497,4,0,0,0,0.172796987438959,prior incident count=0.0 decreased risk | known malicious indicator count=1.0 increased risk | src ip reputation score=100.0 decreased risk
76.00948719221657,3,1,0,36.08608607035372,0,1.482739984899004,32.7606986807805,4,0,0,0,0.4708482893556024,geo mismatch=1.0 increased risk | known malicious indicator count=0.0 decreased risk | prior incident count=0.0 decreased risk
62.308889115403495,4,0,0,29.00706793538309,1,5.209356138736011,5.02824780591045,1,0,0,0,0.3283057321855348,prior incident count=0.0 decreased risk | known malicious indicator count=1.0 increased risk | protocol risk score=5.0 decreased risk
71.39604169980038,3,0,0,51.630462808242704,0,21.77340347452722,51.02147782876756,3,0,0,0,0.0642140725555515,known malicious indicator count=0.0 decreased risk | prior incident count=0.0 decreased risk | geo mismatch=0.0 decreased risk
86.58949683863497,3,0,0,68.97630962770232,1,17.859849473048985,55.56445825979371,4,0,0,0,0.3687963974948106,prior incident count=0.0 decreased risk | known malicious indicator count=1.0 increased risk | protocol risk score=55.6 increased risk
67.80780392148338,1,0,0,91.09439405177444,0,47.92228523939298,30.21470731980324,5,1,0,0,0.1240594090767433,known malicious indicator count=0.0 decreased risk | geo mismatch=0.0 decreased risk | unusual time access=0.0 decreased risk
78.98947825664614,3,0,0,5.909297564411755,0,7.273108914404789,49.447787008077725,4,0,0,0,0.0475362070658519,known malicious indicator count=0.0 decreased risk | prior incident count=0.0 decreased risk | geo mismatch=0.0 decreased risk
81.06080171704717,2,0,0,5.577918653437653,1,1.0905992849794732,7.132506282200257,2,0,0,0,0.1190572156495746,prior incident count=0.0 decreased risk | known malicious indicator count=1.0 increased risk | protocol risk score=7.1 decreased risk
62.25800595051198,1,0,0,8.981615493781181,0,15.772949462562192,20.37911143057636,5,0,0,0,0.0255130188054909,known malicious indicator count=0.0 decreased risk | prior incident count=0.0 decreased risk | geo mismatch=0.0 decreased risk
49.44649718148084,1,1,0,10.812275364234951,1,38.01764728414377,60.23241828409986,1,0,1,1,0.9275527819634246,geo mismatch=1.0 increased risk | known malicious indicator count=1.0 increased risk | prior incident count=0.0 decreased risk
73.32904416426112,1,0,0,50.87810498968031,0,6.569197776695306,31.52556911907672,2,1,0,0,0.0449836596602608,known malicious indicator count=0.0 decreased risk | geo mismatch=0.0 decreased risk | unusual time access=0.0 decreased risk
94.72186350420876,1,0,0,71.06322889074426,0,10.02565649435643,3.096733854295969,5,0,0,0,0.0157051701778966,known malicious indicator count=0.0 decreased risk | prior incident count=0.0 decreased risk | geo mismatch=0.0 decreased risk
52.54077819092599,0,0,0,5.151474915622302,0,44.57821538289831,31.07363125485468,1,0,0,0,0.0330879764269158,known malicious indicator count=0.0 decreased risk | prior incident count=0.0 decreased risk | geo mismatch=0.0 decreased risk
88.8236373283994,2,0,1,34.54584670920994,0,49.21133350299642,35.0755736961643,5,0,0,0,0.1444521794995452,known malicious indicator count=0.0 decreased risk | prior incident count=0.0 decreased risk | unusual time access=1.0 increased risk
79.44812555760754,3,0,0,11.3034068990538,0,4.463572738532723,0.0,5,0,0,0,0.0189601498925384,known malicious indicator count=0.0 decreased risk | prior incident count=0.0 decreased risk | geo mismatch=0.0 decreased risk
33.27589253793407,2,0,1,31.14742528632613,0,13.408924195752546,28.39878613074868,2,1,0,1,0.550556166534127,known malicious indicator count=0.0 decreased risk | unusual time access=1.0 increased risk | src ip reputation score=33.3 increased risk
84.16428846513114,0,0,1,27.939741379290428,0,4.212136973176441,40.14272775866077,5,0,0,0,0.0689218148859752,known malicious indicator count=0.0 decreased risk | prior incident count=0.0 decreased risk | unusual time access=1.0 increased risk
57.00346229005128,1,0,0,34.54584670920994,0,3.343521133758811,4.555172349176651,5,1,0,0,0.0556470554953745,known malicious indicator count=0.0 decreased risk | geo mismatch=0.0 decreased risk | protocol risk score=4.6 decreased risk
54.64404869791743,1,0,0,12.298200947708263,0,0.8673270040380325,68.88489062996075,3,1,0,0,0.1704621271927709,known malicious indicator count=0.0 decreased risk | geo mismatch=0.0 decreased risk | protocol risk score=68.9 increased risk
82.51334695530012,3,0,0,84.4722040507611,0,0.4001911893866715,2.8169104468307964,3,0,0,0,0.0287767401200557,known malicious indicator count=0.0 decreased risk | prior incident count=0.0 decreased risk | geo mismatch=0.0 decreased risk
94.26195399958368,0,0,0,88.31640140032576,0,78.1791006153805,48.46398871088102,2,1,0,0,0.3310409713447327,known malicious indicator count=0.0 decreased risk | days since last patch=78.2 increased risk | geo mismatch=0.0 decreased risk
78.36411511775944,4,0,1,53.82084283624587,1,33.53274485922054,30.91502441502348,2,0,1,1,0.6793082320023887,unusual time access=1.0 increased risk | known malicious indicator count=1.0 increased risk | prior incident count=0.0 decreased risk
76.5348952920464,1,0,0,26.344146999373457,1,31.32488983626727,33.37078116833883,5,2,1,1,0.8998435079776615,prior incident count=2.0 increased risk | known malicious indicator count=1.0 increased risk | geo mismatch=0.0 decreased risk
100.0,4,0,0,126.888585399617,1,73.91320961505171,47.5550970431638,2,0,1,0,0.3731418362393295,prior incident count=0.0 decreased risk | known malicious indicator count=1.0 increased risk | src ip reputation score=100.0 decreased risk
70.16436265519079,2,0,0,34.54584670920994,0,9.95724510712553,20.5942459436479,5,0,0,0,0.026729769112695,known malicious indicator count=0.0 decreased risk | prior incident count=0.0 decreased risk | geo mismatch=0.0 decreased risk
100.0,0,0,0,45.48719357017619,0,46.80569407141704,29.411950569073547,1,0,0,0,0.0254707252011499,known malicious indicator count=0.0 decreased risk | prior incident count=0.0 decreased risk | geo mismatch=0.0 decreased risk
65.17005108258442,1,0,0,4.8499569240992,0,10.243506962727864,7.257899183895891,3,0,0,0,0.0231529073459713,known malicious indicator count=0.0 decreased risk | prior incident count=0.0 decreased risk | geo mismatch=0.0 decreased risk
39.2991950493528,2,1,0,44.97660291591595,1,8.271252366868193,3.4875551291039457,5,0,0,1,0.7808444380760026,geo mismatch=1.0 increased risk | known malicious indicator count=1.0 increased risk | prior incident count=0.0 decreased risk
90.80123639805151,1,0,1,54.63574552628974,0,9.32569484725608,39.05323899633671,5,1,0,0,0.2926724952595622,known malicious indicator count=0.0 decreased risk | unusual time access=1.0 increased risk | geo mismatch=0.0 decreased risk
60.29388329264263,1,0,0,49.56254693435632,0,5.741526664110694,28.762229967929382,4,1,0,0,0.0910374485873519,known malicious indicator count=0.0 decreased risk | geo mismatch=0.0 decreased risk | unusual time access=0.0 decreased risk
100.0,4,0,1,161.59611181153383,1,1.6944957626796562,50.24352099443158,5,0,1,1,0.7658817724420441,known malicious indicator count=1.0 increased risk | unusual time access=1.0 increased risk | prior incident count=0.0 decreased risk
65.39198571588466,3,0,0,66.47493075299279,1,9.072531927336502,29.48111238503552,2,1,0,1,0.7018453913522358,known malicious indicator count=1.0 increased risk | prior incident count=1.0 increased risk | geo mismatch=0.0 decreased risk
69.86957369541084,0,0,0,61.18874437629568,0,4.981375550863817,17.1524594536019,2,0,0,0,0.0181556058896754,known malicious indicator count=0.0 decreased risk | prior incident count=0.0 decreased risk | geo mismatch=0.0 decreased risk
69.2088969228669,1,0,0,34.54584670920994,0,32.26839582730336,43.53859590367476,4,1,0,0,0.0932427502978054,known malicious indicator count=0.0 decreased risk | geo mismatch=0.0 decreased risk | unusual time access=0.0 decreased risk
90.76757702038634,3,0,0,3.1040925439637186,0,35.72633995981781,7.481411111511512,4,1,0,0,0.0394668583749628,known malicious indicator count=0.0 decreased risk | geo mismatch=0.0 decreased risk | protocol risk score=7.5 decreased risk
70.16436265519079,1,0,0,19.49945615961715,0,11.023407425625148,7.363050619554784,5,0,0,0,0.016572370397255,known malicious indicator count=0.0 decreased risk | prior incident count=0.0 decreased risk | geo mismatch=0.0 decreased risk
87.80396822249574,2,0,0,47.95382212102229,0,12.362032190281203,30.345978316230784,1,0,0,0,0.0287477778026851,known malicious indicator count=0.0 decreased risk | prior incident count=0.0 decreased risk | geo mismatch=0.0 decreased risk
29.237509296442923,2,0,0,23.764201497105404,0,2.75621603724326,20.11745693675487,2,0,0,0,0.0898984505223452,known malicious indicator count=0.0 decreased risk | prior incident count=0.0 decreased risk | src ip reputation score=29.2 increased risk
70.44931785624092,0,0,0,25.69548721435871,1,33.14549899184526,47.25817952053992,1,0,0,0,0.2806343718781211,prior incident count=0.0 decreased risk | known malicious indicator count=1.0 increased risk | geo mismatch=0.0 decreased risk
99.02002876262672,2,0,0,6.217675201442076,0,0.7019264011376027,35.30567435055782,4,0,0,0,0.0263850387669085,known malicious indicator count=0.0 decreased risk | prior incident count=0.0 decreased risk | geo mismatch=0.0 decreased risk
70.16436265519079,4,0,0,89.81603166889161,0,13.6915480279571,17.59294116686221,4,1,0,0,0.0650217063431781,known malicious indicator count=0.0 decreased risk | geo mismatch=0.0 decreased risk | protocol risk score=17.6 decreased risk
86.71384224130284,2,0,0,29.334199130274087,1,10.390865629208184,29.568703320570187,1,0,0,0,0.1877323107685903,prior incident count=0.0 decreased risk | known malicious indicator count=1.0 increased risk | geo mismatch=0.0 decreased risk
77.2129578287159,3,0,0,15.462496683554573,0,31.969789941865404,30.494567046135003,3,1,0,0,0.0497909419877502,known malicious indicator count=0.0 decreased risk | geo mismatch=0.0 decreased risk | unusual time access=0.0 decreased risk
75.53201531022361,3,0,0,3.1288696212192155,0,13.621178176956713,17.383411747382,1,2,0,0,0.3166126644928324,prior incident count=2.0 increased risk | known malicious indicator count=0.0 decreased risk | geo mismatch=0.0 decreased risk
85.27720703266846,1,1,0,58.921663837808666,0,44.897601391202016,25.84893318446074,1,0,0,0,0.4470196955819738,geo mismatch=1.0 increased risk | known malicious indicator count=0.0 decreased risk | prior incident count=0.0 decreased risk
44.8972925605321,3,0,0,18.048974099726696,1,8.303444207367633,22.42520048360535,1,0,0,0,0.3913396482901928,prior incident count=0.0 decreased risk | known malicious indicator count=1.0 increased risk | geo mismatch=0.0 decreased risk
46.930151480304325,4,0,0,6.925223019420495,1,54.09340465731649,25.2688817557996,3,1,1,1,0.8441763745192489,known malicious indicator count=1.0 increased risk | days since last patch=54.1 increased risk | prior incident count=1.0 increased risk
88.65181663746179,2,0,0,21.70195799102178,0,4.32438104972827,43.5464618037122,2,0,0,0,0.0311432210285101,known malicious indicator count=0.0 decreased risk | prior incident count=0.0 decreased risk | geo mismatch=0.0 decreased risk
94.4616613419065,0,0,1,18.82706262166655,0,12.043276108917524,11.134840061980576,3,1,0,0,0.1597380447184298,known malicious indicator count=0.0 decreased risk | unusual time access=1.0 increased risk | protocol risk score=11.1 decreased risk
60.10069039263854,0,0,0,12.70309793669982,0,3.1253037946014977,50.183284880960215,3,0,0,0,0.0467574587363603,known malicious indicator count=0.0 decreased risk | prior incident count=0.0 decreased risk | geo mismatch=0.0 decreased risk
63.64569806487532,7,1,0,101.73350693876368,0,3.2911599025121587,14.494223610997947,1,0,0,1,0.5164267793835144,geo mismatch=1.0 increased risk | known malicious indicator count=0.0 decreased risk | prior incident count=0.0 decreased risk
62.80740655095075,3,0,1,153.4423201464095,1,0.6728862012785332,31.393644289390792,2,0,1,1,0.7321021682500698,known malicious indicator count=1.0 increased risk | unusual time access=1.0 increased risk | prior incident count=0.0 decreased risk
68.38800501406479,0,1,0,75.62487766976564,1,13.121177573735151,19.921841605822017,1,0,0,1,0.888593107321755,geo mismatch=1.0 increased risk | known malicious indicator count=1.0 increased risk | prior incident count=0.0 decreased risk
65.53074429348298,1,0,0,61.81793129519452,0,28.9224301794353,41.398302366333965,5,0,0,0,0.0345136773371878,known malicious indicator count=0.0 decreased risk | prior incident count=0.0 decreased risk | geo mismatch=0.0 decreased risk
70.10226913284922,3,0,0,51.01342988799296,0,33.63336737204853,23.48730353932829,4,1,0,0,0.0530272925376574,known malicious indicator count=0.0 decreased risk | geo mismatch=0.0 decreased risk | unusual time access=0.0 decreased risk
65.83755499285449,4,0,0,222.04618736676355,1,38.02825680668817,24.846401629108644,5,1,1,1,0.7291650609910222,known malicious indicator count=1.0 increased risk | data transfer mb=222.0 increased risk | geo mismatch=0.0 decreased risk
78.76951477619454,1,0,0,41.27702814361376,2,36.299768142635344,45.32782324359097,2,1,0,1,0.8870027137054624,known malicious indicator count=2.0 increased risk | geo mismatch=0.0 decreased risk | protocol risk score=45.3 increased risk
48.074498262095965,4,0,0,222.32641622674345,0,11.820766531880604,22.12991495822159,4,2,1,1,0.7669337215792571,prior incident count=2.0 increased risk | known malicious indicator count=0.0 decreased risk | data transfer mb=222.3 increased risk
84.88383942999873,3,0,0,117.554634523561,0,7.317486873067157,34.37698095966056,5,0,0,0,0.0359002941794923,known malicious indicator count=0.0 decreased risk | prior incident count=0.0 decreased risk | geo mismatch=0.0 decreased risk
48.277474016371805,2,0,1,109.27404817488548,2,0.892660216359771,30.950925937808293,1,0,1,1,0.8885291581856462,known malicious indicator count=2.0 increased risk | prior incident count=0.0 decreased risk | unusual time access=1.0 increased risk
91.57361666862592,0,1,0,93.90549997606529,1,0.4039315346516036,20.13814401178972,4,0,0,1,0.826483372509123,geo mismatch=1.0 increased risk | known malicious indicator count=1.0 increased risk | prior incident count=0.0 decreased risk
77.80929699857779,2,0,0,21.781779152217112,1,8.720795096586981,33.89449575723385,1,0,0,0,0.2717766624816734,prior incident count=0.0 decreased risk | known malicious indicator count=1.0 increased risk | geo mismatch=0.0 decreased risk
53.66128658025528,2,1,0,0.2739151388869986,0,16.16640379510494,35.76006819628,2,1,1,1,0.8124682452880677,geo mismatch=1.0 increased risk | known malicious indicator count=0.0 decreased risk | prior incident count=1.0 increased risk
59.91640337984657,3,0,0,73.94616843611048,0,1.2214987972880047,29.53233231208789,2,2,0,1,0.5786679768166006,prior incident count=2.0 increased risk | known malicious indicator count=0.0 decreased risk | geo mismatch=0.0 decreased risk
49.15911175513794,4,0,0,17.435834348937043,0,24.001810546489327,38.09256779723309,3,1,0,0,0.1263887210882913,known malicious indicator count=0.0 decreased risk | geo mismatch=0.0 decreased risk | unusual time access=0.0 decreased risk
97.80415098034626,1,0,0,46.60170808672764,0,3.4582980065776097,21.44882797089481,4,1,0,0,0.0359015274709665,known malicious indicator count=0.0 decreased risk | geo mismatch=0.0 decreased risk | src ip reputation score=97.8 decreased risk
60.13754355200456,1,0,0,56.619348814430126,2,3.3357459647529337,19.897713493051576,1,0,1,1,0.7887771842404845,known malicious indicator count=2.0 increased risk | prior incident count=0.0 decreased risk | geo mismatch=0.0 decreased risk
51.9865723497504,3,0,1,6.192179241704608,0,57.6248241140845,20.55701686031692,1,0,0,0,0.1945253389617509,known malicious indicator count=0.0 decreased risk | prior incident count=0.0 decreased risk | days since last patch=57.6 increased risk
55.40795060385181,5,1,0,1.2284452953240088,1,3.267202091944162,24.67332264303204,3,0,1,1,0.9027752802422612,geo mismatch=1.0 increased risk | known malicious indicator count=1.0 increased risk | prior incident count=0.0 decreased risk
86.40688025224912,1,0,0,2.786348245773026,0,4.688347608362221,25.41016011329919,3,0,0,0,0.0258950589057555,known malicious indicator count=0.0 decreased risk | prior incident count=0.0 decreased risk | geo mismatch=0.0 decreased risk
71.56286125939295,4,0,0,23.48911819212843,0,3.665720335564136,16.2233459650117,2,0,0,0,0.0205677033909615,known malicious indicator count=0.0 decreased risk | prior incident count=0.0 decreased risk | geo mismatch=0.0 decreased risk
77.02959800704403,2,0,1,10.97804580891165,1,5.110603161590305,20.015670152151365,3,0,0,0,0.4629012008565465,known malicious indicator count=1.0 increased risk | prior incident count=0.0 decreased risk | unusual time access=1.0 increased risk
100.0,1,0,0,35.923999185247006,0,5.522891828155396,21.35973845395916,3,0,0,0,0.02010351966535,known malicious indicator count=0.0 decreased risk | prior incident count=0.0 decreased risk | geo mismatch=0.0 decreased risk
85.65747469897146,1,0,0,33.76555665955468,0,36.19381288734334,22.19620386773075,4,1,0,0,0.0355228185936265,known malicious indicator count=0.0 decreased risk | geo mismatch=0.0 decreased risk | src ip reputation score=85.7 decreased risk
83.02782502611596,0,0,0,25.7747370838038,0,9.711303197750906,33.31998639135023,4,0,0,0,0.0266416074502051,known malicious indicator count=0.0 decreased risk | prior incident count=0.0 decreased risk | geo mismatch=0.0 decreased risk
73.66719839558311,1,0,0,106.48556644552552,1,12.197778919796,7.242090980228646,5,0,0,0,0.1360235337388987,prior incident count=0.0 decreased risk | known malicious indicator count=1.0 increased risk | protocol risk score=7.2 decreased risk
78.58681645603468,3,0,0,15.469403147426268,0,10.411914039583545,49.74530853605857,2,2,0,1,0.5789638305953537,prior incident count=2.0 increased risk | known malicious indicator count=0.0 decreased risk | protocol risk score=49.7 increased risk
92.16365633475031,2,0,0,27.126645544053368,1,3.259243408652411,29.805023354537163,1,1,0,0,0.4703099396924107,known malicious indicator count=1.0 increased risk | src ip reputation score=92.2 decreased risk | geo mismatch=0.0 decreased risk
45.431123374684745,3,0,0,11.936293127730853,0,81.37596472353864,43.3669989223572,4,0,0,0,0.1552805600633982,known malicious indicator count=0.0 decreased risk | prior incident count=0.0 decreased risk | days since last patch=81.4 increased risk
76.26368947729961,4,0,0,49.84709678707323,0,16.7805359915336,11.411108666727609,4,1,0,0,0.0492476118440901,known malicious indicator count=0.0 decreased risk | geo mismatch=0.0 decreased risk | protocol risk score=11.4 decreased risk
75.94488546760248,5,0,1,45.06957491600701,0,36.14044962983096,36.4128384554442,5,1,0,0,0.4265017193485645,known malicious indicator count=0.0 decreased risk | unusual time access=1.0 increased risk | geo mismatch=0.0 decreased risk
80.22405199049962,2,0,0,1.1616509430940936,0,9.141540998460515,45.14360984953139,3,0,0,0,0.0380537618119869,known malicious indicator count=0.0 decreased risk | prior incident count=0.0 decreased risk | geo mismatch=0.0 decreased risk
67.19249882189327,5,0,0,2.6235271287605832,1,7.123661273310943,5.777493095421196,5,0,0,0,0.2964176326245886,prior incident count=0.0 decreased risk | known malicious indicator count=1.0 increased risk | protocol risk score=5.8 decreased risk
65.30758860085173,3,0,0,34.90434397853625,0,6.592396243340541,45.605593016597474,5,1,0,0,0.1279087059212439,known malicious indicator count=0.0 decreased risk | geo mismatch=0.0 decreased risk | protocol risk score=45.6 increased risk
100.0,1,0,0,9.377058765862092,1,24.436964113396968,38.54549506137056,3,1,0,1,0.6048330942458101,known malicious indicator count=1.0 increased risk | src ip reputation score=100.0 decreased risk | prior incident count=1.0 increased risk
100.0,5,0,0,52.81681541762413,1,11.820997308681957,6.606027981956896,2,0,0,0,0.1827267222954423,prior incident count=0.0 decreased risk | known malicious indicator count=1.0 increased risk | src ip reputation score=100.0 decreased risk
70.16436265519079,3,0,0,23.04627564928924,0,4.136048788859451,38.347833041512686,3,0,0,0,0.0391856219134616,known malicious indicator count=0.0 decreased risk | prior incident count=0.0 decreased risk | geo mismatch=0.0 decreased risk
92.02645915471524,1,0,0,26.22474890063212,1,19.784062251514342,12.743411730186036,2,0,0,0,0.0876968646186047,prior incident count=0.0 decreased risk | known malicious indicator count=1.0 increased risk | protocol risk score=12.7 decreased risk
78.26869806447402,1,0,1,0.0199886243849238,1,61.94672584858131,34.382539900567394,4,1,1,1,0.8367829109353881,known malicious indicator count=1.0 increased risk | unusual time access=1.0 increased risk | prior incident count=1.0 increased risk
100.0,1,0,0,62.97441287888527,1,5.818130094766718,25.76504122932929,5,0,0,0,0.1638561092263032,prior incident count=0.0 decreased risk | known malicious indicator count=1.0 increased risk | src ip reputation score=100.0 decreased risk
41.962978744154384,3,0,0,14.07784083848815,1,6.4707827265125095,14.927047917968208,3,0,0,0,0.3282419804411447,prior incident count=0.0 decreased risk | known malicious indicator count=1.0 increased risk | protocol risk score=14.9 decreased risk
39.69617875602896,3,0,0,19.63992776899822,0,26.217934756567924,15.699620296912643,1,0,0,0,0.0391013459543483,known malicious indicator count=0.0 decreased risk | prior incident count=0.0 decreased risk | geo mismatch=0.0 decreased risk
61.77146785767995,2,0,0,53.02236451571861,0,21.320176237637387,24.17069471882188,2,0,0,0,0.0311420678703817,known malicious indicator count=0.0 decreased risk | prior incident count=0.0 decreased risk | geo mismatch=0.0 decreased risk
100.0,3,0,0,67.59692690727975,0,40.02745882297454,4.189595672305693,3,2,0,0,0.3403322857142784,prior incident count=2.0 increased risk | known malicious indicator count=0.0 decreased risk | src ip reputation score=100.0 decreased risk
53.79495125971238,3,0,1,4.602717652554198,0,5.418223441649146,46.971957311957794,2,0,0,0,0.0979175313695274,known malicious indicator count=0.0 decreased risk | prior incident count=0.0 decreased risk | unusual time access=1.0 increased risk
78.08101713629077,2,0,0,61.12484168171007,0,13.621178176956713,0.0,2,0,0,0,0.0158311571099269,known malicious indicator count=0.0 decreased risk | prior incident count=0.0 decreased risk | geo mismatch=0.0 decreased risk
76.3834902083836,2,0,0,120.11305433123516,1,4.907980551277024,18.51321504924769,3,0,0,0,0.2166495543804531,prior incident count=0.0 decreased risk | known malicious indicator count=1.0 increased risk | geo mismatch=0.0 decreased risk
39.93714093763788,0,0,0,99.91311690188437,0,4.699082918574961,31.432234568192765,3,1,0,0,0.1222533916860552,known malicious indicator count=0.0 decreased risk | geo mismatch=0.0 decreased risk | src ip reputation score=39.9 increased risk
13.249871172052424,5,0,0,0.0935547267835901,0,92.17303753012742,0.0,4,0,0,0,0.2285037135987745,prior incident count=0.0 decreased risk | known malicious indicator count=0.0 decreased risk | src ip reputation score=13.2 increased risk
31.008765644912657,4,1,1,82.94310567986851,0,17.935680594955677,18.769970647733626,1,0,1,1,0.6659628520293162,geo mismatch=1.0 increased risk | known malicious indicator count=0.0 decreased risk | prior incident count=0.0 decreased risk
76.24756420933143,3,0,0,28.127529209145543,0,17.146577384489035,38.573615378026695,4,0,0,0,0.0315970338392351,known malicious indicator count=0.0 decreased risk | prior incident count=0.0 decreased risk | geo mismatch=0.0 decreased risk
26.435773605371395,2,0,0,59.340885147188615,0,47.72766439726729,28.80664735067479,3,0,0,0,0.1115068360470293,known malicious indicator count=0.0 decreased risk | prior incident count=0.0 decreased risk | src ip reputation score=26.4 increased risk
71.571540594383,1,0,0,12.21207572719588,0,4.881360752443943,48.38312894309483,4,1,0,0,0.0921453354376874,known malicious indicator count=0.0 decreased risk | geo mismatch=0.0 decreased risk | protocol risk score=48.4 increased risk
60.61738291579182,1,0,0,3.653113522066488,1,10.786309875439574,0.0,2,0,0,0,0.1680387304786933,prior incident count=0.0 decreased risk | known malicious indicator count=1.0 increased risk | protocol risk score=0.0 decreased risk
100.0,1,0,0,56.953363644193246,0,172.87216466442396,26.230373532566333,1,0,0,0,0.0633420044824251,known malicious indicator count=0.0 decreased risk | prior incident count=0.0 decreased risk | days since last patch=172.9 increased risk
91.94305423507392,3,0,0,18.69326187882833,0,29.375136469237543,29.448891589348484,2,0,0,0,0.0269297613441301,known malicious indicator count=0.0 decreased risk | prior incident count=0.0 decreased risk | geo mismatch=0.0 decreased risk
56.97163992771103,2,0,0,44.65355646493993,1,12.795532521228608,33.709647703332934,1,0,0,0,0.3426644881120138,prior incident count=0.0 decreased risk | known malicious indicator count=1.0 increased risk | geo mismatch=0.0 decreased risk
53.6756551091607,3,1,0,55.31963353235948,0,23.962381112331293,0.0,3,0,0,0,0.437800264017783,geo mismatch=1.0 increased risk | known malicious indicator count=0.0 decreased risk | prior incident count=0.0 decreased risk
47.39592550652152,3,0,1,16.17077739658259,0,10.178750835007564,31.12652076431208,2,0,0,0,0.1164720227749173,known malicious indicator count=0.0 decreased risk | prior incident count=0.0 decreased risk | unusual time access=1.0 increased risk
97.11145871420696,3,1,0,24.09258287494404,0,21.385320288084426,30.466381690131133,2,0,0,0,0.2813136273024544,geo mismatch=1.0 increased risk | known malicious indicator count=0.0 decreased risk | prior incident count=0.0 decreased risk
77.98446245210559,1,0,0,12.477573079435851,0,9.647230843588002,20.51859940059144,5,2,0,0,0.3174506623765289,prior incident count=2.0 increased risk | known malicious indicator count=0.0 decreased risk | geo mismatch=0.0 decreased risk
84.06855833574618,2,0,1,199.6130734975356,0,9.109650217493616,43.76090492650755,4,0,0,0,0.2468466663975257,known malicious indicator count=0.0 decreased risk | prior incident count=0.0 decreased risk | data transfer mb=199.6 increased risk
64.36430782278985,2,0,0,9.20073712145294,0,35.4315151591608,18.804768789646555,1,0,0,0,0.0242603855409769,known malicious indicator count=0.0 decreased risk | prior incident count=0.0 decreased risk | geo mismatch=0.0 decreased risk
100.0,4,0,0,35.30731981710714,1,44.63075906734805,41.47869086186813,5,0,0,0,0.2790119695569509,prior incident count=0.0 decreased risk | known malicious indicator count=1.0 increased risk | src ip reputation score=100.0 decreased risk
95.79505508165492,3,0,1,60.60785092477193,0,15.156583158351337,20.7320673166454,2,1,0,0,0.2035399812927616,known malicious indicator count=0.0 decreased risk | unusual time access=1.0 increased risk | geo mismatch=0.0 decreased risk
58.32801347307991,3,0,0,1.1245491205495792,0,12.656493882716278,32.02719426497469,3,0,0,0,0.0410115927755609,known malicious indicator count=0.0 decreased risk | prior incident count=0.0 decreased risk | geo mismatch=0.0 decreased risk
73.88179985796616,1,1,0,94.32806252288242,0,5.747132435611881,14.00100229586317,1,0,0,0,0.4102156007031411,geo mismatch=1.0 increased risk | known malicious indicator count=0.0 decreased risk | prior incident count=0.0 decreased risk
76.82303949633288,4,0,1,52.937743337683926,0,17.272077025422814,0.0,3,2,0,1,0.5573508904477947,prior incident count=2.0 increased risk | known malicious indicator count=0.0 decreased risk | unusual time access=1.0 increased risk
95.92126123562792,1,0,0,70.34229800988471,0,30.93132372904639,26.761568265446314,4,1,0,0,0.0537555230902798,known malicious indicator count=0.0 decreased risk | geo mismatch=0.0 decreased risk | src ip reputation score=95.9 decreased risk
72.44595006064567,5,0,0,8.610393897474959,0,16.223598445839936,38.043223955378274,4,0,0,0,0.0672572810946953,known malicious indicator count=0.0 decreased risk | prior incident count=0.0 decreased risk | geo mismatch=0.0 decreased risk
68.35697643214863,1,0,0,34.54584670920994,0,17.72083936676437,5.656725993556545,3,0,0,0,0.0132319944868222,known malicious indicator count=0.0 decreased risk | prior incident count=0.0 decreased risk | geo mismatch=0.0 decreased risk
69.44970189898727,2,0,0,81.56634682254928,0,46.427818614167975,22.415801261181183,1,0,0,0,0.0360498528141139,known malicious indicator count=0.0 decreased risk | prior incident count=0.0 decreased risk | geo mismatch=0.0 decreased risk
73.69420949562166,1,0,0,8.601987919539637,0,16.907426305537896,59.96818789326841,5,0,0,0,0.0522047575548713,known malicious indicator count=0.0 decreased risk | prior incident count=0.0 decreased risk | geo mismatch=0.0 decreased risk
80.88440704680694,2,0,0,31.503220214245864,0,54.430840690708536,37.385446347507056,1,0,0,0,0.0718975095394188,known malicious indicator count=0.0 decreased risk | prior incident count=0.0 decreased risk | geo mismatch=0.0 decreased risk
63.304493357869184,2,1,0,21.03521210042937,0,21.357973345100486,20.061339732439723,1,0,0,0,0.4477946804346495,geo mismatch=1.0 increased risk | known malicious indicator count=0.0 decreased risk | prior incident count=0.0 decreased risk
87.12797588646944,2,0,0,23.810476636108568,0,11.47458074128754,1.731347761916993,1,1,0,0,0.0311018345222624,known malicious indicator count=0.0 decreased risk | geo mismatch=0.0 decreased risk | protocol risk score=1.7 decreased risk
86.6705792321785,1,0,0,51.805833645052914,0,23.02409642660741,46.60644600886365,1,1,0,0,0.0565567718177353,known malicious indicator count=0.0 decreased risk | geo mismatch=0.0 decreased risk | src ip reputation score=86.7 decreased risk
72.78120797306835,3,0,0,298.66487134127044,0,12.711462082153345,48.75454943873737,4,0,1,0,0.2379095278953331,known malicious indicator count=0.0 decreased risk | prior incident count=0.0 decreased risk | data transfer mb=298.7 increased risk
94.79168012883125,6,1,0,4.697328868668736,1,54.892777720722,18.92903975378768,4,0,0,1,0.8309527057152631,geo mismatch=1.0 increased risk | known malicious indicator count=1.0 increased risk | prior incident count=0.0 decreased risk
51.45293731618852,1,0,0,120.6289541003486,0,45.47815703140627,35.13831080068162,4,1,0,0,0.1590644992117778,known malicious indicator count=0.0 decreased risk | geo mismatch=0.0 decreased risk | unusual time access=0.0 decreased risk
43.00847576896936,6,0,0,32.314900934827406,0,57.30816043827389,60.15746344904454,3,0,0,0,0.2940127843310267,known malicious indicator count=0.0 decreased risk | prior incident count=0.0 decreased risk | protocol risk score=60.2 increased risk
64.30249013260658,4,0,0,52.866598100308536,2,20.29818526974178,25.97674716072908,4,0,0,1,0.8136013903451986,known malicious indicator count=2.0 increased risk | prior incident count=0.0 decreased risk | geo mismatch=0.0 decreased risk
60.75449422589915,0,0,0,130.72174032408756,0,2.330697907079632,44.91295379755735,5,0,0,0,0.0532218846773679,known malicious indicator count=0.0 decreased risk | prior incident count=0.0 decreased risk | geo mismatch=0.0 decreased risk
72.52535472468136,3,0,0,82.0784499314557,0,13.550056083894829,37.67105866307374,1,1,0,0,0.0724861506106358,known malicious indicator count=0.0 decreased risk | geo mismatch=0.0 decreased risk | unusual time access=0.0 decreased risk
73.92262918047814,5,0,0,27.587107848156386,0,9.582123178887592,24.688089542798327,1,0,0,0,0.038284406583679,known malicious indicator count=0.0 decreased risk | prior incident count=0.0 decreased risk | geo mismatch=0.0 decreased risk
91.81960850371934,1,0,0,146.04930454026558,0,46.43716135103057,28.67689797418813,4,0,0,0,0.0496022921570884,known malicious indicator count=0.0 decreased risk | prior incident count=0.0 decreased risk | geo mismatch=0.0 decreased risk
92.14161338573945,1,0,0,42.43348989299398,0,19.225726586505715,32.72795761465515,2,0,0,0,0.0233631154683725,known malicious indicator count=0.0 decreased risk | prior incident count=0.0 decreased risk | geo mismatch=0.0 decreased risk
85.43592354471322,1,0,0,16.608840417167247,1,40.00653865404275,21.17842927092473,2,0,0,0,0.1380306147788757,prior incident count=0.0 decreased risk | known malicious indicator count=1.0 increased risk | geo mismatch=0.0 decreased risk
85.43397421296689,1,0,0,31.698367874627586,0,13.698406803355503,32.132624955204854,5,1,0,0,0.056138169411727,known malicious indicator count=0.0 decreased risk | geo mismatch=0.0 decreased risk | src ip reputation score=85.4 decreased risk
70.16436265519079,0,0,0,134.18500267487516,1,13.000916535074069,30.126633013141845,4,0,0,0,0.2515798381686244,prior incident count=0.0 decreased risk | known malicious indicator count=1.0 increased risk | geo mismatch=0.0 decreased risk
80.22999150723723,2,0,0,5.278327084679414,0,4.75683963963585,39.58536114079159,5,0,0,0,0.030066234892754,known malicious indicator count=0.0 decreased risk | prior incident count=0.0 decreased risk | geo mismatch=0.0 decreased risk
62.30114223179838,1,0,0,15.072746281306182,0,1.559843974826739,32.86104645114416,3,1,0,0,0.0849862813232066,known malicious indicator count=0.0 decreased risk | geo mismatch=0.0 decreased risk | unusual time access=0.0 decreased risk
57.24520031497368,1,0,0,76.03846401813406,0,10.839431912082365,38.08903527317235,5,0,0,0,0.0415330304029147,known malicious indicator count=0.0 decreased risk | prior incident count=0.0 decreased risk | geo mismatch=0.0 decreased risk
91.63533455345656,1,0,0,84.96716101746371,0,11.753618172128238,14.495626515551209,3,1,0,0,0.0452286337390554,known malicious indicator count=0.0 decreased risk | geo mismatch=0.0 decreased risk | protocol risk score=14.5 decreased risk
64.90088412892604,1,0,1,34.54584670920994,0,21.424975218101096,26.23899928989105,1,0,0,0,0.1382118213421254,known malicious indicator count=0.0 decreased risk | prior incident count=0.0 decreased risk | unusual time access=1.0 increased risk
50.567719229786974,1,0,1,47.24105500490955,0,25.455702184287823,43.77118156671654,1,0,0,0,0.1259608925349162,known malicious indicator count=0.0 decreased risk | prior incident count=0.0 decreased risk | unusual time access=1.0 increased risk
57.646962091313,0,0,0,19.974494517262222,0,20.32965878362869,24.03440942975785,2,0,0,0,0.0274406188507413,known malicious indicator count=0.0 decreased risk | prior incident count=0.0 decreased risk | geo mismatch=0.0 decreased risk
88.82621161534966,1,0,0,45.09870099658767,0,27.935628983628447,49.05688173555559,1,0,0,0,0.0291838318280812,known malicious indicator count=0.0 decreased risk | prior incident count=0.0 decreased risk | geo mismatch=0.0 decreased risk
66.17944474799663,1,0,0,16.557093276121243,0,3.740425491786919,11.111890540014532,2,0,0,0,0.0157348952710963,known malicious indicator count=0.0 decreased risk | prior incident count=0.0 decreased risk | geo mismatch=0.0 decreased risk
55.436561980603685,2,0,0,10.72373207586017,1,26.276992449865595,28.09269962110011,3,1,0,1,0.7463653736704018,known malicious indicator count=1.0 increased risk | prior incident count=1.0 increased risk | geo mismatch=0.0 decreased risk
90.53972526639464,4,0,0,121.11425053668673,0,0.1097851686710948,38.46565760415057,2,0,0,0,0.0464763715824984,known malicious indicator count=0.0 decreased risk | prior incident count=0.0 decreased risk | geo mismatch=0.0 decreased risk
85.20829312288595,3,0,0,80.52446897057466,0,4.313248026276343,54.296492989561045,3,0,0,0,0.0641012025486723,known malicious indicator count=0.0 decreased risk | prior incident count=0.0 decreased risk | geo mismatch=0.0 decreased risk
52.266381554330856,1,0,1,70.32877154279845,1,1.9032027431294216,21.19514147231368,5,0,0,1,0.5378018456038899,known malicious indicator count=1.0 increased risk | prior incident count=0.0 decreased risk | unusual time access=1.0 increased risk
73.8947238943755,1,0,0,5.320915864846751,1,6.5376784670348895,27.94176054689885,5,0,0,0,0.2055551638586822,prior incident count=0.0 decreased risk | known malicious indicator count=1.0 increased risk | geo mismatch=0.0 decreased risk
79.92800235467882,2,0,1,16.17781532496633,0,1.7429609296759834,58.24042856204709,2,3,1,1,0.7583347924436491,prior incident count=3.0 increased risk | known malicious indicator count=0.0 decreased risk | unusual time access=1.0 increased risk
76.77105752571829,2,0,1,15.037415820084894,0,34.18118168442539,27.439861820669456,2,0,0,0,0.1499006503579506,known malicious indicator count=0.0 decreased risk | prior incident count=0.0 decreased risk | unusual time access=1.0 increased risk
53.39111186886869,1,0,0,135.8423716463005,0,3.047381028707118,33.89848351563465,1,1,0,0,0.1062916133804229,known malicious indicator count=0.0 decreased risk | geo mismatch=0.0 decreased risk | unusual time access=0.0 decreased risk
78.86004260894751,4,0,0,1.8389107471786337,0,0.2421564007513005,37.99722091879837,2,0,0,0,0.0372438607094185,known malicious indicator count=0.0 decreased risk | prior incident count=0.0 decreased risk | geo mismatch=0.0 decreased risk
73.97360019094813,2,0,0,3.685646538599226,0,20.887122645043124,34.24062822621484,3,0,0,0,0.0306367470714328,known malicious indicator count=0.0 decreased risk | prior incident count=0.0 decreased risk | geo mismatch=0.0 decreased risk
73.88103887211749,1,0,0,23.381242300138467,0,64.75354577979274,16.020447082620926,2,0,0,0,0.0457736415149166,known malicious indicator count=0.0 decreased risk | prior incident count=0.0 decreased risk | days since last patch=64.8 increased risk
30.629915731238924,3,0,0,179.09584860228762,0,8.088806012378202,41.78614288665304,4,1,1,0,0.3912234396732558,known malicious indicator count=0.0 decreased risk | src ip reputation score=30.6 increased risk | data transfer mb=179.1 increased risk
63.98280505718348,2,0,0,50.30181083744048,0,2.655964003645535,52.298280320002334,1,2,0,1,0.619647546481001,prior incident count=2.0 increased risk | known malicious indicator count=0.0 decreased risk | protocol risk score=52.3 increased risk
78.74626374077921,3,0,0,97.2214762952684,1,1.748543637285676,44.433494150680005,4,0,0,0,0.3474184140492053,prior incident count=0.0 decreased risk | known malicious indicator count=1.0 increased risk | geo mismatch=0.0 decreased risk
63.27226109177728,0,0,0,2.2028472364046947,0,5.24775308961877,14.825238070865256,1,0,0,0,0.0171788413457131,known malicious indicator count=0.0 decreased risk | prior incident count=0.0 decreased risk | geo mismatch=0.0 decreased risk
68.44325605974396,3,0,0,20.40590847659853,0,4.789666121940109,29.619791220136666,1,1,0,0,0.0531800037534496,known malicious indicator count=0.0 decreased risk | geo mismatch=0.0 decreased risk | unusual time access=0.0 decreased risk
93.5945041672142,4,0,0,50.23868587195547,0,18.941930808374902,42.53484573273793,2,0,0,0,0.0337508656935076,known malicious indicator count=0.0 decreased risk | prior incident count=0.0 decreased risk | geo mismatch=0.0 decreased risk
67.54582132808552,3,0,0,2.049796676660573,0,22.24739115433282,49.33661943621655,5,1,0,0,0.1200914961555483,known malicious indicator count=0.0 decreased risk | geo mismatch=0.0 decreased risk | protocol risk score=49.3 increased risk
35.932351212896904,1,0,0,69.09479375446834,1,14.84504393781993,37.66762234065702,5,2,1,1,0.9106702695388124,prior incident count=2.0 increased risk | known malicious indicator count=1.0 increased risk | src ip reputation score=35.9 increased risk
96.20617492239217,0,0,0,15.05029394783292,0,13.621178176956713,22.352093245600383,4,0,0,0,0.0186474234664573,known malicious indicator count=0.0 decreased risk | prior incident count=0.0 decreased risk | geo mismatch=0.0 decreased risk
87.24786944765518,1,0,0,1.1644301377905857,1,13.621178176956713,38.13582065100943,5,0,0,0,0.1814063464277434,prior incident count=0.0 decreased risk | known malicious indicator count=1.0 increased risk | geo mismatch=0.0 decreased risk
41.09589471175549,4,0,0,57.924542696325744,0,9.197209924067304,72.32235392594262,1,0,0,0,0.1755581859714999,known malicious indicator count=0.0 decreased risk | prior incident count=0.0 decreased risk | protocol risk score=72.3 increased risk
100.0,1,0,0,34.54584670920994,0,7.900124635814434,43.72429138362377,5,0,0,0,0.0355104824867914,known malicious indicator count=0.0 decreased risk | prior incident count=0.0 decreased risk | geo mismatch=0.0 decreased risk
65.01927920887243,0,1,0,9.250430625226011,0,1.1636657776601838,39.75362692710831,2,2,1,1,0.9011548422131452,geo mismatch=1.0 increased risk | prior incident count=2.0 increased risk | known malicious indicator count=0.0 decreased risk
30.74748616654842,1,0,0,22.06511255024313,0,1.058734627469593,26.19267305233703,5,2,1,1,0.5749137090584459,prior incident count=2.0 increased risk | known malicious indicator count=0.0 decreased risk | src ip reputation score=30.7 increased risk
43.26549122248139,1,0,0,103.56796263698098,2,13.953189208451729,29.20934176836671,3,1,1,1,0.9212115397879974,known malicious indicator count=2.0 increased risk | geo mismatch=0.0 decreased risk | prior incident count=1.0 increased risk
99.6823205707193,4,0,0,16.12901644349008,2,30.425616881913825,19.159705931675127,5,0,1,1,0.6834256812090342,known malicious indicator count=2.0 increased risk | prior incident count=0.0 decreased risk | src ip reputation score=99.7 decreased risk
54.334934153275256,2,0,0,8.214773038951028,0,27.75878615816806,25.9598761098653,5,1,0,0,0.1048217649107701,known malicious indicator count=0.0 decreased risk | geo mismatch=0.0 decreased risk | unusual time access=0.0 decreased risk
84.8652818804543,0,0,0,169.62478951947548,0,3.642975736588574,10.43948241260017,3,1,0,0,0.1280064959567342,known malicious indicator count=0.0 decreased risk | data transfer mb=169.6 increased risk | geo mismatch=0.0 decreased risk
100.0,1,0,0,107.87978811701277,1,33.71309304887016,57.94865494529752,2,0,0,0,0.2355383689877257,prior incident count=0.0 decreased risk | known malicious indicator count=1.0 increased risk | src ip reputation score=100.0 decreased risk
32.12770666092429,2,0,0,37.18478398632975,0,22.06523002555153,38.11247886542431,2,0,0,0,0.0871034795522169,known malicious indicator count=0.0 decreased risk | prior incident count=0.0 decreased risk | geo mismatch=0.0 decreased risk
100.0,0,1,0,130.1364853344507,0,5.726486127620704,62.495828253663205,2,0,0,0,0.4303568907686135,geo mismatch=1.0 increased risk | known malicious indicator count=0.0 decreased risk | prior incident count=0.0 decreased risk
70.16436265519079,1,0,0,19.68991295344189,0,5.178832813796639,29.68648401199385,1,0,0,0,0.0290956159696308,known malicious indicator count=0.0 decreased risk | prior incident count=0.0 decreased risk | geo mismatch=0.0 decreased risk
83.42680152900931,3,0,0,61.4065507184024,1,18.36775031259624,28.595698226673235,2,0,0,0,0.2028774201451458,prior incident count=0.0 decreased risk | known malicious indicator count=1.0 increased risk | geo mismatch=0.0 decreased risk
51.6745179887255,1,0,0,1.797766164260663,0,2.2794991946302083,35.934646011592434,1,1,0,0,0.0912763843926617,known malicious indicator count=0.0 decreased risk | geo mismatch=0.0 decreased risk | unusual time access=0.0 decreased risk
54.925276712850206,3,0,1,148.0456127029618,0,13.860707175168416,19.50527425327855,3,0,0,0,0.1228528002002871,known malicious indicator count=0.0 decreased risk | prior incident count=0.0 decreased risk | unusual time access=1.0 increased risk
57.76461818189429,2,0,0,71.8855415231606,1,5.921037613444225,33.226923487457306,2,0,0,0,0.3411273514320963,prior incident count=0.0 decreased risk | known malicious indicator count=1.0 increased risk | geo mismatch=0.0 decreased risk
83.71179492596832,4,0,0,63.20437407999934,0,82.37311062028263,44.353754488988926,3,2,0,1,0.6095543167572088,prior incident count=2.0 increased risk | known malicious indicator count=0.0 decreased risk | days since last patch=82.4 increased risk
99.45341351501963,1,0,0,33.08423139265536,0,15.445634683332784,64.77954218378535,4,1,0,0,0.1382295165419515,known malicious indicator count=0.0 decreased risk | protocol risk score=64.8 increased risk | geo mismatch=0.0 decreased risk
48.1958318640114,0,0,0,18.444007480978303,1,9.82621437103954,16.128541182596265,2,0,0,0,0.1995005218183793,prior incident count=0.0 decreased risk | known malicious indicator count=1.0 increased risk | geo mismatch=0.0 decreased risk
55.6169336151516,2,0,0,24.36479716920355,0,9.114353269452735,27.97226774065272,2,1,0,0,0.1004576757499965,known malicious indicator count=0.0 decreased risk | geo mismatch=0.0 decreased risk | unusual time access=0.0 decreased risk
51.28807402475148,3,0,0,90.3464062351537,0,61.36929597278459,32.74724035149874,5,0,0,0,0.1362054550221502,prior incident count=0.0 decreased risk | known malicious indicator count=0.0 decreased risk | days since last patch=61.4 increased risk
80.86781655743619,5,0,0,12.09749530502858,0,2.0475621756303166,31.481181069065467,3,0,0,0,0.0470258344849231,known malicious indicator count=0.0 decreased risk | prior incident count=0.0 decreased risk | geo mismatch=0.0 decreased risk
84.79306303449343,3,0,0,44.55683150486852,2,18.08293582697013,0.0,2,2,1,1,0.7937480301110965,known malicious indicator count=2.0 increased risk | prior incident count=2.0 increased risk | protocol risk score=0.0 decreased risk
67.70920309494764,2,0,0,10.455807152108566,0,15.863099201353135,22.49740655498396,4,0,0,0,0.0207971551101194,known malicious indicator count=0.0 decreased risk | prior incident count=0.0 decreased risk | geo mismatch=0.0 decreased risk
43.61505610802465,1,0,0,38.47509405390143,0,6.474300717961342,40.61688281668293,3,0,0,0,0.0440567022191167,known malicious indicator count=0.0 decreased risk | prior incident count=0.0 decreased risk | geo mismatch=0.0 decreased risk
76.92976951795985,4,0,0,62.59474197384429,0,1.807811432038884,31.43979085227089,5,1,0,0,0.058345229626905,known malicious indicator count=0.0 decreased risk | geo mismatch=0.0 decreased risk | unusual time access=0.0 decreased risk
58.61100451015779,2,1,0,12.675765994668971,0,4.182835677971234,3.929944508176007,5,0,0,0,0.2733478925383085,geo mismatch=1.0 increased risk | known malicious indicator count=0.0 decreased risk | prior incident count=0.0 decreased risk
78.71950779000092,2,0,0,15.48819425882522,0,3.808250713025389,42.36624129484255,5,0,0,0,0.0298128933869453,known malicious indicator count=0.0 decreased risk | prior incident count=0.0 decreased risk | geo mismatch=0.0 decreased risk
87.2287305126561,1,1,0,3.8056304073099767,0,0.0834175189054256,25.965660608433428,5,0,0,0,0.2495687362819165,geo mismatch=1.0 increased risk | known malicious indicator count=0.0 decreased risk | prior incident count=0.0 decreased risk
71.14026249794169,3,0,0,23.17707391003709,0,3.920504722671078,47.1836553635542,3,2,0,0,0.4938425231972813,prior incident count=2.0 increased risk | known malicious indicator count=0.0 decreased risk | geo mismatch=0.0 decreased risk
66.54745400118361,2,1,1,3.865766311722645,0,17.041765991826235,23.54871226874777,1,0,0,0,0.4929922261741659,geo mismatch=1.0 increased risk | known malicious indicator count=0.0 decreased risk | prior incident count=0.0 decreased risk
77.6261922452957,1,0,0,0.3534238220735951,0,80.76166607814554,18.655436113134066,5,0,0,0,0.0611955084436523,known malicious indicator count=0.0 decreased risk | prior incident count=0.0 decreased risk | days since last patch=80.8 increased risk
57.88768920526272,0,0,0,128.3309844648238,0,9.879138030566295,36.69756512988572,5,0,0,0,0.0386527335731511,known malicious indicator count=0.0 decreased risk | prior incident count=0.0 decreased risk | geo mismatch=0.0 decreased risk
79.64133454670772,2,0,0,42.77026282697103,1,1.8412916245811084,37.58219283837092,4,1,0,1,0.6685894623265455,known malicious indicator count=1.0 increased risk | prior incident count=1.0 increased risk | geo mismatch=0.0 decreased risk
53.90067038294878,1,0,0,22.3256824142642,1,3.132827044926112,20.24653787419364,1,0,0,0,0.2513610585448524,prior incident count=0.0 decreased risk | known malicious indicator count=1.0 increased risk | geo mismatch=0.0 decreased risk
40.51735735915789,2,0,0,48.99469240107179,0,3.899643281634116,60.40433336420951,1,2,1,1,0.7493618095105805,prior incident count=2.0 increased risk | known malicious indicator count=0.0 decreased risk | src ip reputation score=40.5 increased risk
75.71606573589466,5,0,0,8.06691672025186,1,36.60786719142335,29.831804687656525,5,0,1,0,0.2635169354199826,prior incident count=0.0 decreased risk | known malicious indicator count=1.0 increased risk | geo mismatch=0.0 decreased risk
55.84178118651849,2,0,0,35.17221798403277,0,19.40731332955519,38.90466539308925,3,0,0,0,0.0415090983735608,known malicious indicator count=0.0 decreased risk | prior incident count=0.0 decreased risk | geo mismatch=0.0 decreased risk
97.3940221530837,3,0,0,20.090111735876643,0,8.206820775340839,28.35771483776505,4,0,0,0,0.0266283710137311,known malicious indicator count=0.0 decreased risk | prior incident count=0.0 decreased risk | geo mismatch=0.0 decreased risk
75.83127353363946,0,0,0,11.733955111073229,1,60.57571561838658,45.46507715197754,1,0,0,0,0.3982030687821881,prior incident count=0.0 decreased risk | known malicious indicator count=1.0 increased risk | days since last patch=60.6 increased risk
65.72022311548982,2,0,0,0.5528597685062644,0,7.8853480122485,25.90749251474801,4,1,0,0,0.0946773674715384,known malicious indicator count=0.0 decreased risk | geo mismatch=0.0 decreased risk | unusual time access=0.0 decreased risk
72.79774465678254,2,0,0,154.4462302017728,1,0.4034188218122198,60.27137712454761,1,0,1,1,0.5664871487039579,known malicious indicator count=1.0 increased risk | prior incident count=0.0 decreased risk | protocol risk score=60.3 increased risk
72.57234900809934,4,0,0,65.03487422146821,0,4.5885615916064975,11.585248814079698,2,0,0,0,0.0243932014076282,known malicious indicator count=0.0 decreased risk | prior incident count=0.0 decreased risk | geo mismatch=0.0 decreased risk
94.1321630972783,5,0,0,13.62024270251955,0,13.621178176956713,8.932695482814285,4,0,0,0,0.0290260359101988,known malicious indicator count=0.0 decreased risk | prior incident count=0.0 decreased risk | geo mismatch=0.0 decreased risk
36.21633924065477,1,0,0,25.17512027799517,0,9.290207658842544,33.407990573606966,4,0,0,0,0.0879147731429522,known malicious indicator count=0.0 decreased risk | prior incident count=0.0 decreased risk | src ip reputation score=36.2 increased risk
35.73730941818245,2,0,0,69.9892523882566,1,28.62163689656516,34.90997896877212,3,0,0,0,0.4164450863252177,prior incident count=0.0 decreased risk | known malicious indicator count=1.0 increased risk | src ip reputation score=35.7 increased risk
87.13404960485111,2,0,1,96.87400859235916,0,15.199787687255691,52.516383978393904,4,0,0,0,0.1226355852032515,known malicious indicator count=0.0 decreased risk | prior incident count=0.0 decreased risk | unusual time access=1.0 increased risk
38.58237085748176,0,0,0,15.840202712898716,0,26.44966298075691,22.07385284928254,5,0,0,0,0.049819065560211,known malicious indicator count=0.0 decreased risk | prior incident count=0.0 decreased risk | geo mismatch=0.0 decreased risk
63.3236102048798,4,0,0,34.54584670920994,0,0.6600946491180859,37.28409795701607,4,0,0,0,0.046533028251219,known malicious indicator count=0.0 decreased risk | prior incident count=0.0 decreased risk | geo mismatch=0.0 decreased risk
65.54558598446786,0,0,0,9.26009915425754,0,44.67971393955372,31.63718527218184,5,1,0,0,0.0819722772839403,known malicious indicator count=0.0 decreased risk | geo mismatch=0.0 decreased risk | unusual time access=0.0 decreased risk
72.58442363950455,3,0,1,26.76670443454797,0,5.709225492392017,23.655008232369,1,0,0,0,0.0756102110024423,known malicious indicator count=0.0 decreased risk | prior incident count=0.0 decreased risk | unusual time access=1.0 increased risk
76.39303651837955,2,0,0,8.091709782091842,0,42.77624227384861,31.765598160259543,1,1,0,0,0.0470773443307442,known malicious indicator count=0.0 decreased risk | geo mismatch=0.0 decreased risk | unusual time access=0.0 decreased risk
42.11009862281477,1,0,0,2.082410967740994,1,2.3372557226231767,46.37155631517047,3,0,0,0,0.3413480706305204,prior incident count=0.0 decreased risk | known malicious indicator count=1.0 increased risk | geo mismatch=0.0 decreased risk
82.24937588027204,2,0,1,4.06295995486054,0,11.192823880128165,36.73270111325484,2,0,0,0,0.0853689831803195,known malicious indicator count=0.0 decreased risk | prior incident count=0.0 decreased risk | unusual time access=1.0 increased risk
82.34011899153396,1,0,0,21.251123273130563,1,33.40637381448085,35.82142489082408,2,1,0,1,0.5892586958501869,known malicious indicator count=1.0 increased risk | src ip reputation score=82.3 decreased risk | prior incident count=1.0 increased risk
43.03905776119666,1,0,0,12.933661373923218,1,8.139868742801822,24.224329950984423,3,2,1,1,0.8923070605882942,prior incident count=2.0 increased risk | known malicious indicator count=1.0 increased risk | geo mismatch=0.0 decreased risk
68.033207464105,4,0,0,162.1788692237545,1,14.489544491541045,6.30595813616101,5,0,0,0,0.4656371452711746,known malicious indicator count=1.0 increased risk | prior incident count=0.0 decreased risk | data transfer mb=162.2 increased risk
37.76865281794344,0,0,0,10.872698286783102,1,25.765281839684,33.6747697908508,3,0,0,0,0.356425762379045,prior incident count=0.0 decreased risk | known malicious indicator count=1.0 increased risk | src ip reputation score=37.8 increased risk
96.08680485756304,0,0,0,10.72844557994701,0,9.229708084519537,25.562868909799704,2,0,0,0,0.025299003252236,known malicious indicator count=0.0 decreased risk | prior incident count=0.0 decreased risk | geo mismatch=0.0 decreased risk
90.47061288370688,1,0,0,16.15151486627291,1,26.03289351454536,44.93306752392175,3,0,0,0,0.1938275641000333,prior incident count=0.0 decreased risk | known malicious indicator count=1.0 increased risk | geo mismatch=0.0 decreased risk
86.56459380369246,0,0,0,153.13786838923158,0,12.802886646508275,9.574722095036858,5,0,0,0,0.03356812517019,known malicious indicator count=0.0 decreased risk | prior incident count=0.0 decreased risk | geo mismatch=0.0 decreased risk
80.61951323928182,2,0,0,15.284113002383274,0,34.12122087266432,24.15494893255477,3,0,0,0,0.0221281899044573,known malicious indicator count=0.0 decreased risk | prior incident count=0.0 decreased risk | geo mismatch=0.0 decreased risk
83.40961234482425,4,0,0,4.841762854821159,0,59.748477261957696,62.87703309322416,4,1,0,0,0.4160039469359745,known malicious indicator count=0.0 decreased risk | days since last patch=59.7 increased risk | protocol risk score=62.9 increased risk
79.15545732303772,2,0,0,0.9459499819377808,0,17.008380050453518,47.460382681902814,5,1,0,0,0.1101823846769856,known malicious indicator count=0.0 decreased risk | geo mismatch=0.0 decreased risk | protocol risk score=47.5 increased risk
49.10381611957933,3,0,0,55.50489479293803,0,108.3829593292107,59.984563799233314,4,1,0,1,0.5632878741418366,known malicious indicator count=0.0 decreased risk | days since last patch=108.4 increased risk | protocol risk score=60.0 increased risk
84.00619758817983,2,0,0,34.54584670920994,0,17.774061671904903,5.682734705494681,5,0,0,0,0.0139818395867665,known malicious indicator count=0.0 decreased risk | prior incident count=0.0 decreased risk | geo mismatch=0.0 decreased risk
40.97648619896882,3,0,1,19.55565598470963,0,29.859576177670046,22.92571002409057,3,0,0,0,0.1584871782167197,known malicious indicator count=0.0 decreased risk | prior incident count=0.0 decreased risk | unusual time access=1.0 increased risk
89.88894751017816,3,0,1,7.046960550889095,0,16.009876029051817,49.875126225614174,2,1,0,0,0.2716180725591612,known malicious indicator count=0.0 decreased risk | unusual time access=1.0 increased risk | geo mismatch=0.0 decreased risk
72.91042395536482,2,0,0,22.4103750451225,0,56.56990504597511,22.80994276065825,2,0,0,0,0.0579120124249076,known malicious indicator count=0.0 decreased risk | prior incident count=0.0 decreased risk | geo mismatch=0.0 decreased risk
47.549103875111726,1,0,1,26.22699418425341,1,17.942280896079133,24.82343474757172,1,0,0,0,0.4664705533261923,prior incident count=0.0 decreased risk | known malicious indicator count=1.0 increased risk | unusual time access=1.0 increased risk
88.7495498501385,1,0,0,167.60556902603906,0,28.992672519108616,17.879810119454923,4,0,0,0,0.0758892730424602,known malicious indicator count=0.0 decreased risk | prior incident count=0.0 decreased risk | data transfer mb=167.6 increased risk
48.69772673849255,1,0,0,56.656667128987735,1,10.895499340714537,32.69668466068026,1,0,0,0,0.327741402159608,prior incident count=0.0 decreased risk | known malicious indicator count=1.0 increased risk | geo mismatch=0.0 decreased risk
70.16436265519079,4,0,0,4.729423907258391,2,1.745240521679806,49.77162195910137,3,1,1,1,0.9063910385262453,known malicious indicator count=2.0 increased risk | protocol risk score=49.8 increased risk | geo mismatch=0.0 decreased risk
77.68130897878615,2,0,0,4.790827496120783,0,2.366881358878426,18.96426690349224,3,0,0,0,0.0213385610091281,known malicious indicator count=0.0 decreased risk | prior incident count=0.0 decreased risk | geo mismatch=0.0 decreased risk
60.33627075401252,2,0,0,81.6761313804047,1,15.17267228836503,46.29894286599296,1,0,0,0,0.3407351420573912,prior incident count=0.0 decreased risk | known malicious indicator count=1.0 increased risk | geo mismatch=0.0 decreased risk
26.20156590042893,1,0,0,30.4596761575909,0,13.621178176956713,27.86940546271908,1,0,0,0,0.0762132476092411,known malicious indicator count=0.0 decreased risk | prior incident count=0.0 decreased risk | src ip reputation score=26.2 increased risk
70.82651264541236,2,0,0,1.0797329192036735,1,1.3331644367382167,46.14568642460149,3,2,1,1,0.8889980477855883,prior incident count=2.0 increased risk | known malicious indicator count=1.0 increased risk | geo mismatch=0.0 decreased risk
77.05009936713759,5,0,0,11.321387753874465,0,20.644364047121737,37.04759883527407,5,0,0,0,0.0654542412926745,known malicious indicator count=0.0 decreased risk | prior incident count=0.0 decreased risk | geo mismatch=0.0 decreased risk
57.86269644285649,1,0,0,52.241277487752015,0,56.638518285713374,29.71914154356156,1,1,0,0,0.2591709643456539,known malicious indicator count=0.0 decreased risk | days since last patch=56.6 increased risk | geo mismatch=0.0 decreased risk
69.22514210020914,1,0,0,26.78895971884189,1,2.2274803676058093,38.43653404417638,5,1,0,1,0.7476211915774243,known malicious indicator count=1.0 increased risk | prior incident count=1.0 increased risk | geo mismatch=0.0 decreased risk
56.30740348479992,1,0,0,39.69232899468363,0,25.76499826035181,41.298946465170026,2,0,0,0,0.0381189115258973,known malicious indicator count=0.0 decreased risk | prior incident count=0.0 decreased risk | geo mismatch=0.0 decreased risk
100.0,1,0,0,124.82429866670644,0,29.70251996073356,28.50260831027317,4,0,0,0,0.0312764452755879,known malicious indicator count=0.0 decreased risk | prior incident count=0.0 decreased risk | geo mismatch=0.0 decreased risk
80.39804279057505,1,0,1,61.05262373403261,0,66.00952743224683,3.6232578963249047,1,0,0,0,0.1662559612026742,known malicious indicator count=0.0 decreased risk | prior incident count=0.0 decreased risk | unusual time access=1.0 increased risk
53.2615859240744,2,0,0,32.63146850330716,0,34.00799494583478,0.0,2,0,0,0,0.0281211285064044,known malicious indicator count=0.0 decreased risk | prior incident count=0.0 decreased risk | geo mismatch=0.0 decreased risk
100.0,1,0,0,15.108150437822088,1,31.225679909223043,5.099807729711916,4,0,0,0,0.0983341826103833,prior incident count=0.0 decreased risk | known malicious indicator count=1.0 increased risk | protocol risk score=5.1 decreased risk
91.77539308433344,5,0,0,9.386671213852209,0,30.783590704340007,39.31423270837739,2,1,0,0,0.1442259437043494,known malicious indicator count=0.0 decreased risk | geo mismatch=0.0 decreased risk | src ip reputation score=91.8 decreased risk
56.461559993880826,2,0,1,119.9185108345832,1,8.630149744182795,5.877484106087604,1,0,0,0,0.3420174135199672,prior incident count=0.0 decreased risk | known malicious indicator count=1.0 increased risk | protocol risk score=5.9 decreased risk
71.70418899267803,1,0,0,20.536636250660205,0,2.2350945433153666,55.99143729089069,4,0,0,0,0.0617548176983413,known malicious indicator count=0.0 decreased risk | prior incident count=0.0 decreased risk | geo mismatch=0.0 decreased risk
72.22745203680105,4,0,0,2.544875698025104,0,19.80923944443944,14.110835881928573,2,0,0,0,0.018140594527834,known malicious indicator count=0.0 decreased risk | prior incident count=0.0 decreased risk | geo mismatch=0.0 decreased risk
83.43062343458107,4,0,0,89.07818786066187,0,3.106880868871012,26.31275520183353,2,0,0,0,0.0344069504909811,known malicious indicator count=0.0 decreased risk | prior incident count=0.0 decreased risk | geo mismatch=0.0 decreased risk
39.45664286820705,1,0,1,6.930503145430814,0,4.93547181119861,44.61179064307216,3,1,0,0,0.4353793381529546,known malicious indicator count=0.0 decreased risk | unusual time access=1.0 increased risk | src ip reputation score=39.5 increased risk
90.43030785563728,4,0,0,150.00067865712822,0,19.480857828079618,52.74845318091481,2,0,0,0,0.0929706176069325,known malicious indicator count=0.0 decreased risk | prior incident count=0.0 decreased risk | geo mismatch=0.0 decreased risk
68.21759920974424,4,0,0,11.331700434887846,1,4.27173261029678,35.58810672281491,3,3,1,1,0.9269747755894174,prior incident count=3.0 increased risk | known malicious indicator count=1.0 increased risk | geo mismatch=0.0 decreased risk
76.93007763461432,4,0,0,34.54584670920994,2,1.2252258232832027,52.47920308141202,3,0,1,1,0.8526529615019127,known malicious indicator count=2.0 increased risk | prior incident count=0.0 decreased risk | protocol risk score=52.5 increased risk
46.62643924760936,2,0,0,10.928341026600329,0,16.347495408770325,11.224366634094626,5,0,0,0,0.0323403762112537,known malicious indicator count=0.0 decreased risk | prior incident count=0.0 decreased risk | geo mismatch=0.0 decreased risk
70.52182100421668,2,0,1,36.06929359429948,1,5.973070382824158,48.67792980213456,1,1,1,1,0.9221714594444697,known malicious indicator count=1.0 increased risk | unusual time access=1.0 increased risk | prior incident count=1.0 increased risk
49.72208095414925,4,0,0,147.58016021736756,0,42.64624579268289,58.39495796836073,3,0,0,0,0.1914745641662062,known malicious indicator count=0.0 decreased risk | prior incident count=0.0 decreased risk | protocol risk score=58.4 increased risk
50.538621182368885,2,0,0,29.67797490890484,0,30.141532521408976,35.28424230741533,5,0,0,0,0.0455444291607374,known malicious indicator count=0.0 decreased risk | prior incident count=0.0 decreased risk | geo mismatch=0.0 decreased risk
69.37593022121833,3,0,0,5.182556955923672,0,6.832003359373651,53.10942007097405,1,1,0,0,0.1100433321423353,known malicious indicator count=0.0 decreased risk | geo mismatch=0.0 decreased risk | protocol risk score=53.1 increased risk
42.40763670422139,1,0,0,114.33152742932194,1,3.4300984899928046,49.99847437416916,3,1,0,1,0.8169179740362073,known malicious indicator count=1.0 increased risk | prior incident count=1.0 increased risk | protocol risk score=50.0 increased risk
100.0,2,0,0,5.418658049315798,0,27.69953333256728,22.031231509808464,1,2,0,0,0.3167098682583628,prior incident count=2.0 increased risk | known malicious indicator count=0.0 decreased risk | src ip reputation score=100.0 decreased risk
76.72289926052457,4,0,0,28.36979228135923,0,22.08825236978126,38.7849847340619,2,0,0,0,0.0370489859003599,known malicious indicator count=0.0 decreased risk | prior incident count=0.0 decreased risk | geo mismatch=0.0 decreased risk
66.96429809928833,3,1,0,4.637444431786524,0,6.494242045771797,43.15542778053869,2,1,0,1,0.8256492262123567,geo mismatch=1.0 increased risk | known malicious indicator count=0.0 decreased risk | protocol risk score=43.2 increased risk
98.2837457666218,0,0,1,15.14875440065175,1,3.762067489215857,29.232260032868023,3,0,0,0,0.4691043244088094,prior incident count=0.0 decreased risk | known malicious indicator count=1.0 increased risk | unusual time access=1.0 increased risk
90.0326365041712,6,0,0,9.912959421384135,0,1.734427442959854,14.763131532876866,5,0,0,0,0.040281063356332,known malicious indicator count=0.0 decreased risk | prior incident count=0.0 decreased risk | geo mismatch=0.0 decreased risk
81.7338760295055,0,0,0,38.04016152445037,1,0.1911982312523088,19.008099164826056,4,1,0,0,0.4458902292928507,known malicious indicator count=1.0 increased risk | src ip reputation score=81.7 decreased risk | protocol risk score=19.0 decreased risk
5.174653198618543,3,0,0,154.11035818127408,1,11.60832226738789,29.326655428038208,5,2,1,1,0.9485084594774748,prior incident count=2.0 increased risk | known malicious indicator count=1.0 increased risk | src ip reputation score=5.2 increased risk
66.51291484194329,3,0,0,52.23015102652848,1,20.96874915674423,13.042775445516018,5,0,0,0,0.2346741799033868,prior incident count=0.0 decreased risk | known malicious indicator count=1.0 increased risk | protocol risk score=13.0 decreased risk
98.70174798444472,2,0,0,38.118505659796966,0,10.156793621505102,21.28495740626793,1,0,0,0,0.021502547926962,known malicious indicator count=0.0 decreased risk | prior incident count=0.0 decreased risk | geo mismatch=0.0 decreased risk
73.46683328740816,2,0,0,21.282559141519062,0,6.450723515177481,29.829328834004524,3,0,0,0,0.0295691372018189,known malicious indicator count=0.0 decreased risk | prior incident count=0.0 decreased risk | geo mismatch=0.0 decreased risk
44.14749305695474,3,0,0,34.54584670920994,1,62.65675596898069,41.33330781908522,3,0,0,1,0.5077067093454642,prior incident count=0.0 decreased risk | known malicious indicator count=1.0 increased risk | geo mismatch=0.0 decreased risk
69.62582487108205,2,0,0,51.66080620207435,0,5.235337862829406,35.46101266736748,5,0,0,0,0.0343233300784656,known malicious indicator count=0.0 decreased risk | prior incident count=0.0 decreased risk | geo mismatch=0.0 decreased risk
69.61967584194622,0,0,0,66.13172178878057,0,0.7220694620648569,37.39896134748,1,0,0,0,0.0396364929606157,known malicious indicator count=0.0 decreased risk | prior incident count=0.0 decreased risk | geo mismatch=0.0 decreased risk
60.77660535930762,0,0,0,49.066164586264726,0,14.538128137107169,17.18320883918627,5,1,0,0,0.0710331796065125,known malicious indicator count=0.0 decreased risk | geo mismatch=0.0 decreased risk | protocol risk score=17.2 decreased risk
31.75490049160446,2,0,0,12.293567860775704,0,38.60366754796811,14.88440868666298,3,0,0,0,0.0838368846007339,known malicious indicator count=0.0 decreased risk | prior incident count=0.0 decreased risk | src ip reputation score=31.8 increased risk
92.07867093403814,2,0,0,41.97714121642126,1,22.2975661125534,28.09066381966343,1,1,0,0,0.4871074482849674,known malicious indicator count=1.0 increased risk | src ip reputation score=92.1 decreased risk | geo mismatch=0.0 decreased risk
76.22500309087073,1,1,0,28.61472287508172,0,36.33034497388052,11.684884811626484,1,1,0,1,0.6339269743343151,geo mismatch=1.0 increased risk | known malicious indicator count=0.0 decreased risk | protocol risk score=11.7 decreased risk
88.47017232094737,3,0,1,40.889252571647454,0,11.326774436072125,7.867255549299447,1,2,0,1,0.5516957125603389,prior incident count=2.0 increased risk | known malicious indicator count=0.0 decreased risk | unusual time access=1.0 increased risk
52.02431903353744,2,0,0,46.19324644662918,0,62.61500968894929,40.09712998742317,5,2,1,1,0.7040393962751093,prior incident count=2.0 increased risk | known malicious indicator count=0.0 decreased risk | days since last patch=62.6 increased risk
45.484686739953176,2,0,0,77.07516086578006,0,11.970611120395937,18.991353889840514,5,1,0,0,0.1128402588002378,known malicious indicator count=0.0 decreased risk | geo mismatch=0.0 decreased risk | protocol risk score=19.0 decreased risk
54.93164259307633,4,0,0,4.066207376756088,1,16.804628192663888,16.76651795779859,1,0,0,0,0.3231796267608556,prior incident count=0.0 decreased risk | known malicious indicator count=1.0 increased risk | geo mismatch=0.0 decreased risk
61.58031038359474,0,0,0,52.75532000848292,1,23.907416423871783,15.130797095882764,2,1,0,1,0.6817764474746988,known malicious indicator count=1.0 increased risk | prior incident count=1.0 increased risk | protocol risk score=15.1 decreased risk
70.64814026680273,2,0,0,155.5999697151776,1,22.89126262177324,49.66081454630667,5,2,1,1,0.941543788490202,prior incident count=2.0 increased risk | known malicious indicator count=1.0 increased risk | data transfer mb=155.6 increased risk
100.0,1,0,1,14.976728198070951,0,19.82681599954988,5.4349399188695,1,0,0,0,0.0551049517370333,prior incident count=0.0 decreased risk | known malicious indicator count=0.0 decreased risk | unusual time access=1.0 increased risk
83.3073787006566,0,0,0,18.55063934826565,1,24.304741227532528,42.94816527135741,5,1,0,1,0.6734834094525517,known malicious indicator count=1.0 increased risk | prior incident count=1.0 increased risk | src ip reputation score=83.3 decreased risk
83.90405800167999,1,0,0,3.125919636527446,0,3.0406146593972068,48.82736031864208,2,1,0,0,0.0569404927833421,known malicious indicator count=0.0 decreased risk | geo mismatch=0.0 decreased risk | src ip reputation score=83.9 decreased risk
55.6791312744832,1,0,0,55.797619791082965,0,10.4184802338976,47.55683301060557,1,1,0,0,0.1015834835733461,known malicious indicator count=0.0 decreased risk | geo mismatch=0.0 decreased risk | unusual time access=0.0 decreased risk
31.4465484130878,0,0,0,39.88524595831332,0,1.712657717107358,35.651513969702,5,1,0,0,0.1606461490018274,known malicious indicator count=0.0 decreased risk | src ip reputation score=31.4 increased risk | geo mismatch=0.0 decreased risk
64.23922252155847,1,0,0,3.215511289712028,1,25.310409657651512,9.031101812660395,4,1,0,1,0.6424829143637371,known malicious indicator count=1.0 increased risk | prior incident count=1.0 increased risk | protocol risk score=9.0 decreased risk
81.15382121450249,1,1,0,63.86625937600411,0,3.891831414898534,13.764844352415372,5,1,0,1,0.5926174290978854,geo mismatch=1.0 increased risk | known malicious indicator count=0.0 decreased risk | protocol risk score=13.8 decreased risk
93.83798668827146,2,0,0,1.842982541593032,1,22.77008949313921,40.09987662677674,4,3,1,1,0.8884237421784283,prior incident count=3.0 increased risk | known malicious indicator count=1.0 increased risk | src ip reputation score=93.8 decreased risk
59.404795924659226,2,0,0,2.377180067887668,0,1.0864755044330368,42.5379570521821,1,1,0,0,0.1130112681078661,known malicious indicator count=0.0 decreased risk | geo mismatch=0.0 decreased risk | days since last patch=1.1 decreased risk
68.52104868783215,4,0,0,30.876514675664968,1,8.952462003641804,36.56957349451825,5,0,1,0,0.39996244406255,prior incident count=0.0 decreased risk | known malicious indicator count=1.0 increased risk | geo mismatch=0.0 decreased risk
76.6891357997405,1,0,0,151.0670389017413,0,17.30274562802891,26.203509378021643,4,0,0,0,0.0346456842994936,known malicious indicator count=0.0 decreased risk | prior incident count=0.0 decreased risk | geo mismatch=0.0 decreased risk
48.1567273456382,4,0,0,38.517694289414806,1,0.3975798105992944,9.66545982404622,2,1,0,1,0.7041669680644665,known malicious indicator count=1.0 increased risk | protocol risk score=9.7 decreased risk | prior incident count=1.0 increased risk
92.4371571246094,2,0,0,141.14047694224178,0,39.66063924860963,24.7254139591262,2,1,0,0,0.0742002589552364,known malicious indicator count=0.0 decreased risk | geo mismatch=0.0 decreased risk | src ip reputation score=92.4 decreased risk
78.16505511428943,3,0,0,1.045284597364609,1,0.3131399310778714,14.097257094120646,1,1,0,0,0.4622769818033366,known malicious indicator count=1.0 increased risk | protocol risk score=14.1 decreased risk | src ip reputation score=78.2 decreased risk
60.8223147426212,2,0,0,75.93009928534842,0,28.995737119200456,17.389051921757094,1,1,0,0,0.075905251256993,known malicious indicator count=0.0 decreased risk | geo mismatch=0.0 decreased risk | protocol risk score=17.4 decreased risk
56.4487069532869,4,0,0,50.88663428922448,0,6.295893349662486,0.0,4,1,0,0,0.0917233693436297,known malicious indicator count=0.0 decreased risk | geo mismatch=0.0 decreased risk | protocol risk score=0.0 decreased risk
88.99108270882647,0,0,0,57.6698093305127,0,17.97929534397359,37.04110611505273,3,1,0,0,0.0534169744026768,known malicious indicator count=0.0 decreased risk | geo mismatch=0.0 decreased risk | src ip reputation score=89.0 decreased risk
62.7806766836184,4,0,0,6.014751040881892,0,17.30319614127308,37.06453743912612,1,0,0,0,0.0340039215373466,known malicious indicator count=0.0 decreased risk | prior incident count=0.0 decreased risk | geo mismatch=0.0 decreased risk
76.46370964916412,2,0,0,64.67364631044774,1,39.50166512187017,24.48336648842235,1,0,0,0,0.2031267554637061,prior incident count=0.0 decreased risk | known malicious indicator count=1.0 increased risk | geo mismatch=0.0 decreased risk
100.0,1,0,0,58.660941743218565,1,6.898931323953699,20.92192903427,1,0,0,0,0.1379082036164224,prior incident count=0.0 decreased risk | known malicious indicator count=1.0 increased risk | src ip reputation score=100.0 decreased risk
92.53130059095514,0,0,0,85.38278685795136,0,2.103556416435825,14.924821615603264,3,0,0,0,0.0136131362740671,known malicious indicator count=0.0 decreased risk | prior incident count=0.0 decreased risk | geo mismatch=0.0 decreased risk
73.55402001866507,2,0,0,24.769451231346,0,13.754272421013532,12.192249342714849,4,0,0,0,0.0123800015722199,known malicious indicator count=0.0 decreased risk | prior incident count=0.0 decreased risk | geo mismatch=0.0 decreased risk
26.60645164548596,0,0,0,86.47805054511217,0,41.74013328211294,58.42935064271326,2,0,0,0,0.1848533413947266,known malicious indicator count=0.0 decreased risk | prior incident count=0.0 decreased risk | src ip reputation score=26.6 increased risk
71.03891771614599,2,0,0,37.16176895815163,0,24.07746353109637,19.66613330941244,4,0,0,0,0.0233843992931501,known malicious indicator count=0.0 decreased risk | prior incident count=0.0 decreased risk | geo mismatch=0.0 decreased risk
20.56710999745421,0,1,0,5.279278984548126,0,5.943387781557493,21.33949634380525,1,0,0,1,0.5301256915787935,geo mismatch=1.0 increased risk | known malicious indicator count=0.0 decreased risk | prior incident count=0.0 decreased risk
36.30664845547226,2,1,0,31.039438769301974,0,19.85744016605525,33.220909316934424,5,0,0,0,0.4974684790137593,geo mismatch=1.0 increased risk | known malicious indicator count=0.0 decreased risk | prior incident count=0.0 decreased risk
83.63905942589928,2,1,0,42.115604611763125,0,75.51471101043076,12.606859591272787,5,0,0,0,0.4879736652312861,geo mismatch=1.0 increased risk | known malicious indicator count=0.0 decreased risk | prior incident count=0.0 decreased risk
53.22828403105538,5,0,0,3.568502641819711,1,2.1701814438709075,32.64124485265647,2,0,0,0,0.431638289847711,prior incident count=0.0 decreased risk | known malicious indicator count=1.0 increased risk | geo mismatch=0.0 decreased risk
90.18943577191938,2,0,1,114.06654550282336,0,51.653112063571214,29.02690247403392,2,0,0,0,0.2440537596034906,known malicious indicator count=0.0 decreased risk | prior incident count=0.0 decreased risk | unusual time access=1.0 increased risk
85.21693308622956,2,0,0,0.9070443276074048,0,3.28544286230028,32.549398064032914,2,0,0,0,0.0347135591327038,known malicious indicator count=0.0 decreased risk | prior incident count=0.0 decreased risk | geo mismatch=0.0 decreased risk
70.98616663040445,1,0,0,32.80219318389614,0,19.37962037392656,26.67254414014451,5,0,0,0,0.0241767669488221,known malicious indicator count=0.0 decreased risk | prior incident count=0.0 decreased risk | geo mismatch=0.0 decreased risk
70.16436265519079,4,0,0,51.13010621027426,1,2.0165136618092125,21.896175604419646,2,1,1,1,0.6449849837337408,known malicious indicator count=1.0 increased risk | prior incident count=1.0 increased risk | geo mismatch=0.0 decreased risk
68.85218593996915,4,0,0,8.293030888111804,0,6.651781093259983,43.65103816140151,1,0,0,0,0.0436214235631697,known malicious indicator count=0.0 decreased risk | prior incident count=0.0 decreased risk | geo mismatch=0.0 decreased risk
59.82072748585003,2,0,0,14.215065559958834,0,10.347555960928148,28.57653165702998,4,0,0,0,0.0354874548557202,known malicious indicator count=0.0 decreased risk | prior incident count=0.0 decreased risk | geo mismatch=0.0 decreased risk
93.75358776923127,2,0,0,8.26524173681654,0,20.73109394220946,36.05844086676039,3,0,0,0,0.0299040945341528,known malicious indicator count=0.0 decreased risk | prior incident count=0.0 decreased risk | geo mismatch=0.0 decreased risk
82.6556373221257,0,0,1,71.96554492198636,0,11.26111015808948,23.144205463905774,4,0,0,0,0.0647462520698685,known malicious indicator count=0.0 decreased risk | prior incident count=0.0 decreased risk | unusual time access=1.0 increased risk
54.95687188818834,1,1,0,38.87868224397497,0,20.58444978658472,27.729221418813008,5,0,0,0,0.3114785404513926,geo mismatch=1.0 increased risk | known malicious indicator count=0.0 decreased risk | prior incident count=0.0 decreased risk
91.63969618499884,3,0,0,6.1379956819860855,2,12.034460224644809,24.319010552131232,2,0,0,1,0.774058422078656,known malicious indicator count=2.0 increased risk | prior incident count=0.0 decreased risk | geo mismatch=0.0 decreased risk
71.95966306941791,2,0,0,86.96146326756428,2,5.539510676950928,28.336186166030966,1,1,1,1,0.8676144519432922,known malicious indicator count=2.0 increased risk | geo mismatch=0.0 decreased risk | unusual time access=0.0 decreased risk
56.98680345263233,2,0,1,41.06956547627991,0,52.406499884747205,32.66076419294449,5,1,1,1,0.5864064580393115,known malicious indicator count=0.0 decreased risk | unusual time access=1.0 increased risk | days since last patch=52.4 increased risk
92.53410273655166,2,1,0,57.21891525973037,0,61.0807903025284,27.071508877025643,4,1,0,1,0.6777399897551578,geo mismatch=1.0 increased risk | known malicious indicator count=0.0 decreased risk | days since last patch=61.1 increased risk
69.28347921780097,3,0,0,14.5621670124782,0,10.274530004866325,28.151438186023068,4,1,0,0,0.0580667773642616,known malicious indicator count=0.0 decreased risk | geo mismatch=0.0 decreased risk | unusual time access=0.0 decreased risk
81.55957047279114,2,0,0,15.592558548974958,0,20.091250677112864,6.038841536229285,2,2,0,0,0.3073358628710662,prior incident count=2.0 increased risk | known malicious indicator count=0.0 decreased risk | protocol risk score=6.0 decreased risk
100.0,3,0,0,1.1295459219070592,0,9.98280211451912,44.34863713088971,3,0,0,0,0.0565204035429816,known malicious indicator count=0.0 decreased risk | prior incident count=0.0 decreased risk | geo mismatch=0.0 decreased risk
92.52100501544336,2,1,0,135.3114450898869,2,19.202092965088056,34.517859901580195,4,1,1,1,0.913284357522818,known malicious indicator count=2.0 increased risk | geo mismatch=1.0 increased risk | src ip reputation score=92.5 decreased risk
100.0,1,0,1,33.99085756472285,0,22.22760885377741,33.69527223565776,5,0,0,0,0.0828825009070406,known malicious indicator count=0.0 decreased risk | prior incident count=0.0 decreased risk | unusual time access=1.0 increased risk
85.49268106858673,1,0,1,179.17724153039276,1,23.17176000835997,59.52631558299286,4,0,1,1,0.7281893024328222,known malicious indicator count=1.0 increased risk | prior incident count=0.0 decreased risk | unusual time access=1.0 increased risk
83.36680977436161,7,1,0,7.503673546107632,0,2.077187848099002,10.677302577199647,1,1,0,0,0.4585831539504392,geo mismatch=1.0 increased risk | known malicious indicator count=0.0 decreased risk | src ip reputation score=83.4 decreased risk
78.73119608315335,2,1,1,51.72460629993388,0,9.765438214935376,13.362323533102394,3,1,1,1,0.7198093777151364,geo mismatch=1.0 increased risk | known malicious indicator count=0.0 decreased risk | protocol risk score=13.4 decreased risk
26.174922976694376,2,0,0,63.136239764014505,0,11.355788297646672,57.79348111838662,2,0,0,0,0.216713096969203,known malicious indicator count=0.0 decreased risk | prior incident count=0.0 decreased risk | src ip reputation score=26.2 increased risk
50.668242180293696,1,1,0,50.03925787169804,0,10.454952028311569,55.92171047496853,3,0,0,1,0.6190652806292922,geo mismatch=1.0 increased risk | known malicious indicator count=0.0 decreased risk | prior incident count=0.0 decreased risk
33.97884531694522,0,0,0,40.226536835355525,0,0.9876050800919866,41.16310086873463,3,0,0,0,0.0781807315948254,known malicious indicator count=0.0 decreased risk | prior incident count=0.0 decreased risk | geo mismatch=0.0 decreased risk
55.6233522478254,2,0,0,49.05455615565192,0,33.204880219444604,16.309411295837194,4,0,0,0,0.0304598384302738,known malicious indicator count=0.0 decreased risk | prior incident count=0.0 decreased risk | geo mismatch=0.0 decreased risk
83.00900185072278,5,0,0,18.012825767829398,0,8.889351551327273,22.34693688064144,2,0,0,0,0.0325828386203173,known malicious indicator count=0.0 decreased risk | prior incident count=0.0 decreased risk | geo mismatch=0.0 decreased risk
100.0,3,0,1,15.482044925840462,0,23.364494856346507,25.760111913966643,3,1,0,0,0.3442766816154615,known malicious indicator count=0.0 decreased risk | unusual time access=1.0 increased risk | geo mismatch=0.0 decreased risk
46.36251749158397,1,0,0,58.65782834337286,0,18.34354455325235,6.571169494727094,5,0,0,0,0.0281685972923363,known malicious indicator count=0.0 decreased risk | prior incident count=0.0 decreased risk | geo mismatch=0.0 decreased risk
99.31297537843108,3,0,0,12.110386217410984,0,22.458437529516942,21.81810367066453,2,1,0,0,0.0355362905346671,known malicious indicator count=0.0 decreased risk | geo mismatch=0.0 decreased risk | src ip reputation score=99.3 decreased risk
100.0,0,0,0,67.23421159464002,0,46.07461140410136,10.008857358616972,5,0,0,0,0.0348535036438089,known malicious indicator count=0.0 decreased risk | prior incident count=0.0 decreased risk | geo mismatch=0.0 decreased risk
34.27249069290627,1,0,1,0.7705223702214646,1,17.84095564611999,36.52049331334332,4,0,0,1,0.5633353656788995,prior incident count=0.0 decreased risk | known malicious indicator count=1.0 increased risk | unusual time access=1.0 increased risk
78.16105693673512,1,0,0,125.33884351616597,1,4.8698876953882895,43.01085942990319,3,0,0,0,0.2393069179142179,prior incident count=0.0 decreased risk | known malicious indicator count=1.0 increased risk | geo mismatch=0.0 decreased risk
87.75310851747672,2,0,0,3.276900871653457,0,18.57958182525075,21.29357017425601,3,0,0,0,0.0186947450218942,known malicious indicator count=0.0 decreased risk | prior incident count=0.0 decreased risk | geo mismatch=0.0 decreased risk
68.01648272441234,0,1,0,23.25719582624926,1,22.792406449160275,21.04341290090577,1,1,1,1,0.8694122426428004,geo mismatch=1.0 increased risk | known malicious indicator count=1.0 increased risk | protocol risk score=21.0 decreased risk
100.0,1,1,0,26.449185702213327,1,13.6977428739552,40.59178528588344,1,1,1,1,0.7497086403615418,geo mismatch=1.0 increased risk | known malicious indicator count=1.0 increased risk | src ip reputation score=100.0 decreased risk
73.89214910474486,5,0,0,12.478844583316178,0,32.16748870527537,11.66361331364465,5,0,0,0,0.0478197451633451,known malicious indicator count=0.0 decreased risk | prior incident count=0.0 decreased risk | geo mismatch=0.0 decreased risk
81.53113926111533,3,0,1,43.079669474052366,0,67.29070752009673,35.84807754422525,1,0,0,0,0.1807868652645685,known malicious indicator count=0.0 decreased risk | prior incident count=0.0 decreased risk | unusual time access=1.0 increased risk
53.35877390300287,2,1,0,111.07001677336366,0,52.13884493627,37.618273521938015,2,1,1,1,0.8748089868263895,geo mismatch=1.0 increased risk | known malicious indicator count=0.0 decreased risk | days since last patch=52.1 increased risk
37.85033530877545,4,0,0,2.7142164586765345,1,1.0603458582025,30.86651226889856,3,0,0,0,0.4832760325287419,known malicious indicator count=1.0 increased risk | prior incident count=0.0 decreased risk | src ip reputation score=37.9 increased risk
71.35711021054807,6,0,0,65.49649060421481,0,22.26444520063097,13.786667259626045,3,1,0,0,0.1064567705406148,known malicious indicator count=0.0 decreased risk | geo mismatch=0.0 decreased risk | protocol risk score=13.8 decreased risk
97.13166771655963,2,0,0,94.52113815055934,0,21.30047748353608,29.842160045162696,4,0,0,0,0.0260545969251293,known malicious indicator count=0.0 decreased risk | prior incident count=0.0 decreased risk | geo mismatch=0.0 decreased risk
78.29545781577582,3,1,0,32.861283061181325,0,4.1756161116461845,15.624304482897736,2,1,0,1,0.6923066446089821,geo mismatch=1.0 increased risk | known malicious indicator count=0.0 decreased risk | protocol risk score=15.6 decreased risk
37.68226425179054,3,0,0,44.12261196526863,0,20.69436744480572,20.90123028357,2,1,0,0,0.1463635168583645,known malicious indicator count=0.0 decreased risk | geo mismatch=0.0 decreased risk | src ip reputation score=37.7 increased risk
39.93839396480364,0,0,0,34.34385973417921,0,3.225618947124888,21.95464680602592,3,0,0,0,0.0423857286460778,known malicious indicator count=0.0 decreased risk | prior incident count=0.0 decreased risk | geo mismatch=0.0 decreased risk
56.85254892010551,3,0,0,84.48406493312807,0,32.5928879790289,24.63920929111605,5,0,0,0,0.0452093874218127,known malicious indicator count=0.0 decreased risk | prior incident count=0.0 decreased risk | geo mismatch=0.0 decreased risk
93.89525723753876,2,1,0,25.5515316281485,0,5.792186627332948,18.756418501589835,2,0,0,0,0.2517006394227356,geo mismatch=1.0 increased risk | known malicious indicator count=0.0 decreased risk | prior incident count=0.0 decreased risk
76.75915056464237,6,0,0,39.49158677387173,0,14.192096143571668,14.76131304451012,4,0,0,0,0.0342097424453082,known malicious indicator count=0.0 decreased risk | prior incident count=0.0 decreased risk | geo mismatch=0.0 decreased risk
52.98929442505912,2,0,0,100.84574738522802,0,1.2157797162165105,29.264245057568548,4,0,0,0,0.0505628895723335,known malicious indicator count=0.0 decreased risk | prior incident count=0.0 decreased risk | geo mismatch=0.0 decreased risk
60.06135949764044,2,0,0,23.70428183440046,0,12.67389617556756,17.14700664820368,1,1,0,0,0.071961015674845,known malicious indicator count=0.0 decreased risk | geo mismatch=0.0 decreased risk | protocol risk score=17.1 decreased risk
80.01688949888914,3,0,0,39.15405985821817,0,40.36263829611882,37.42012797317857,1,0,0,0,0.0273163515584193,known malicious indicator count=0.0 decreased risk | prior incident count=0.0 decreased risk | geo mismatch=0.0 decreased risk
52.76593859487484,2,0,0,10.747522775196355,0,5.280719465323756,32.852017175465576,4,1,0,0,0.1130559630393812,known malicious indicator count=0.0 decreased risk | geo mismatch=0.0 decreased risk | unusual time access=0.0 decreased risk
81.03771943644308,2,0,0,23.57589690840772,1,2.109008058472867,3.767203764002229,2,0,0,0,0.1171297547296929,prior incident count=0.0 decreased risk | known malicious indicator count=1.0 increased risk | protocol risk score=3.8 decreased risk
63.88761777863374,0,0,0,36.59225424713743,0,1.7483858947650264,12.260533870334733,1,0,0,0,0.0198752062853257,known malicious indicator count=0.0 decreased risk | prior incident count=0.0 decreased risk | geo mismatch=0.0 decreased risk
65.02071703041852,4,0,0,106.56717860810518,0,0.9867964247558824,19.948364102698577,2,0,0,0,0.0624903712149729,known malicious indicator count=0.0 decreased risk | prior incident count=0.0 decreased risk | geo mismatch=0.0 decreased risk
57.92038748061541,1,0,0,30.76843532669003,0,19.60941304697461,46.49103204596143,2,1,0,0,0.0999296813507592,known malicious indicator count=0.0 decreased risk | geo mismatch=0.0 decreased risk | unusual time access=0.0 decreased risk
53.92650864060538,3,0,0,14.06422431688338,0,13.806326082869456,20.93844292009691,3,0,0,0,0.0268728212458136,known malicious indicator count=0.0 decreased risk | prior incident count=0.0 decreased risk | geo mismatch=0.0 decreased risk
51.49150747880825,4,1,0,11.98412650050346,1,0.7976408102111278,32.16764484393895,5,0,1,1,0.9340090420059376,geo mismatch=1.0 increased risk | known malicious indicator count=1.0 increased risk | prior incident count=0.0 decreased risk
96.34788131268652,4,0,0,103.14979510347322,0,40.16591571645946,14.5485923568934,5,0,0,0,0.033811859875043,known malicious indicator count=0.0 decreased risk | prior incident count=0.0 decreased risk | geo mismatch=0.0 decreased risk
74.29426366341053,3,0,0,26.59036427517033,0,24.50731763469064,41.39762386537653,3,0,0,0,0.0334926498605565,known malicious indicator count=0.0 decreased risk | prior incident count=0.0 decreased risk | geo mismatch=0.0 decreased risk
99.85377137919043,3,0,1,14.442669849493376,0,3.835171503940314,0.0,4,1,0,0,0.1467159610698928,known malicious indicator count=0.0 decreased risk | unusual time access=1.0 increased risk | protocol risk score=0.0 decreased risk
67.35726822196905,2,0,1,21.88090986856687,0,9.114486792693448,16.693492685096825,3,1,0,0,0.1779748896575009,known malicious indicator count=0.0 decreased risk | unusual time access=1.0 increased risk | geo mismatch=0.0 decreased risk
83.08731312708116,2,0,1,69.11106004432698,1,0.6565804037110088,20.373359509122608,2,0,0,0,0.4931710996590904,known malicious indicator count=1.0 increased risk | unusual time access=1.0 increased risk | prior incident count=0.0 decreased risk
72.93586023971099,1,0,0,21.51264056474428,0,6.947225317885488,41.81121382899758,5,0,0,0,0.0254740944034859,known malicious indicator count=0.0 decreased risk | prior incident count=0.0 decreased risk | geo mismatch=0.0 decreased risk
55.831864661790746,3,0,0,2.19568181155672,0,1.4993857811311413,32.85073098591113,5,1,0,0,0.1066155472416428,known malicious indicator count=0.0 decreased risk | geo mismatch=0.0 decreased risk | days since last patch=1.5 decreased risk
70.60062958328164,7,0,0,6.616028236505682,0,8.70717466269791,30.652333405280046,2,0,0,0,0.0647824831715685,known malicious indicator count=0.0 decreased risk | prior incident count=0.0 decreased risk | geo mismatch=0.0 decreased risk
86.96348425333336,3,0,0,26.59524134717551,0,2.2274914064288414,43.77949666302018,5,1,0,0,0.0738531250972094,known malicious indicator count=0.0 decreased risk | geo mismatch=0.0 decreased risk | src ip reputation score=87.0 decreased risk
95.06265649536488,2,0,1,27.379367127482578,0,0.3111577358234083,8.600583480835187,4,0,0,0,0.0506334377266218,known malicious indicator count=0.0 decreased risk | prior incident count=0.0 decreased risk | unusual time access=1.0 increased risk
70.4780608656991,1,0,0,17.835162491382075,0,13.953394013687197,34.458617118661245,1,0,0,0,0.0297777952199906,known malicious indicator count=0.0 decreased risk | prior incident count=0.0 decreased risk | geo mismatch=0.0 decreased risk
75.86144946597362,2,0,0,17.804449291805238,0,2.6000698732957788,28.27368575588351,1,0,0,0,0.0273913069681703,known malicious indicator count=0.0 decreased risk | prior incident count=0.0 decreased risk | geo mismatch=0.0 decreased risk
95.11512251147042,2,0,0,13.173002454549776,0,21.06042346880408,29.201202288765504,1,0,0,0,0.0256046381614053,known malicious indicator count=0.0 decreased risk | prior incident count=0.0 decreased risk | geo mismatch=0.0 decreased risk
