src_ip_reputation_score,login_attempts_last_hour,geo_mismatch,unusual_time_access,data_transfer_mb,known_malicious_indicator_count,days_since_last_patch,protocol_risk_score,user_privilege_level,prior_incident_count,label
79.93428306022466,1,0,0,35.10800262027327,0,13.621178176956713,24.532082830323834,5,1,0
67.2347139765763,1,0,0,29.635624660046844,0,0.6077298740163385,44.36391096772749,2,0,0
82.95377076201385,2,1,0,85.19432810322074,1,6.67079584719264,28.95062599859248,5,0,1
100.0,2,0,0,2.5071785315558848,0,18.688836467335204,7.300131301907221,5,0,0
65.31693250553329,3,0,0,4.521204142315904,1,8.759270409385824,31.469628255961364,3,1,0
65.3172608610164,0,0,0,1.0963758645276238,0,24.600324068307803,23.212112160641993,3,2,1
100.0,1,0,0,58.23486489131218,0,9.926010408965881,38.56463687018273,2,0,0
85.34869458305818,4,0,0,37.28692238213648,1,77.51143823050089,8.06340102376841,2,1,0
60.610512281300956,2,0,0,104.38260818600249,0,67.25278028987398,48.16765453049172,5,0,0
80.8512008717193,1,0,0,34.51086414251884,1,32.17283603474578,36.705124045367256,3,0,0
60.73164614375075,2,0,0,12.539843503705676,0,61.75279731727226,26.86749710233056,2,0,0
60.68540492859486,1,0,0,81.7755882829203,1,4.582685237265668,6.842321966287056,2,1,0
74.83924543132068,3,0,1,17.42994318875594,0,27.799877180333286,8.085943040695408,2,0,0
31.73439510684404,3,0,0,137.2018375688698,1,7.762092541427544,40.280657081719355,3,1,0
35.501643349739346,6,0,0,14.412370801566935,1,25.841100102887037,42.04787872054359,2,2,1
58.754249415180546,1,1,0,9.17935703759674,0,9.364694665564231,45.62387877641859,5,0,0
49.74337759331152,3,0,0,33.9941758086023,0,6.833493389596256,55.00905327496842,2,0,0
70.16436265519079,1,0,0,2.5917835444729214,0,63.783959633886944,41.237256357870635,4,0,0
51.83951848957578,4,0,0,1.854558992083231,0,4.711546671968377,36.11244046199178,1,0,0
41.75392597329417,2,0,1,34.260393548053045,0,28.42339763746424,65.82689352239801,5,2,1
99.31297537843108,3,0,0,12.110386217410984,0,22.458437529516942,21.818103670664538,2,1,0
65.4844739902693,1,0,0,0.46983244712120237,0,7.233107709988225,28.48966355294233,4,0,0
71.35056409375848,2,0,0,17.552888309671253,1,12.262447029870312,6.8810081315325995,3,0,0
41.505036275730866,2,0,0,32.443822956303556,0,3.085019268677503,39.36722192393809,5,1,0
59.11234550949635,2,0,0,25.067590573998327,0,50.81902961204203,26.948218771189936,5,1,0
72.21845179419732,1,0,1,7.278432741501346,0,68.91540398931312,20.697601618276565,2,0,0
46.980128451553945,4,0,0,43.33633239051619,0,26.369950462686965,21.00898610217503,3,1,0
77.51396036691344,1,0,0,61.95116305385249,0,37.86526115902395,18.075195574356243,2,0,0
57.9872262016239,1,0,0,56.279521737680994,1,1.724613944380334,27.465985369163842,4,1,0
64.16612500413447,2,0,1,25.024125044809537,0,9.689147437405511,8.372543967817581,1,0,0
57.96586775541206,2,0,1,7.401580795480984,1,8.033778384314662,9.723640139575952,3,1,0
100.0,5,0,0,34.60606269920377,0,16.645958213744613,13.392646247375659,1,0,0
69.73005550524132,0,0,0,110.56038406384316,0,4.051023118216645,20.69839000326332,4,0,0
48.84578142088199,0,0,0,31.623572608707352,0,16.573901041190865,23.040487571931997,5,0,0
86.45089824206377,2,0,1,34.54584670920994,0,21.247460634558774,0.0,4,0,0
45.58312700057955,1,0,0,4.883579958237844,0,13.621178176956713,22.27263446325037,1,2,0
74.1772719000951,4,0,0,144.05472058220977,0,2.8248370419362274,17.38112846882286,3,1,0
30.806597522404488,4,0,1,67.93579025865532,0,0.7213203974353963,41.74147034881104,2,1,1
43.436279022031385,2,0,0,18.768645662177537,0,28.616836533967017,16.5002211093042,1,0,0
73.93722471738246,1,0,0,17.50287340513497,0,8.039679590628927,45.05962500676186,3,1,0
84.76933159990821,1,0,0,112.79389613401476,0,5.108698407792318,56.128245225385285,1,2,0
73.4273656237994,4,0,0,9.774488001944867,0,30.11006380881367,47.502266398881055,5,0,0
67.68703435223519,1,0,0,38.28990347100846,0,3.0923151946256437,15.273828516970568,5,1,0
63.977926088214225,8,0,0,62.50158325152403,0,11.14379461228153,37.79176624455279,2,0,0
40.42956019265145,0,0,0,25.241378403195903,1,13.621178176956713,15.531918165422411,5,0,0
55.60311583210583,1,0,0,2.0360136588215183,0,17.058447789473753,17.617393025608358,4,0,0
60.78722458080425,3,0,0,12.922918014388717,1,16.148732973880303,18.624331714343334,2,2,1
91.1424445243783,1,0,1,34.54584670920994,0,3.426763765629384,32.042117207372605,1,0,0
76.87236579136923,3,0,0,37.02441127864844,0,3.9917811821280496,16.89100204287254,4,0,0
34.73919689274532,2,0,0,84.48937094877166,0,17.47223136687454,30.580132492483074,3,0,0
76.4816793878959,2,0,0,40.56113651366417,0,0.47698002276547713,48.937034778919234,1,1,0
62.29835439167367,1,0,0,143.76616395940317,1,40.66918081492267,13.47308147859373,5,0,0
56.461559993880826,2,0,1,119.9185108345832,1,8.630149744182795,5.8774841060876035,1,0,0
82.23352577681736,0,0,0,32.97479373732959,0,10.778200387183105,20.397921175585005,5,0,0
90.61999044991902,1,0,0,19.156374935407033,0,5.979777339850905,51.41981880447657,4,0,0
88.62560238232398,0,0,1,46.023571358950036,1,41.858010052578805,40.32858401697575,4,1,0
53.21564953554723,5,0,0,56.17922807466954,0,20.572626187540788,17.18181566032212,4,0,0
63.81575248297571,4,0,0,34.49313823823313,1,13.621178176956713,14.318175499392641,2,1,0
76.62526862807128,3,1,1,86.3782062814533,0,17.60442243295721,34.854922332398964,5,0,1
89.51090254244718,1,0,0,10.125918621842489,0,9.57264202471279,31.46406280339716,1,0,0
60.4165152430942,2,0,0,20.354208200407644,0,12.531557393115193,39.3416169445392,1,0,0
66.28682046672365,1,0,0,57.978080114839756,1,8.851884637732251,12.671355129456039,1,1,1
47.873300519879436,4,0,1,14.163515290250075,0,10.575542312589798,28.742835691707565,2,0,0
46.07586751838659,1,0,0,28.97706460204674,0,7.566043979683343,43.43956770707694,2,0,0
86.25051644788397,0,0,0,165.84310572702674,0,1.6164168870312103,46.9294586789575,5,0,0
97.12480057141646,3,0,1,49.15839563549726,0,0.7612302914667302,11.418419691142766,2,1,0
68.55979756839332,1,0,0,148.85262621573438,0,3.8257818064632643,28.71981543663201,4,0,0
90.07065795784048,3,0,0,64.0861604311039,2,5.797362370973924,25.710410971178185,1,0,1
77.23272050095268,0,0,0,64.48865841115935,0,44.23147563646758,17.447936391231195,4,0,0
57.09760490789751,2,0,0,44.80690506757306,0,18.896307089217366,18.96817417706153,2,1,0
77.22791211016828,2,1,0,7.669716327585324,0,63.54372555512655,38.50531109686372,1,0,1
100.0,1,0,1,36.66870624187419,0,8.29961053491482,18.51046504722554,3,0,0
69.28347921780097,3,0,0,14.5621670124782,0,10.274530004866325,28.151438186023068,4,1,0
100.0,3,0,0,331.22493741351593,0,25.441694678398807,37.30091829064541,3,1,0
17.60509791820511,1,0,0,15.527882748995781,0,17.250358966856083,56.28663248338269,5,0,0
86.43805008750448,1,0,0,13.112793342130447,1,15.010445173581068,34.49044259124881,4,0,0
71.74094136476343,3,0,0,48.892771310929106,0,17.13988296262078,40.812038287505004,1,0,0
64.01985299068265,1,0,0,35.764405927149376,0,17.547906830558723,33.9442613909101,1,0,0
71.83521553071004,0,1,0,1.0792092423714832,0,29.026509603397894,26.91608798850249,3,0,0
30.248621707982146,1,0,1,6.936281768407036,1,22.057348216369114,26.648358743955185,1,0,0
65.60656224324975,3,0,0,83.31177475870673,1,63.07780214447733,28.25562426174984,4,2,1
77.14225143023492,4,0,0,34.54584670920994,0,59.11601243909813,0.0,2,0,0
70.16436265519079,2,1,0,7.89209506521403,0,10.960958823036345,25.0945869640835,2,0,0
59.63459563452705,0,0,0,31.29710116878851,1,13.621178176956713,36.57428256905863,1,2,1
53.830127942136244,2,0,1,14.594484475669939,1,0.22273128381458784,18.945475118151027,5,0,1
59.96485912830927,1,0,0,12.653821484782624,0,2.6293768203817978,51.79213144047853,4,0,0
88.30804235404148,3,0,0,158.17829617144565,0,1.557012550214509,31.877930124566298,5,0,0
76.57502219319369,2,0,0,22.47277198635015,0,13.621178176956713,28.032354942505986,3,0,0
59.404795924659226,2,0,0,2.377180067887668,0,1.0864755044330368,42.5379570521821,1,1,0
80.26534866226712,2,0,0,34.54584670920994,1,19.6120008462964,38.461091133997456,3,2,1
71.9415509869608,0,0,0,79.19815218993749,0,4.2187229654595235,46.99229974041381,5,0,0
89.37289981065778,3,0,0,14.679193127835235,0,14.429505933195784,49.91397698102119,4,0,0
55.95893812245295,2,0,0,34.54584670920994,0,2.175744996073031,51.979589430150014,5,0,0
63.44675706804463,0,0,0,99.13010825561076,0,35.173736856402165,36.8528521903321,2,0,0
62.15783693735685,2,0,0,22.112693549775344,0,30.278812111266014,14.445645288806187,5,1,0
40.72970103735763,2,0,0,41.89755545132378,1,9.77108370932052,26.425015864786157,5,2,1
75.92240554129152,2,0,0,38.270505679240685,1,48.29120038665796,54.58496943517787,5,0,1
75.22110544359779,2,0,0,25.64927678726826,0,4.108544481128678,33.890842100960754,5,1,0
70.10226913284922,3,0,0,51.013429887992956,0,33.63336737204853,23.487303539328295,4,1,0
65.30825733249706,1,0,0,32.05532831795024,1,15.786794102891314,21.82660169441469,1,0,0
41.69258515899172,2,0,0,1.0729549998658674,0,7.997019983965167,13.838250744548176,4,0,0
61.58709354469282,2,0,0,84.20352239718561,0,1.7626605142510363,43.79003230875658,3,1,0
63.14570966946461,3,0,1,6.0042970453128275,0,3.75820995114049,23.22461009514688,2,1,0
53.95445461556762,2,0,1,31.189445675098277,1,39.73543950174776,15.257970910785522,1,0,0
66.77428576667981,4,0,0,43.36321917605078,0,18.673116482261175,16.9517824297011,2,0,0
78.08101713629077,2,0,0,61.124841681710066,0,13.621178176956713,0.0,2,0,0
100.0,1,1,0,26.449185702213327,1,13.6977428739552,40.59178528588344,1,1,1
73.49155625663678,1,0,0,66.50486801467954,0,2.282121151736493,26.43917964230673,1,0,0
75.15100781445528,0,0,0,7.040754708561918,0,2.081504432679076,11.569564521530712,3,0,0
68.51108168467665,2,0,0,52.98576624254646,0,47.66823668021473,50.80726383709552,4,1,0
31.62457569401917,4,0,0,87.5324869500669,2,12.244483274536844,30.697702562936556,1,0,1
69.46972249101566,1,0,1,34.54584670920994,0,13.621178176956713,0.0,3,0,0
71.20460419882053,0,0,1,43.3234473758559,0,59.54678009020982,40.82715563484932,5,1,1
100.0,2,0,0,18.763422414262816,0,10.183229471552664,14.838637932814354,1,1,0
66.15278070437755,0,0,0,8.917861957576864,0,8.196756933800668,38.93156188012654,4,0,0
76.03094684667225,0,0,0,21.198673261796618,0,6.376195596767823,37.5767458460886,5,0,0
69.30576460589513,3,0,0,38.82365402584719,0,13.621178176956713,32.060474890020764,5,1,0
46.626439247609355,2,0,0,10.928341026600329,0,16.347495408770325,11.224366634094626,5,0,0
92.85645629030041,3,0,0,152.36697106267272,0,0.32653469465825136,11.510548692477688,5,0,0
85.03866065373549,1,0,0,113.71709996719392,0,21.229932943869517,29.266484106253483,2,0,0
85.82063894086093,1,0,0,1.6756259299482066,2,31.052373074513433,15.879366139898096,4,0,1
51.81225090410522,2,0,0,41.27245768784681,0,19.140407864727738,48.28989254003752,3,1,0
98.05588621872198,4,0,1,77.86808391476472,0,40.787214475690746,28.477970371657392,1,0,0
41.962978744154384,3,0,0,14.07784083848815,1,6.4707827265125095,14.927047917968208,3,0,0
81.73714187600541,1,0,0,37.10597246670883,0,4.263354583262082,44.978357314743505,2,0,0
100.0,4,0,0,26.043114686769712,0,23.898813925927914,1.3389736036818967,5,1,0
50.18927349738623,1,0,0,10.941783691475322,0,4.178874509746676,28.0224903224192,1,2,0
58.67404540794456,3,0,1,47.69150287146339,0,1.9105114062396844,38.34256786340202,4,1,0
71.99302730175282,1,0,0,253.29822086557795,0,2.0321307141995333,14.565368887852019,1,0,0
59.93048691767601,1,0,0,22.729138041851723,1,29.254308775952627,23.513637578109226,1,0,0
38.98673137867735,2,0,0,40.19042026089699,0,0.5831660634030548,19.884039619961612,3,0,0
71.37125949612054,3,0,1,19.864035712503696,1,6.834507942292101,13.133230960801335,5,0,0
48.7539257254779,1,0,0,104.75766306347916,1,2.7665468668060846,31.146959900889783,4,0,0
79.47184861270364,3,0,0,99.97709313739243,1,28.122607758316175,42.76535224040679,1,2,1
51.61151531532394,2,0,0,9.847809403214738,1,14.00315738510959,60.05616024486002,2,0,1
100.0,2,0,0,115.10369830111506,0,4.600654910676952,41.42933117186166,2,0,0
54.334934153275256,2,0,0,8.214773038951028,0,27.75878615816806,25.9598761098653,5,1,0
63.55876967588649,0,0,0,5.0153298360278615,0,27.755229467111736,46.71975746379694,1,0,0
86.27034434739339,5,0,0,52.912104470618935,0,14.805725347045222,13.063044132721302,5,1,0
70.16436265519079,2,0,0,24.380209183236502,1,6.455128633472016,21.955652533278865,1,1,1
74.54919869208258,2,0,0,37.82997789086925,0,17.651177022842862,44.28943688873492,4,0,0
96.14285508564856,0,0,1,52.859716187669484,0,54.22012153428475,20.12921817948647,2,0,0
37.85033530877545,4,0,0,2.7142164586765345,1,1.0603458582025,30.866512268898557,3,0,0
73.69267717064608,1,0,0,17.332918959922246,1,6.21082314729888,19.48307005210557,5,1,0
75.19765588496847,1,0,0,30.893295228360408,0,6.708593076986143,26.76543691596819,4,0,0
85.6364574355462,5,0,0,15.502342830321508,0,19.98321375986211,28.961493160797286,2,1,0
45.26098578243836,0,0,0,2.5105563379276425,0,21.063090367323973,37.070041862968196,4,1,0
43.59086773831447,2,0,0,4.533260746514939,0,4.621382389998415,32.48556095972636,3,0,0
80.43883131233795,1,0,1,80.91078341142686,1,4.869491604192596,40.72487943048704,1,3,1
75.93969346466372,3,0,0,121.17369939937291,0,52.680949662947555,35.881818552589905,1,0,0
70.16436265519079,2,0,0,8.25749009167626,1,28.236249335068692,27.002096116974773,4,0,0
76.9289641899395,5,0,0,14.334924968686078,0,54.44390500506286,20.860697996900164,4,1,0
56.399505568430186,3,0,0,52.81348682037124,0,35.399527635320446,16.281207602685328,5,0,0
74.64507394322007,2,0,0,154.25197903689514,0,10.287236718137658,0.0,4,2,0
75.86144946597362,2,0,0,17.804449291805238,0,2.6000698732957788,28.27368575588351,1,0,0
55.71297163947264,1,0,0,96.62479536491762,0,19.86075569601171,12.85424737319979,4,0,0
100.0,0,0,1,35.26348252950046,2,8.67701579825441,16.857839515939805,2,0,0
79.47665841823576,1,0,0,156.81716375679372,0,11.082040007490384,25.491944834220366,2,1,0
46.173930055947025,3,0,0,7.324096640548541,0,11.098327881128396,22.183934976225963,1,0,0
83.1310721726766,1,1,1,181.85686961705093,1,55.140488468413096,38.21413032941899,4,1,1
50.50636659545357,1,0,0,29.078378684738055,1,1.426964703430353,27.50063905845188,4,4,1
85.74169207484904,0,0,1,152.8148846840471,0,4.291203915383012,54.4019746616328,4,0,0
93.17191158014808,2,0,0,30.68817761402417,0,18.726954252070588,62.91084803063728,2,1,0
53.58635363296579,3,0,0,37.75986764986172,0,43.04163241790255,25.40841605153747,1,0,0
89.26752258488644,4,0,0,81.68012947578599,1,50.00673817444385,17.29514454120384,5,0,0
78.25561853872996,2,1,0,64.11987593856189,0,16.36028668180636,3.5513997480133774,2,0,0
86.4412031998898,3,0,0,48.32703385505312,0,0.7034517095486291,57.41707110021109,1,1,0
100.0,3,0,0,26.97669141818537,1,9.01597763137252,19.14099552878734,1,0,0
65.09223767994258,2,0,0,78.61634794171194,0,50.225002360298916,21.895730894749516,5,0,0
54.925276712850206,3,0,1,148.0456127029618,0,13.860707175168415,19.50527425327855,3,0,0
52.209711407489536,0,0,0,0.49296704526680235,1,25.937358528080075,25.100020420145306,5,2,0
53.68379430069123,2,0,0,34.54584670920994,1,6.272129026049371,22.845835980601528,5,0,0
68.45796581171791,2,0,0,100.48865840504027,2,0.5064991414462365,42.40193497799814,1,0,1
76.82303949633288,4,0,1,52.937743337683926,0,17.272077025422814,0.0,3,2,0
75.53381598660039,2,0,0,80.67964106462257,0,36.03389374160266,27.185546065657135,3,1,0
86.54366498072048,2,0,1,112.71885198185755,0,92.64814929455932,40.769900727696424,4,0,0
70.26003783755814,2,0,0,69.50528391916305,0,37.497662381724645,19.64409406838991,5,0,0
99.07068154314634,2,0,0,63.11849360754278,0,16.148473730127407,38.82482742616013,5,0,0
64.70686333524088,1,0,0,167.2586599732071,0,18.767025154945593,31.342524176085714,3,1,0
100.0,2,0,0,99.63921926452245,0,34.7640752658056,19.23303350766947,3,1,0
82.51334695530012,3,0,0,84.4722040507611,0,0.40019118938667153,2.8169104468307964,3,0,0
70.16436265519079,1,0,0,4.518305918098839,1,60.58344340629726,36.09796476964648,1,0,1
48.582150038777755,3,1,0,13.658059507150192,1,15.152487227768646,34.77457258946488,1,0,1
79.64944830486371,3,1,1,40.68174626890695,0,60.752865754285764,18.890580331525545,1,1,1
65.53074429348298,1,0,0,61.81793129519452,0,28.9224301794353,41.398302366333965,5,0,0
84.28000988184183,1,1,1,18.06391137624234,0,3.304986687722322,22.724067022676607,3,1,1
79.4647524914709,4,0,0,34.54584670920994,0,3.6126951561432286,45.51650397692387,1,0,0
68.54342174686255,2,0,1,18.63289879866217,0,8.728158011242705,34.545025585512306,4,1,0
53.0641256386319,1,0,0,73.70803548315494,0,6.1301777168387215,52.19995677036718,3,1,0
39.70305550628271,1,0,0,104.94183257240842,0,11.571341261615888,35.44520893247174,3,0,0
61.06970095865958,0,0,0,122.03701414238017,1,18.521966937441494,30.420369698013282,3,0,0
87.12797588646944,2,0,0,23.810476636108568,0,11.47458074128754,1.731347761916993,1,1,0
74.28187488260409,3,0,0,23.303654187329286,0,1.16149493528329,30.805139832527654,2,0,0
45.08522442576024,2,0,0,34.54584670920994,0,74.28937379475232,26.411584747602962,4,0,0
73.46361851702363,1,0,0,23.5649809876539,2,11.071953361062167,54.227438572408346,4,1,1
77.70634759457674,1,0,0,54.860155227811326,0,38.086249689736576,33.2020155673627,2,2,0
52.32285127597734,4,0,0,22.183531283641035,0,1.536633702900392,41.73762813526655,4,0,0
73.07450211891056,1,0,0,1.0276862322858187,0,33.22145474659238,51.05832250864916,1,1,0
71.16417436892,1,0,0,28.903911295723905,1,3.8087997501470863,50.0928305410808,3,2,1
47.14059404338754,3,0,0,12.68993697861203,0,22.751529137647598,28.6949727526976,2,0,0
77.15574720696567,1,0,0,1.4615104076327177,0,21.682752848069462,61.93388491402415,3,1,0
81.21569052736469,1,0,0,31.82350065879615,1,48.11600673163406,22.408661390129918,4,1,0
91.66102486350553,3,0,0,11.53072945718692,0,7.733161888672704,49.95731173668707,5,1,0
70.16436265519079,2,0,0,30.14172928984867,0,2.3073137939592887,18.80143187897918,4,3,0
42.44661264085818,2,0,0,16.269196054845114,0,39.98538971044049,42.90044734447876,4,0,0
51.243499201697546,2,0,0,46.28030808888431,0,8.056697293873397,15.54295946781358,2,1,0
80.3007053441732,2,0,0,234.84994944793897,0,5.29321650648788,39.281039624990335,3,0,0
80.27571901824417,3,0,0,39.61876254247438,0,13.318759116198608,17.191081447948623,2,2,0
80.30095372612095,3,0,0,52.0496206257228,0,3.159659708383336,14.448818959958453,1,0,0
100.0,5,0,0,125.83581746018986,0,7.046925183745972,15.505350448751216,3,1,0
81.41781021386333,1,0,0,23.42027875873699,0,9.7317886174305,37.46968076512286,1,1,0
92.71131280361197,3,0,1,9.108985329893454,0,6.4939844441890235,37.41732511730969,1,1,0
89.08003526986406,1,0,0,16.619837440897335,0,11.966178632607125,37.352943899182776,2,0,0
83.02782502611596,0,0,0,25.7747370838038,0,9.711303197750906,33.31998639135023,4,0,0
63.69461510719309,2,0,0,51.78436485507865,0,29.796777743539447,22.739392529006178,5,0,0
85.17938440986535,3,0,0,0.22992933703118,1,50.12064715055337,19.17870242286951,4,1,1
54.54349570924856,1,0,0,95.99664996346388,0,2.1277367706704067,14.474223141708393,4,0,0
65.26362786519982,4,0,0,3.9572457473688822,0,34.66632587796239,13.575413844101217,3,0,0
60.29272904341793,1,0,0,115.45790686910944,0,53.69777257529721,48.19545142716278,2,0,0
71.63748278772646,0,0,1,149.22430863847086,1,23.206337924688434,14.117310015648098,3,2,1
100.0,2,0,1,230.77513976129316,0,112.64604055090737,16.0178984776207,5,1,0
32.65469614816504,0,0,0,82.90782736489608,0,8.160658031342376,15.027488897951272,2,1,0
83.72520380749027,4,0,0,7.6491404492073904,0,35.475633835037385,10.099507718155959,4,1,0
37.74568257620697,1,0,0,61.23719236754648,1,22.398915028129323,34.56978751524754,1,1,0
60.56136268421133,2,0,0,34.54584670920994,0,7.814351407776416,21.961251245829246,4,0,0
91.77901193934733,1,1,0,113.71340918611455,0,24.39367714949276,27.543011484317667,4,1,0
71.28560038190926,1,0,0,19.034180509167495,0,14.251568570067851,28.251999883214744,2,1,0
48.445104441413875,1,0,1,19.785342042949086,0,4.189100630932295,34.32997065875793,4,0,0
55.693925814800636,2,0,1,124.84084232061112,0,3.8202970625287245,31.519083271845602,5,0,0
83.59195497869352,1,0,0,0.6659690613441591,0,24.99327479501102,47.756974475818154,4,0,0
55.39266736565727,2,1,0,10.78147708396747,1,24.891067554030023,19.98135470844779,1,2,1
74.3291717916395,3,0,0,27.403211564955637,0,15.133404816736984,21.118098824985513,2,1,0
70.91143679807628,4,0,0,60.319046294595765,0,13.919650618499604,28.666084140049957,5,2,0
56.96799304788366,2,1,0,34.54584670920994,0,3.9699564961878093,28.900723740781157,2,0,0
100.0,2,0,0,55.34410071430882,0,11.217345719801123,7.75603328344091,1,0,0
82.67838044636022,3,0,0,106.02235615700049,2,41.02058381557761,6.350208700246089,3,1,1
29.49714826684786,3,0,0,6.450249031820829,0,38.58285310291181,27.88835628227,5,0,0
73.72908629538856,2,0,0,36.92414401637128,0,21.630319450146956,50.78696568222925,1,0,0
70.16436265519079,3,0,1,64.63613715101475,0,118.71437616156274,52.27132916632079,3,0,0
87.04866669592448,1,0,0,50.546342847293744,0,44.73189253308877,13.241884737505146,1,0,0
54.14958523134599,4,0,0,29.73882262704549,0,3.138466952332133,23.542452365009716,3,1,0
67.70527117066202,0,0,0,0.8631366574747957,0,10.187746608575317,32.437832031466854,3,1,0
80.09974557960915,5,0,0,3.1178326583996148,0,2.82983089497048,34.55875633905087,2,0,0
87.31510388340243,2,1,1,6.331552845687051,0,12.550545502678737,15.39594028731051,4,0,0
45.994071858884475,1,0,0,21.020898817905646,0,29.956394564796188,55.537279324784805,4,0,0
63.30997528318103,1,0,1,6.25851946681804,1,3.3870494406125555,21.446102872534368,1,0,0
60.50109377678088,1,0,0,27.763464774689865,1,42.47573343986929,35.533387172389965,3,0,0
56.93341534852576,2,0,0,9.839809975912548,0,16.835614561014857,25.061050111052424,4,1,0
100.0,1,0,0,75.51724426912466,0,27.641621374082273,25.134724477420903,1,1,0
78.09963421921911,4,0,0,102.5865005645819,1,0.9241421170369404,41.35053853851982,1,1,1
44.782320913299095,3,0,0,24.685931645963528,0,1.9707470041515145,44.77468614210968,5,1,0
88.35723894109552,0,1,1,35.80357382206733,0,19.397057563091014,40.21113064507038,2,1,1
100.0,2,0,0,153.41110715043533,2,36.42688587416164,16.752421746873512,2,1,1
90.64930521102293,0,0,0,38.34052084947605,1,41.40806374292933,9.816143006729124,3,0,0
39.61260068091973,0,0,0,265.65344023329385,0,23.318730543410084,69.9047296092499,4,0,0
60.31531854267497,2,0,0,7.665193222534623,0,4.486352809427973,34.60459105061806,3,0,0
95.33822298373245,3,0,0,99.1071835128184,0,4.338799533223662,16.532055629941368,4,1,0
55.846610687624384,2,0,1,34.378438709357454,0,42.63369477021116,44.13324843784488,4,0,0
78.87638856292457,2,0,0,1.1488025378453197,1,2.403514090277265,16.41158915497111,4,0,0
85.49268106858673,1,0,1,179.17724153039276,1,23.171760008359975,59.52631558299286,4,0,1
51.46139056843834,0,0,0,167.68883594639047,0,15.250238382335377,23.884236852239933,4,2,1
68.809492878764,2,0,0,24.166265723424253,0,10.9435723878441,42.88329183176245,5,0,0
5.174653198618543,3,0,0,154.11035818127408,1,11.60832226738789,29.326655428038208,5,2,1
70.16436265519079,3,0,0,7.599879100922198,0,58.08398901072775,7.138217242296054,4,0,0
64.9486369721368,3,0,0,56.98892667189076,0,39.529498567590295,15.240832168328165,1,0,0
45.044336360703014,3,0,0,10.65526684039334,1,40.0472196176917,18.48659449404672,1,0,0
100.0,0,0,0,14.161084162032145,0,10.438348491131777,19.727697156645426,2,0,0
41.397172440787344,1,0,0,75.55603047405323,0,2.2629531095935076,32.81202482400677,4,0,0
61.19911026606032,2,0,0,23.68918500120276,0,122.74769292364286,0.0,1,0,0
72.61481154572182,1,0,0,34.54584670920994,0,3.1411032444044973,32.91410932201483,2,1,0
98.82546578132231,4,0,0,26.742121971301497,0,14.496155810594228,0.3633041433052355,1,0,0
41.282756976411214,0,0,1,12.943026327752708,1,6.147336063836919,35.36903697411115,2,0,0
93.26327504309918,1,1,0,57.49473919121827,0,14.297341648374871,17.991768881414867,3,1,0
70.20466122039174,4,0,0,10.811419358740503,0,7.274946288872187,32.019290572495585,1,0,0
50.36982697904098,1,0,0,34.54584670920994,1,45.438526388945505,9.990617172582642,4,1,0
79.24206948526542,2,1,0,15.536823875915276,1,69.05503254432763,20.560115356347268,4,1,1
73.9811939114694,4,0,0,24.963652150728503,0,10.554834032835597,0.0,5,0,0
57.99566245682411,2,0,0,17.693719229645357,0,1.4554925645554313,11.306837465818845,3,0,0
71.39604169980038,3,0,0,51.630462808242704,0,21.77340347452722,51.02147782876756,3,0,0
62.2937280627648,1,0,0,5.332708783004674,0,9.452158398927345,51.41754499471297,1,0,0
72.27034690502497,2,1,0,32.513903918786504,1,85.3292318324961,11.337214640118383,2,0,1
83.24261349042094,1,0,0,20.35743737281974,0,1.8724771623543304,24.921568076104172,5,0,0
100.0,3,0,0,107.76775671963439,0,2.5368236572729486,36.874888073406005,3,1,0
45.24369002346302,3,0,0,3.8123178821785175,0,24.041033962424137,31.207135288749686,3,1,0
100.0,1,0,0,88.50823565327283,0,28.430109385707212,21.361393842465752,4,0,0
30.958244009549965,3,0,0,9.17694346270521,0,12.73898204931716,6.643649392491,4,0,0
66.96429809928833,3,1,0,4.637444431786524,0,6.494242045771797,43.15542778053869,2,1,0
81.76634412969153,3,0,0,11.302567375630398,0,7.415768563223832,22.382431260454215,1,2,0
75.61983735470065,2,0,0,5.415631332180224,0,8.248977753145187,5.318004675135196,2,2,0
57.546009603588125,0,0,0,36.80105855362121,0,5.105123494671856,29.32213526951229,1,0,0
65.83755499285449,4,0,0,222.04618736676355,1,38.02825680668817,24.846401629108644,5,1,1
60.139981306823344,1,0,0,1.7465187913929396,1,1.3458265605572797,22.370445774096947,3,1,0
58.21270486111577,2,0,0,30.91389306631673,0,10.460589916038234,31.8984262626913,2,0,0
86.99204194042049,2,0,0,24.39374499582188,0,27.53505216286137,26.807238831810974,1,1,0
77.14030971930094,1,0,0,20.74596398260093,0,0.07665620577583698,46.81952983721045,5,0,0
56.14180809478692,2,0,0,20.163147514430545,0,42.080016015315884,16.301508581524658,2,0,0
87.99199750866501,6,0,1,112.6958213942959,1,24.503466606344347,18.437801768095937,3,0,0
76.14599041753219,0,0,0,0.9579253999066903,0,1.5241040047327223,41.57347573752732,5,0,0
86.2572423767792,4,0,0,74.56416670821966,0,45.075248871700175,67.42996311225599,4,1,0
82.59257683847224,2,0,0,14.580032255681033,0,13.361482763168038,65.08289802992891,3,1,0
53.420099781558555,1,0,0,24.16826588246897,0,21.124815537482977,40.97845601266184,4,2,0
58.79637919606061,2,0,0,27.249283963974623,0,42.74707058854495,24.7416857248127,5,1,0
84.94587210246523,4,0,0,18.172877126064733,0,42.599939167652906,21.989400407768017,5,0,0
82.2074053086693,1,0,0,34.54584670920994,0,10.510127833388964,24.1937543036787,4,0,0
69.58196812071704,2,0,0,6.0705908329251015,0,5.4280261266755065,3.881636019576426,1,0,0
72.34654766617564,2,0,1,17.700433942279968,0,5.9525349941423045,40.244155284244,5,0,0
95.5532979157685,5,0,1,86.24497835361541,0,29.043691278765188,49.82027733995807,2,1,1
58.168572223283405,1,0,0,7.229770273296923,0,53.023105390586444,27.97435513976933,2,1,0
80.94194762340075,0,0,0,67.86393738610592,1,1.4994429495152484,61.393562317488076,5,1,1
65.95614695132213,2,0,0,17.044982217174244,0,0.30267333024316173,70.89116830238746,4,1,0
65.6463759354556,1,0,0,107.4781532550668,0,34.6247745871822,43.276294041635786,4,0,0
91.9755370397438,0,0,0,27.959535512243423,1,9.774845425713094,19.944492018884453,3,0,0
86.5083269797606,1,0,0,9.42040088662316,0,6.471691665492249,17.126983083589305,4,0,0
86.27019272001277,1,0,0,212.88242567259493,0,4.1743089661292645,41.611041401736905,1,0,0
96.10957614308658,2,0,1,9.717754666036768,0,8.50766150185849,45.7991451229019,1,0,0
70.42007683265518,2,0,0,41.92250171526981,0,71.13464287239206,20.147273261632836,2,0,0
83.63905942589928,2,1,0,42.115604611763125,0,75.51471101043076,12.606859591272787,5,0,0
63.79466486813088,0,0,0,23.325562828453002,0,8.05478233671769,4.339232745325901,2,0,0
70.16436265519079,3,1,0,151.29781517612713,0,66.31330702634115,14.345363230230479,5,0,1
67.39713891264631,1,0,0,92.85477538665799,0,7.129597823244298,23.727007439316615,2,0,0
71.93991929985437,1,0,0,88.54479989959837,0,38.548985427495204,46.35709751967497,5,0,0
81.90314050873828,3,0,1,182.77597761886227,0,4.765250614109559,21.409152829984755,5,0,0
53.63558633533055,1,0,0,30.542366940065314,0,35.03012290785991,0.0,2,1,0
100.0,0,0,0,5.111923915721976,0,8.730770420388382,20.17162250215415,3,1,0
49.87965237000596,1,0,0,72.50558787914125,1,4.356243764972098,25.00276504440312,1,0,0
45.71622774424536,2,0,0,23.96736362826666,0,54.59975378348844,24.67390424475915,4,0,0
93.16221747000135,2,0,0,10.55736177327081,0,4.820660673726199,0.0,1,0,0
85.83325387925872,1,0,0,33.00954695541869,0,96.15852405147074,24.882771837892214,4,2,0
82.4823963410431,1,0,0,129.99496372606907,0,2.298654611502818,49.8005258630758,5,0,0
70.16436265519079,4,0,0,9.398293943489012,0,0.20142658794612092,23.007614164641687,2,0,0
69.7550645430617,3,1,0,94.42414138076629,2,40.926874718349794,19.878001747925005,2,1,1
52.05491257028337,0,0,0,27.08185133117586,1,17.667005906677065,18.417651024344956,4,0,0
71.51609116387452,1,0,1,7.355557982298376,1,10.950701660437606,32.29831670852417,2,0,0
56.456765769757766,3,0,0,94.31965421395344,1,1.7103718465549647,7.150211794973849,2,1,1
89.50239466835502,3,0,0,174.69910063342553,1,17.10826547490295,12.997597686974434,2,1,0
67.05885236995722,1,0,0,17.214082652935808,0,10.00845131530989,46.83141196201157,1,0,0
53.49005606414977,2,0,0,18.08697377004817,0,13.218321100953073,40.06597613839864,2,1,0
63.57228316694013,3,0,0,24.759588838937972,0,19.9062383888275,21.8636469026275,3,1,0
78.25862908551248,1,0,0,84.13548676004902,0,20.429336714657822,37.294909281134686,4,1,0
58.7255089439205,0,0,0,0.5235917759993022,1,64.67940415729244,16.205019754535677,1,2,1
53.555592088671375,2,0,0,12.677338516867545,2,21.287313910003817,16.018292283179292,1,0,0
74.87374422983825,3,0,0,61.191739557268306,0,8.292260667018335,15.713561425926486,5,0,0
74.89933142217446,2,0,0,26.013457902310407,0,7.998593968864341,6.453323507810715,5,0,0
59.8611364925774,3,0,0,20.045944613880852,0,12.96963223254355,28.579217371580604,2,1,0
60.57923388763354,0,0,0,102.89687652087505,0,6.003939830820995,59.852470863248485,1,0,0
74.64099874715272,2,1,0,124.64729600268387,0,9.446172975306547,0.03627038374557401,1,1,0
41.03831317005351,4,0,0,147.81232897382762,0,36.91748494369492,55.29009028394705,2,0,0
41.850724512468894,4,0,1,15.910537152109319,0,39.288229357850526,0.0,4,0,0
55.63111557495128,2,0,1,121.81303025108178,0,19.76607451903392,37.48626769637392,1,0,0
65.73105696576306,2,0,0,66.77351423808008,0,17.485753916877393,2.1421115183339765,5,0,0
76.2181513119601,1,1,0,8.374489570985576,1,11.140876077152548,37.66754511310088,2,1,1
99.50712433899105,1,1,0,47.11505799709146,0,20.206474908339157,17.806338208916735,1,1,0
87.15319246404039,0,0,0,1.3343895713138445,0,32.80344271459122,40.77218960407916,5,0,0
66.80122940073146,2,0,0,61.614868501541096,1,26.776543941937526,17.928772533931653,3,0,0
69.61967584194622,0,0,0,66.13172178878057,0,0.7220694620648569,37.398961347480004,1,0,0
49.94941270724382,1,0,0,77.87513699603174,0,26.27054564765971,26.75356916526443,2,0,0
69.6297372801522,3,1,0,9.468822453719547,2,25.45557580661289,48.1218871748833,5,1,1
64.22682722159723,0,0,1,49.47667673959674,0,2.0847903661751928,27.08659039492804,1,0,0
76.45437120676179,2,0,0,9.852881152177915,0,3.2561997803032963,33.101594263825795,5,0,0
53.45538112895354,1,0,0,146.54414321470932,0,31.01475092730596,30.83267789328383,2,0,0
80.38693028482345,2,0,0,56.198149887502424,0,16.373735434413025,43.09507678971139,1,0,0
100.0,0,1,0,5.0090226580013235,0,34.477791506483555,43.95883479837041,2,1,0
67.82479703086285,2,0,1,10.353190676186903,2,4.085065402220584,30.538370850551903,4,0,1
78.03423444197882,1,0,0,54.451927890904116,0,0.6218637290936655,3.95148398802106,1,0,0
83.80287983422225,3,0,0,32.37719934185515,0,3.5333535149953637,15.311497429865105,1,1,0
61.97559056228327,3,0,0,66.64671677473707,0,12.050415241321081,41.70935120263599,5,0,0
74.48184963620834,2,0,0,16.480011079673684,2,14.817054398567373,6.706918642370429,1,0,0
70.2518480156359,2,1,0,34.54584670920994,0,38.996513180761106,18.894751829663107,4,0,0
71.95352197097664,2,1,0,9.737534048565136,1,25.189747624980008,20.78443227846971,5,2,1
54.539804322890674,0,0,0,39.23136419373416,1,92.90035421141806,26.428168818323005,5,0,0
70.49020348517885,2,0,0,158.26626895383654,0,1.6398165603662096,24.286305946383166,3,0,0
79.95996582490899,2,0,0,34.54584670920994,0,2.7903241198345325,30.479564513067174,1,1,0
99.02287215590084,1,0,0,2.5643287997120803,0,1.7625438507825582,13.88041766414964,3,0,0
89.18541652170414,3,0,0,224.42333213481868,0,15.463646450294675,16.86894076526063,4,0,0
100.0,1,0,0,8.531488424190208,0,6.208393016058408,56.55614742065601,1,0,0
54.65304874223901,1,0,0,63.304664154882836,1,23.017043150767993,50.946858740058076,3,2,1
87.44641273441357,2,0,0,38.0210093500294,0,2.8471967140973393,37.610349895258686,3,1,0
73.66684011476704,1,0,0,17.43255306392463,1,13.621178176956713,39.138314532880074,5,2,1
100.0,1,0,0,9.758820501486287,0,12.329852245893928,33.834972978683226,3,0,0
53.83403429289697,0,0,0,9.782643110456178,2,9.428840569347727,28.93588346055366,3,0,0
53.20556315638448,3,0,0,97.73734231851265,0,35.34113217713251,16.68214649696323,1,0,0
58.01214709111956,2,0,0,103.14397824135494,0,36.34820204175551,51.45912652779123,1,3,1
27.52208551380386,2,1,0,31.288028606125547,0,2.498313276721889,57.740089784184335,5,1,1
59.48489956638478,4,0,1,5.469624040515155,0,33.460634115835326,21.409488042352518,1,0,0
54.81734676892604,1,0,0,107.77947053831285,0,16.609830143907914,46.164602744044274,4,1,0
73.00787572952416,3,0,0,33.37557855606556,1,14.005783434480021,23.124397728716378,5,2,0
76.83511951554318,2,0,0,28.88054872273366,0,1.9911781348899256,17.71241189581069,4,0,0
100.0,2,0,1,26.15815630585673,0,26.91309072261397,22.96604370807809,1,1,0
89.008476763721,1,0,0,22.70763006883413,0,1.22971772791102,23.846597347630656,1,1,0
58.46192688675194,3,0,1,37.32796786850862,0,6.5060663869517015,38.45587990755599,5,0,0
52.03170657303284,1,0,1,46.38543682141023,0,2.0059456599417507,22.74010996212874,3,0,0
79.83838343013011,2,0,0,31.408456886274006,0,15.133142637017238,42.23652292438608,2,0,0
43.59533585958715,1,0,0,113.48081114313509,1,20.725715045734333,18.454551829551978,2,0,0
100.0,3,0,0,19.11145060539568,1,44.30158695256989,28.51514718854373,1,0,0
93.58880241442574,3,0,0,43.17446176320879,1,26.47555172140651,12.419902568745584,4,2,1
60.616486957905906,1,0,0,17.830455890550635,0,64.93748234736339,9.848950787889937,5,0,0
35.73730941818245,2,0,0,69.9892523882566,1,28.621636896565153,34.909978968772116,3,0,0
97.07744748330825,0,0,0,5.386003712970349,0,7.0785203224612445,31.027951486739596,1,0,0
67.70920309494764,2,0,0,10.455807152108566,0,15.863099201353137,22.497406554983957,4,0,0
94.75632623946923,2,0,0,80.77315384863472,0,12.247558343501003,15.498129117843826,1,0,0
38.11144682411266,0,0,0,10.117903399377814,1,16.692773642531478,11.986546270255367,2,0,0
58.012499540924544,3,0,0,49.14107463616754,0,16.976816842675408,34.77515622850903,1,2,1
70.10487399436366,4,0,0,175.73530335746176,1,24.220021260115594,19.059293595187853,4,0,1
70.93961187529484,0,1,0,37.00047465692693,0,1.7339117657531116,53.92885356981875,2,1,1
60.99869057041513,3,1,0,10.375596112050667,0,27.46717803225719,32.14277973876572,1,0,0
82.45699864694997,1,0,0,19.33396206016656,0,3.1037086087172883,37.41762835865692,2,0,0
48.64759141234811,2,0,0,86.70984518212215,0,0.5311367343978708,50.662735999868815,5,0,0
67.15241029957413,3,0,1,21.667071863599897,0,14.633832993952057,17.10945967424715,4,0,0
72.40591263423798,2,0,0,34.54584670920994,1,17.42046676773584,36.26754642770889,4,0,0
80.28877668117498,0,0,0,75.10772648244127,0,0.7094571613217094,37.06590026788791,5,3,0
84.2322975617778,0,0,0,34.77578388632704,0,14.487437321233173,21.7822630833951,4,0,0
47.507158163242615,1,0,0,34.54584670920994,0,15.295880343927234,6.516279002283856,4,0,0
39.317716585287556,4,0,0,19.055920774002757,0,1.0784592157870994,0.0,1,0,0
95.55353643797018,1,0,1,36.30001376325657,0,24.86711704771384,15.944516910432244,3,0,0
76.64628023959183,0,0,0,58.0070893086145,0,4.721782237910253,46.288556676266666,1,0,0
55.03026926886893,2,0,1,9.200537972952102,0,31.642215837387518,17.81093541087705,5,0,0
100.0,0,0,1,15.98423467962871,1,7.445117684918582,43.96215115713824,5,0,0
72.31349268585717,3,0,0,52.78289934526808,0,12.997636677370233,18.120922801935016,3,1,0
93.58594368127653,3,1,0,53.26276163545124,0,44.48488516179407,30.233674453956077,1,1,0
71.35036962820217,2,0,0,33.99206947163789,0,32.81645269889087,37.50365290528616,1,0,0
100.0,4,1,0,79.38023916047077,1,30.452692512207943,45.02242373886041,1,0,1
100.0,0,0,0,32.894301538320896,0,3.4974084541550434,22.651122023894104,2,0,0
65.02071703041852,4,0,0,106.56717860810518,0,0.9867964247558823,19.948364102698577,2,0,0
89.43141901908712,1,0,0,66.5720225284869,1,18.615855129093525,0.0,1,0,0
82.90751899170294,2,0,0,18.894554243696586,0,10.57611410278951,23.123366019163242,2,0,0
97.37263115064698,1,0,0,25.14733789236276,0,47.95490649552701,79.3825409683751,1,1,0
70.16436265519079,1,0,0,55.08385187631995,0,8.603147268537379,26.29997150018126,5,1,0
70.16436265519079,4,0,1,112.42976581041115,1,10.571251654425481,8.24864837970825,1,0,0
91.16848973699176,0,0,0,9.843873053704765,0,14.930982059210859,27.300996812895086,2,0,0
34.82521027153771,0,0,0,36.14564470073088,0,31.832025272480816,40.67611745665084,3,0,0
46.3348297466845,3,0,0,6.32264926386871,0,6.247667847023153,20.587607155481507,5,1,0
29.21535644479799,1,0,0,16.38738122124067,0,56.88449842620319,13.263141449749785,4,0,0
64.61186331110885,2,0,1,57.915146476389424,0,15.527146202376263,67.68864170620927,3,1,0
84.35084511591924,1,0,0,4.046114128582821,1,36.77416151010738,35.579458900633156,3,1,0
100.0,2,0,0,54.28854199034332,0,14.914867876229682,52.97448350482402,4,0,0
71.4818956083955,3,0,0,115.53646886395444,2,29.567596144548833,23.995468570835328,5,2,1
100.0,3,0,0,174.28924296375916,0,1.0557988547600132,56.60095705060721,4,2,1
42.39797083570217,1,0,0,12.207648139456241,0,32.11016105745052,43.61142798524426,5,1,0
35.932351212896904,1,0,0,69.09479375446834,1,14.84504393781993,37.66762234065702,5,2,1
68.88904602206762,1,0,0,130.43544108393067,1,11.935499958936003,11.568843557169838,5,0,0
77.68130897878615,2,0,0,4.790827496120783,0,2.366881358878426,18.964266903492234,3,0,0
69.34610503811814,2,0,0,26.723788887046478,0,27.062030886340594,36.75084189538464,5,1,0
28.651157999202468,4,0,0,125.91889069430546,0,2.812009884825622,24.790765349841628,4,1,0
68.21759920974424,4,0,0,11.331700434887846,1,4.27173261029678,35.58810672281491,3,3,1
43.91060998990294,4,0,0,135.724054592125,0,2.7031858978517613,22.848269484968128,5,1,0
83.39345097660077,2,0,0,37.453302145597675,0,0.13194644530637897,36.32244987274511,2,0,0
77.33196492193696,2,0,0,5.262086276657944,0,21.68908654940089,20.17123747744288,2,1,0
51.2024042734529,0,0,0,29.880698259269217,0,6.317352789977297,36.75392971695109,5,0,0
59.72266165326613,2,1,0,19.74563867728475,1,3.2379226857537278,14.872318807461927,2,1,1
48.815729562220966,1,0,0,16.578504827019287,0,7.7124402948011985,24.858023806051783,1,1,0
68.74641805453656,2,1,0,38.987085927443964,0,13.82636474380674,26.77491356459457,3,0,0
89.10284641002477,2,0,0,33.042973293627135,0,13.999912388887743,16.472683254506265,1,1,0
50.285479073289125,1,0,0,32.88583201577189,0,9.151891092057708,20.373938166125424,3,0,0
80.08093031035689,5,0,0,4.613535394801079,1,13.661254838999579,34.20086460139354,4,1,0
59.39484763255118,1,0,0,81.05482578706031,0,11.149313045518795,40.61764841416583,2,0,0
54.142543354753116,3,0,0,32.83491096550708,0,34.59432145228128,33.76075139862214,2,3,0
67.85939280090885,2,0,0,85.99217574220629,0,0.6012262999169915,37.601398611207365,2,0,0
49.295153551612515,3,0,0,87.03278248150677,1,40.503633304131895,31.287077829250862,5,0,0
58.927013893056355,4,0,0,19.072928602776294,0,13.621178176956713,19.576561837024187,3,0,0
46.04244214822303,1,0,0,0.217788822163616,0,25.587021456765385,4.097125345161565,5,0,0
100.0,0,0,0,121.09415735576951,0,10.385209154761533,22.056779808767974,2,1,0
70.70527103943458,4,0,0,71.50075537453226,0,6.972235476974117,28.175676678511973,4,2,0
56.005489840148286,3,0,0,5.672544220764887,0,19.10829239029755,20.583069714607014,2,0,0
74.27959821468444,1,1,0,60.487310923219084,1,29.296746847046293,53.29287747512503,5,1,1
67.7534390061834,2,0,0,1.0113225569537916,0,11.954429352364018,34.14594296148657,2,1,0
65.58060800933553,4,0,0,1.4075817032280296,0,12.567942750849623,28.627195171530154,1,0,0
82.2833340008685,3,0,0,37.308755728035514,0,1.2131927499027197,38.20606115778227,1,1,0
85.1501542009461,1,1,0,5.048366173481904,0,51.53938107237014,60.33685207529973,5,2,1
59.38997704778945,0,0,0,166.6814076325578,0,37.532847975997676,25.77683470749795,1,1,0
58.4836351871064,4,0,0,112.13626248331299,1,10.149717058371337,15.536364754379406,3,1,0
64.49896605696712,1,0,0,52.464260754143275,0,28.959192603084727,34.82769368835564,3,0,0
23.9615767052883,1,0,0,3.291446112063819,1,7.516548772984683,12.760642743471255,5,0,0
39.69617875602896,3,0,0,19.63992776899822,0,26.217934756567924,15.699620296912645,1,0,0
97.3374853488905,3,0,0,23.238706181347986,0,13.621178176956713,51.360072472889506,3,0,0
100.0,2,0,0,32.78099462100219,0,12.352140086739059,49.43711808322578,1,2,0
65.01927920887243,0,1,0,9.250430625226011,0,1.1636657776601838,39.75362692710831,2,2,1
81.53113926111533,3,0,1,43.079669474052366,0,67.29070752009673,35.84807754422525,1,0,0
76.22500309087073,1,1,0,28.61472287508172,0,36.33034497388052,11.684884811626485,1,1,0
100.0,1,0,0,147.15411022329772,1,31.538259395689494,17.870287511093302,5,0,0
92.39149822869153,2,0,0,137.59636603309977,0,7.274457235417867,49.84538141060503,2,1,0
67.44164817038467,1,0,0,41.67496971964827,0,6.838265408570691,22.39616878671201,3,0,0
50.889191187991486,1,0,0,51.69031553868331,1,17.02847169767368,18.001157075130756,3,1,1
37.87107359484855,2,0,0,7.41319599588716,1,37.445061080027244,27.150906879418127,1,1,0
74.06927271734446,1,0,0,12.636551198673379,0,54.55334919921124,38.655575947477246,4,0,0
54.87298509431393,3,0,0,115.48824239395432,1,6.264894646017167,26.887490741035773,4,1,1
41.55492580804652,1,0,0,60.05982025387595,2,18.700033921318056,27.330214765639198,3,1,1
57.06854231514947,1,0,0,10.50089092417076,1,25.740046019295217,0.0,1,0,0
48.3690399277121,4,0,0,42.22296369131412,0,13.621178176956713,28.937812442534277,1,0,0
100.0,1,0,0,136.48508344699152,0,10.467029252041922,44.96123289676252,2,0,0
87.63279513898901,3,0,0,21.16906541275607,0,4.1521540431567505,28.971054281005728,5,1,0
69.84054717366766,1,0,0,10.27871342139618,0,24.006594153924222,61.04905296534815,4,1,0
99.59888277780053,0,0,0,142.387408610276,0,39.87043523193661,19.16528465402891,1,0,0
71.54736615295236,3,0,0,30.926607447682002,0,41.998494672982616,22.65722810816167,3,4,0
52.774315973434724,1,0,1,26.999163542605366,0,22.178639306278814,19.94209512431867,4,0,0
100.0,0,0,1,15.569184131535796,1,8.528230006418099,19.522974207181477,5,0,0
80.77820087369318,3,0,0,111.08957718539065,1,21.63748568920208,38.05386214081495,1,2,1
49.25507691347087,1,0,1,93.41586205662989,0,39.94127096343074,25.876397013645725,4,1,0
66.19322643832784,1,0,0,25.791104218668394,1,19.662281701648684,59.16513637211383,1,2,1
52.48763493230486,4,0,0,1.5545827376951724,1,10.65092776028343,33.70768225177555,5,0,0
42.34400538071328,2,0,0,29.58835757244385,1,50.46532125879495,16.92031853088219,2,0,0
88.52355095063282,3,0,0,9.974892411269673,0,36.06246707781109,15.110809492789391,4,0,0
100.0,2,0,0,7.700355265413378,0,42.815319007928395,55.00037422916829,5,0,0
42.02864852361718,1,1,0,24.969036020069872,1,46.70051721653721,33.310791496667974,2,0,1
81.25938473381142,0,0,0,5.216770803967143,0,10.01131235068752,49.57859518400852,2,0,0
56.98714861756346,2,0,0,157.87082102799985,0,39.27075314483007,31.042602168628417,5,0,0
60.25749232470608,0,0,0,2.4353154277879074,0,16.89567180115651,30.238157675278483,3,0,0
58.15212151522262,3,0,0,25.655547272834863,0,0.7781219029383746,50.096692820353525,5,0,0
52.72018460640368,1,0,0,8.878803842705228,0,13.621178176956713,35.59188895413709,1,0,0
70.97043255889653,0,0,0,58.36779337867347,0,12.72093473024074,35.42676880259095,3,0,0
53.38099767177924,1,0,0,4.104526985003918,0,6.435939398020309,23.920880367089985,2,0,0
75.40913651559677,1,0,0,39.571702478496704,1,70.38822973606447,43.07129480429725,4,0,0
68.99523781101726,4,0,0,74.16262384568397,0,1.1329067324063309,28.886055543544963,2,1,0
65.2210390626718,3,0,0,149.84648455758992,0,58.33006527484948,21.67395566294691,4,0,0
51.848726759168045,3,0,0,59.95383432306416,1,3.4696244145795334,62.28729866391545,4,0,1
58.46457338863335,1,0,0,5.239798065463719,0,9.463795730785261,25.505869524339154,5,0,0
85.10782451651512,2,0,1,4.6343115029510304,0,10.799431247680019,18.14455350891344,5,0,0
80.01834375248761,3,0,0,65.76348015942428,0,26.262403596781443,47.061433836988286,2,0,0
50.44889510402898,3,0,0,12.124563673742227,1,4.856958491535468,40.18087042560339,5,1,1
71.98664610858452,4,0,0,29.641505864684465,0,85.51998107872542,20.05673997362951,2,1,0
85.02774246743579,0,0,0,187.79607153035852,0,27.64699126265554,28.817231569269495,5,0,0
36.61189437757257,0,0,0,85.71403877260202,0,31.20844484024846,40.03387008035312,5,0,0
80.8672038475987,3,0,0,93.73315439293839,0,2.250584607938753,33.16953393148609,4,0,0
56.74752482108307,2,0,0,98.58136763919643,0,12.937184199996668,41.7899301311707,3,0,0
81.41197337186318,1,0,0,48.31941340506077,0,58.23126047372053,29.901226471068938,5,0,0
54.73481686914966,1,0,1,68.11598789475066,0,6.2960251582192415,42.271194796707064,5,0,0
33.90235798670962,1,0,0,22.233242415543383,0,3.142052599815069,25.366156683781373,2,1,0
37.44915124233675,3,0,0,323.35344187208824,0,13.28709226181973,20.31087395266062,4,1,0
70.96169893322764,1,0,0,16.398972012207913,0,53.29782285244059,45.79507884718659,4,0,0
75.19445003442964,0,0,0,44.58080881423314,0,13.341427551323894,34.3662607363118,3,1,0
51.91366749791183,1,0,0,16.56858082890456,0,10.378308594351793,40.30443159352116,3,0,0
82.77184917554747,5,0,0,5.943177554153172,0,21.01201636425476,48.36496398267605,3,0,0
36.7695987546208,1,1,0,41.91856940603783,0,55.2556191519406,21.411472467929844,5,1,1
68.67840402705367,0,0,0,21.797401685419096,2,1.0060325503830494,37.98566292428462,2,2,1
45.77967600475087,3,0,0,43.759750843744946,0,3.330433784936992,64.79988031878881,1,3,1
56.96327784395682,2,0,0,40.89907956631409,2,2.8486592585514794,27.59801571525628,2,0,1
70.94797342632828,1,0,0,39.07233980065197,0,1.7839039004166701,11.904117548239064,4,1,0
52.791732694320956,1,0,0,6.579585012036835,1,7.193763315517795,42.33062731371808,3,0,0
62.308889115403495,4,0,0,29.007067935383095,1,5.209356138736011,5.02824780591045,1,0,0
90.1258561842888,1,0,0,83.56671353103118,1,15.912072396400188,13.535316616696882,4,1,0
58.462162609537025,2,0,0,18.92729726056794,0,7.9288017794983725,30.093247940307364,3,0,0
86.71384224130284,2,0,0,29.334199130274087,1,10.390865629208184,29.568703320570187,1,0,0
47.40586290684764,1,0,0,34.044291980738045,0,56.89964126114511,32.82328588036442,2,1,0
80.59608355830565,4,0,0,99.29075259404397,1,3.383897192483259,63.10323684662755,4,0,0
98.83137241315801,1,0,0,53.29754181766736,0,9.835410836336024,31.269195916834416,5,0,0
20.56710999745421,0,1,0,5.279278984548126,0,5.943387781557493,21.33949634380525,1,0,0
54.062094890590465,2,0,1,100.18739324146657,0,15.933120781103323,20.382881437574213,1,0,0
81.5414425436108,0,0,0,89.20920439565165,0,26.661611458778385,23.158495996516802,2,0,0
65.93909227914014,3,0,0,70.04928371555404,1,33.96405725720056,11.79449812665726,2,0,0
77.42291746742617,0,0,0,31.373404723088562,0,14.484366330152206,38.40083301648733,4,1,0
57.92029626568359,5,0,0,70.84703672570625,0,38.60892942189473,34.52552927832105,5,0,0
71.731795749458,3,1,0,32.575513922059635,1,13.621178176956713,37.00146514411429,3,1,1
66.88645529215842,1,0,1,66.7085420953792,2,3.415862776510072,42.0102193105539,1,1,1
93.35564123319614,2,0,1,106.059099964801,0,5.632111675739715,39.28906451633351,1,0,0
75.08841686602426,2,0,0,110.6105287369864,0,22.27779971241338,9.277915529783385,4,1,0
76.75205324150404,2,0,0,30.309826237873814,0,73.61348001476267,25.781582801669906,3,1,0
61.76246067755065,1,0,0,98.0714348356366,0,9.43625571485777,26.399357712421253,3,0,0
60.24787551855013,4,0,0,5.34905699176527,1,5.222304753289876,50.65886635979891,3,0,1
61.34883624360758,1,1,0,5.369206839196614,0,40.6709298456017,51.9766592748461,4,1,1
77.88904284756593,4,1,0,39.73319320159497,0,4.453172366836306,23.609714608333828,1,2,1
61.58031038359474,0,0,0,52.75532000848292,1,23.907416423871783,15.130797095882764,2,1,0
75.79549713792827,2,0,0,8.302361802175362,0,13.621178176956713,32.37791911253483,1,0,0
70.16436265519079,2,0,0,31.95000236891385,0,0.3832591465701062,25.21933249592412,2,0,0
87.42249406863385,1,0,1,4.95581743406968,1,12.01379272924572,28.746607352269603,2,1,0
63.47952935664318,4,1,0,46.07766343228087,1,21.37369987588106,48.23402024224541,4,0,1
94.02427844327889,2,0,1,96.583513813883,2,3.0731532866253857,34.03312518352153,3,0,1
61.838492539568975,4,0,0,66.9016884802318,0,28.868510349109776,22.802237072301363,4,1,0
29.237509296442923,2,0,0,23.764201497105404,0,2.75621603724326,20.11745693675487,2,0,0
49.83827378165192,3,0,0,254.11029723701387,1,15.258856392357629,8.459540218222603,1,0,0
32.58416157948289,3,0,0,54.37397095350893,0,7.372035512807669,38.436081868537485,2,0,0
62.96973031917383,1,0,0,84.4371622632697,0,27.906966640556846,34.23277519084021,4,0,0
70.36836758379103,0,1,0,55.38730182549521,0,32.604729573773795,38.45251568680898,1,0,1
100.0,1,0,0,227.42196775553327,0,1.3675306484538166,29.748204666891453,3,1,0
76.53854747528325,2,0,0,86.11906841854974,0,4.278834597304934,14.156654826386891,4,0,0
65.61798942382272,2,0,0,36.63841335372308,0,44.63211769789726,30.835356813588234,5,0,0
86.58811162366979,4,0,1,22.854730542811918,0,10.743831295659067,47.09234325075272,2,0,0
25.7772938198423,1,0,0,57.30954494421875,0,12.95337809756212,30.873687478407494,3,0,0
74.71229116217131,3,0,0,44.60696313828879,1,3.679029888318917,54.640310988006604,3,2,1
85.41730387773933,4,0,1,49.62493262255756,0,105.54989930949888,33.78374844317763,1,0,0
40.42827508440317,4,0,0,21.004458488279678,0,51.29138613202503,59.51537303838714,4,1,1
92.87508086413858,1,0,0,27.994528084037064,1,0.04053446798635266,60.73499763224922,2,1,0
76.76992814988829,2,0,0,40.83319580028566,1,16.00283317072126,16.536132523125588,5,0,0
61.69424172198397,3,0,0,91.40563627302856,0,41.15632268657707,20.29940616839393,2,0,0
82.6556373221257,0,0,1,71.96554492198636,0,11.26111015808948,23.144205463905774,4,0,0
100.0,1,0,0,34.54584670920994,0,11.482915830677333,4.380776224026977,3,0,0
73.6373251011699,2,0,0,14.088595265340324,1,9.539667638162468,36.95946745564892,5,0,0
74.96441172600672,3,0,1,1.3509742858736922,0,0.585040690191202,36.54905938859926,1,1,0
60.81278200919512,2,0,0,0.3996211226294939,0,31.23995755260488,32.881646461584495,4,0,0
53.003112610704164,1,0,1,12.704336402920479,0,12.20500926803058,11.647380556272708,2,0,0
86.60671633088491,1,0,0,80.30242016811708,1,15.14584948565666,53.827345511581605,4,1,0
52.878323481822655,0,0,0,117.56128395909431,0,5.905822071740738,1.7936703918313661,1,1,0
71.43132474438785,2,0,0,24.859974621443513,0,30.66051192406747,10.155356247259512,2,1,0
60.44685106469767,2,0,1,41.41383208299025,1,31.57318415021415,43.29261769307024,5,0,1
79.57959651492784,1,0,0,61.21772229334048,0,16.100391130965168,34.73877900326772,2,1,0
76.67324210573896,2,0,1,152.81308794976113,0,13.621178176956713,20.78841279312354,2,0,0
90.75079888515799,3,0,0,122.05342909298639,1,2.4633452840526235,30.82470381417994,1,1,0
59.79967202290506,2,1,0,2.9446472189183024,0,30.894237987822137,31.937609756839656,2,1,0
64.60250129413258,2,0,0,14.261975776826565,0,16.35535719868201,47.66412329215548,4,0,0
50.42472568435385,3,0,0,2.519660976465071,0,5.253628638143006,11.755587275657824,3,0,0
61.114134798477764,2,0,0,47.926313982461096,0,2.838272111855773,34.37843095470308,1,0,0
77.54600986089704,2,0,1,61.97884478926391,0,7.162292175833306,46.181546356896305,1,1,0
85.13977233290704,1,0,0,18.428948134184143,0,38.80276530363088,15.029167282171805,1,0,0
51.556693516447496,4,0,0,96.15674217510005,0,30.98750187868715,29.226592907360196,4,1,0
87.3921184021132,5,0,1,30.148210706793794,0,20.720211791464962,29.115565190172752,4,0,0
97.11275717609902,1,1,0,321.3132406210934,0,1.8934018653094804,5.796376192223985,4,2,1
78.26869806447402,1,0,1,0.019988624384923884,1,61.94672584858131,34.382539900567394,4,1,1
100.0,4,0,0,5.798030961864523,0,7.289538360394881,35.27810973984953,2,0,0
54.52421601792854,2,0,0,17.96200032613276,0,18.67891249467781,52.444051512941755,1,1,0
45.10690593377166,4,0,0,1.2919278418149982,0,32.50137589358947,29.68015387818063,1,0,0
34.425595021914425,3,0,0,76.24092876962779,1,2.851000702472909,36.56635305640392,5,0,0
99.92088622978366,2,0,0,2.710761526584354,0,13.621178176956713,52.0830399289374,3,0,0
83.08731312708116,2,0,1,69.11106004432698,1,0.6565804037110088,20.373359509122608,2,0,0
68.8883065817909,0,0,0,2.700029832824562,1,2.147012369864057,12.286887692591598,3,0,0
75.59937252639641,2,0,0,14.566252646267763,0,25.685128862381127,31.83109190580648,2,0,0
47.490219054032465,0,0,1,92.02967865057772,2,3.3703176376321062,27.04152292527744,2,0,1
100.0,4,1,0,150.89408273869844,1,11.722003795016002,28.63790928539475,2,2,1
72.58442363950455,3,0,1,26.76670443454797,0,5.709225492392017,23.655008232368996,1,0,0
72.18789589209786,3,0,0,175.22627206219462,0,10.936985360452647,17.402367336213928,3,0,0
84.51533247797384,0,0,0,49.292883551554624,0,1.6072937297115621,44.013810031386356,3,1,0
79.62018463473427,4,1,0,26.87860056994279,0,28.12182416240026,29.693871419502404,4,0,0
74.47768048558262,2,1,0,81.17718260449772,0,1.6467990633238134,63.68209581472201,3,1,1
54.190510891093766,1,0,0,17.501178539478065,0,36.39262577825763,14.400231744250576,4,0,0
79.42936714271991,1,0,0,15.448435790258985,0,21.73024762411569,60.09528147382459,5,2,0
100.0,3,0,0,53.43534871825687,0,10.777149944943522,34.38754295706838,4,1,0
96.90840092309955,2,0,0,24.754779759736067,1,40.271060164955266,30.278158707575468,2,1,0
100.0,1,0,1,7.3043819228728495,1,4.119124040022346,13.48998661587515,1,0,0
59.7756864713763,2,0,0,3.465587292343949,1,6.145841351737787,20.061454372360714,2,0,0
50.20790359482838,1,0,0,77.52133575046668,1,13.621178176956713,48.87950538904496,5,0,0
67.48426159800704,2,0,0,56.33681410048334,0,9.611383153016291,0.0,1,0,0
71.11449824577389,3,0,0,26.534261725846115,0,86.4497890894882,3.0716916228785465,5,0,0
91.88383036941897,2,0,0,113.27777892428605,2,3.511544090284154,5.821794519006957,2,1,0
36.15070740570361,1,0,0,26.454296010925994,0,35.554348736978746,47.56556371429453,1,1,0
100.0,0,0,0,61.9446871260782,2,21.104164738939076,40.21104949537089,5,0,0
66.83984202842021,0,0,0,119.90816680021614,1,0.318810162261034,14.804637598776985,4,1,0
61.4623786010516,1,0,0,91.85315541296144,1,57.96855184098787,22.92573087647203,3,0,0
49.75791249479665,2,0,1,35.78035395043633,0,70.8722297635891,31.947486059139642,2,1,1
36.902866562684615,2,0,0,57.07124948632432,0,51.77888131897414,45.2951190410847,4,1,0
86.46341167923829,2,0,0,26.693265255473346,0,13.93265125736804,14.803905082912102,5,1,0
71.46635934376808,1,0,0,52.092296992113084,0,4.978849563836784,31.998033579250418,5,2,0
44.20078200517892,1,0,0,14.890151741674003,1,9.927434314209496,24.83556385239169,1,0,1
44.09842455872768,2,0,0,28.523660808236606,0,19.048285338424083,28.455244795296785,4,0,0
63.28430601419743,0,0,0,11.757374154268584,1,9.523215099381513,16.552673216710534,5,1,0
100.0,1,0,0,1.9466552651557167,1,24.631789900136994,33.14736341619377,1,0,0
64.8081729727279,3,1,0,44.40215528895003,1,31.751135970684118,18.26329717351128,3,2,1
39.93714093763788,0,0,0,99.91311690188437,0,4.699082918574961,31.432234568192765,3,1,0
70.16436265519079,0,0,0,1.295554305829746,0,10.38192490128323,53.43746615326582,1,1,0
70.16436265519079,1,0,0,34.54584670920994,0,63.28035644456623,45.655829379733866,4,1,0
16.06226714116857,1,0,0,30.82644502561587,0,5.748490146160957,50.84714090385336,1,1,0
68.91410266964375,0,0,0,54.81527010524804,1,8.506647900884198,34.74632091254395,1,2,1
65.38130939582643,2,0,0,9.390581605992262,0,0.726237438860692,46.992555248401864,4,1,0
83.92412729626837,2,0,0,2.9182715745533914,0,8.080304427150612,2.9666719618162496,3,0,0
100.0,2,0,0,36.599464913072964,0,9.270299264230562,4.581163928296494,5,0,0
92.53130059095514,0,0,0,85.38278685795136,0,2.103556416435825,14.924821615603264,3,0,0
64.62222618890338,3,0,0,1.793531830827072,0,0.02886582057101177,15.959922012813896,4,0,0
47.869481825166595,0,1,0,21.49066549708662,0,17.13241292700244,45.71870697944734,2,0,1
100.0,2,0,0,54.46004715107895,0,7.177163690319951,7.369087939540222,4,0,0
71.18436868028977,3,0,0,7.005765591031235,0,0.35969189848575345,9.648851564896571,3,1,0
70.27858583825892,4,0,0,13.455891424454347,0,39.314302133597394,28.17152199762497,3,0,0
69.51749825779993,2,0,0,38.33889420051499,1,17.56110609193176,32.05486560607681,4,0,0
73.9616952153571,2,0,0,153.1274789125513,0,3.7547644211625792,43.12573237419126,4,0,0
67.11279176152115,1,0,0,16.93772522778856,0,40.086180156891146,25.989073994167693,4,1,0
58.526759862395274,4,0,0,34.54584670920994,1,5.849496667351711,27.2592757070672,3,1,0
59.062821175192155,3,0,0,25.535520108914163,0,5.1610604447835895,43.30799030340903,1,2,1
69.34493459568003,3,0,0,34.54584670920994,0,45.00631633012126,16.50157334705037,2,2,1
59.131504577324705,2,0,0,3.7302436118508164,2,3.9558006911743835,31.840025377558238,1,1,1
55.74308434645671,1,0,0,41.75254374665715,0,42.23694656903588,38.54939951328652,3,0,0
72.12860455383793,3,0,1,93.57901231323265,0,32.488320655322966,24.444186638041316,1,0,0
64.90045565158289,1,0,1,221.63475174412582,2,7.41482657513423,42.91014758117136,4,0,1
100.0,0,0,0,59.9866730728836,1,0.700051727421773,17.148593669638032,5,1,0
16.980603832139764,3,0,0,23.896586742622883,0,1.7236475824590503,53.43531630625393,4,0,0
91.83013703844924,2,0,0,26.536482775556617,0,2.3200784092314315,25.27896490034442,2,0,0
94.92170384995258,3,0,0,21.668715060295344,0,44.29127097399271,23.414712422155027,4,1,0
28.53219535183701,3,0,0,46.26822620061042,0,10.351499591471365,8.087288627408093,5,0,0
63.146248118393025,0,0,0,67.23953792526517,1,0.6614122287293664,13.198605823547702,3,0,0
62.57118268008417,3,0,0,85.59224071227275,0,16.263335100620353,17.825979303417185,1,1,0
41.849766105643575,2,0,1,26.94352054981704,0,4.663682052568964,13.080596956531032,4,0,0
54.443666248182495,2,0,0,63.06394420499326,0,5.36088440618782,12.262160905664373,1,1,0
47.78848309068343,3,0,0,123.97959512343337,0,3.507119098532192,30.65800869740124,2,1,0
100.0,1,0,1,126.80460452109689,0,28.711495750456532,39.01714754144718,1,2,0
88.71356786294922,1,0,0,60.87469058013516,0,0.012261634029168567,34.19357990509959,2,0,0
95.43110189988317,2,0,0,50.65415198611459,0,11.560122910199668,0.0,2,1,0
84.4334412808647,1,0,0,37.913741816163004,0,1.8175659631758943,14.3776596687763,4,0,0
47.418964575655416,0,0,0,10.117907865732999,0,16.075971186059693,47.05638357735023,5,1,0
59.509594674404525,2,0,0,6.598325319492168,0,8.492724489524122,9.844825239551238,1,1,0
70.16436265519079,4,0,0,34.54584670920994,0,0.5752249714352657,28.184236830619106,2,1,0
45.55744382216109,2,0,0,8.684594359174245,0,13.621178176956713,13.557575257922775,2,1,0
84.25996860344776,0,0,0,43.01914621066323,0,16.90665242173597,49.58107071772795,2,0,0
65.1934920368373,1,0,0,51.8809486662522,0,5.691179931022359,18.081602103254937,3,0,0
62.50358384900805,5,0,0,37.2868655127027,1,29.007008523226133,40.316598286216646,1,0,0
84.21919936406982,4,0,1,1.855336510186282,0,9.274031087438848,19.133951850865373,1,0,0
78.8852662297208,4,0,0,2.973062750878228,1,27.673676562085525,0.0,2,0,0
62.7806766836184,4,0,0,6.014751040881892,0,17.30319614127308,37.06453743912612,1,0,0
93.18659606728497,3,0,0,8.340866838364448,1,40.689832816784914,1.2125107065667287,1,1,0
48.37873344800205,2,0,0,229.67499630421568,0,15.83394285915838,16.301142750544273,3,0,0
82.31871213888527,1,0,0,21.117468688390016,1,4.106740487261706,57.98828738251553,2,1,0
81.86202515936768,1,0,0,17.263678907214203,1,34.58597145352287,76.94600715966371,1,1,1
63.809071213720195,1,0,1,2.68410387688327,1,30.56040763677606,30.30173487691476,5,0,0
76.52266044484236,0,1,1,50.43680467883688,1,71.76679741870277,16.628538170694583,2,0,1
44.97772847229394,1,0,1,52.80505913391303,0,1.9650924287885592,30.388762973729595,1,2,0
88.48054038413802,4,0,0,9.64579533761282,0,17.892109434614156,10.28927205792478,3,0,0
70.16436265519079,0,1,1,125.81462830071968,0,13.532448743929349,23.666899539980513,5,0,0
59.54553958961921,1,1,0,80.5954347640651,0,22.22617793992887,54.035827467013334,4,0,0
90.98018451673778,3,0,1,13.088977364882965,0,78.42112174611819,33.14198633269219,4,0,0
55.91312618914482,1,0,1,33.26198519755613,0,15.197370269579643,8.663974632551287,5,0,0
41.83077407272881,2,1,1,30.660533729251245,0,23.150605330438403,36.09653097229385,4,0,0
38.867416529521925,1,0,0,21.425463166380165,0,8.530101389625012,4.32535203685152,5,0,0
82.12019902691279,2,0,0,85.08717654986889,0,7.1041058501607655,1.8470631283751757,1,0,0
44.39141295007434,3,0,0,5.785386845154057,0,8.168286024632716,41.4863445384285,4,0,0
100.0,1,1,0,26.834036908615865,0,0.7874586815823527,18.543856430296522,4,0,0
28.36141184232556,5,0,0,27.93353565602368,1,6.7022013674282155,53.60238791726564,5,0,1
100.0,5,0,0,31.623831953579234,0,3.7977153199066525,14.184398411261771,1,0,0
74.22034934405237,1,0,0,98.7901221360027,1,12.22868892630678,48.4127786805281,1,1,0
68.06573776259215,0,0,0,12.305697510598817,0,12.35429295101225,54.623570640259004,2,2,0
59.10161826382101,1,1,0,5.4306886166303885,1,28.982964972325888,32.33421133108003,2,1,1
77.98272228704141,3,0,1,48.091669490509744,2,13.954820236960096,25.46101894432897,1,0,1
69.24730595150304,1,0,0,9.548006602410258,0,12.438182591583553,20.99321389628203,5,1,0
92.06603764033042,0,0,0,3.8944061733585493,0,5.269581817324383,21.931890235947886,3,0,0
72.28455297324079,3,0,0,27.812878453458662,0,38.27583175884009,5.971036518703951,3,0,0
73.00603522923755,2,0,0,12.400408411673542,1,1.908223623159617,39.61070693298265,2,0,0
62.72775575572288,0,0,0,22.409493937023566,1,80.67925396221952,39.0844015479841,4,0,0
68.86108752557865,0,0,0,34.54584670920994,0,12.92813453516018,26.55833240311229,3,1,0
70.16436265519079,1,0,1,4.860604814858531,0,4.115578841890152,30.449282401534674,4,2,0
35.79663214686749,2,0,0,41.08849805630951,0,8.74927460907932,23.19082592900633,4,0,0
43.03629155788574,1,0,0,1.369506305058736,1,0.30979056914018005,11.753687302047474,1,0,0
84.8652818804543,0,0,0,169.62478951947548,0,3.642975736588574,10.43948241260017,3,1,0
73.41730876255883,3,0,0,20.876671036527075,1,8.169587508396441,21.474096833814166,3,1,0
66.32033327294641,0,0,0,59.398003180246505,1,16.167357579999415,24.11157557923032,4,1,0
70.36867866130787,2,0,0,83.13214442170064,1,2.7733103002592143,47.33247548695379,4,0,0
76.95163410723342,1,0,0,34.54584670920994,0,22.537969724408804,40.027009340857,1,0,0
59.204806393812774,1,0,0,69.06309408765861,0,37.193464319344,53.105097438791134,5,0,0
54.433905491953745,3,1,0,89.31497671926051,1,16.988517615796177,40.35234557788835,3,1,1
73.91690510195363,2,0,0,13.808577590924035,0,7.0451641625639985,6.225477945613012,3,0,0
50.43254444769936,3,0,1,244.60713815004974,1,2.588336250866736,7.731687892621228,1,0,0
78.16505511428943,3,0,0,1.045284597364609,1,0.3131399310778714,14.097257094120646,1,1,0
35.94832791524319,5,0,1,12.231159815958035,0,26.32062013796589,24.709507814876744,5,1,1
90.58311274651288,2,0,0,75.71110418971553,0,19.803017603921457,18.3569181052373,4,1,0
79.45194964826086,0,0,0,10.791705589703573,0,12.93609184372831,40.38012768912269,3,0,0
75.12059468627751,1,0,0,59.909455327592,0,2.151605154158944,47.677549439996284,4,1,0
89.65381967891028,1,1,0,34.54584670920994,0,4.639276245654054,11.875529049348955,3,0,0
100.0,2,0,0,159.97115391201427,0,13.621178176956713,5.356372370522298,1,0,0
90.2874013003626,3,1,0,32.14623692953752,0,13.072817395423701,54.66591171000725,1,0,0
33.182515373367096,4,0,0,177.21147039105114,0,65.84660462328392,33.47139434752036,1,0,0
44.40846066528597,0,0,0,26.519309236072242,0,209.77166178277744,21.969972714807113,5,0,0
57.503628446086424,1,0,1,12.30321427207969,0,32.25959618760088,53.72357774711834,3,0,0
70.52182100421668,2,0,1,36.06929359429948,1,5.973070382824158,48.67792980213456,1,1,1
80.35318040938246,2,0,0,52.46586178617952,0,5.2562763266989885,21.12546623733741,5,0,0
55.48512373693069,3,0,0,30.621079863408646,0,5.850792235627842,43.05665396260319,4,0,0
73.73533528954157,1,0,0,41.847695660250785,1,86.52817390234317,47.284500036996306,5,0,0
54.89234135293355,1,0,0,26.927760282500497,0,8.169607330734532,42.57834163068215,5,0,0
57.76964394016103,2,0,0,37.19697255259921,1,24.513924070317756,49.021889304634854,2,0,0
41.866778063035554,0,0,0,152.4520872652631,0,63.89230504424403,15.75692239509267,4,0,0
51.535335077781916,3,1,1,34.6404771319354,1,34.25114624412003,30.391668757164595,2,2,1
42.966307887673324,3,0,0,14.596529753448648,0,18.206362525437196,54.68214806479014,3,0,0
50.48253494045335,3,0,0,71.09537673840633,0,3.701679968619063,24.152937233493958,5,0,0
91.07283593215679,3,0,0,20.593110634615634,0,3.845940810272185,20.322984789962295,5,0,0
51.01202222336114,2,0,0,84.69730420419089,0,13.562140480385894,31.6657309422076,5,1,0
100.0,5,0,0,2.9260724166244154,0,60.707972003249125,6.254412594942298,5,2,0
79.86635801761778,3,0,0,20.186678687122843,0,46.97126041184141,34.89557701871256,2,0,0
73.69672247389748,1,0,0,4.955665079977084,0,3.635043709237597,5.011445150475485,3,0,0
52.832844396375734,4,0,1,4.458931147438341,2,6.7856765625539675,49.00145152167251,2,0,1
84.00619758817983,2,0,0,34.54584670920994,0,17.774061671904903,5.682734705494681,5,0,0
58.487243475244526,2,0,0,24.33387759279388,0,13.621178176956713,42.73843717349095,3,0,0
72.44019629290723,0,0,1,102.58312562353827,0,2.542191065511084,19.0543818198721,4,1,0
100.0,1,0,0,36.32538922597306,2,9.218727212997694,14.134155353766207,2,0,0
68.078802005507,2,0,0,17.502221662823636,0,61.895309271695204,30.393621315502436,1,0,0
92.98546652571352,1,0,0,63.807266270505245,1,60.50001895247078,34.489852776656356,4,1,0
55.93647149748225,3,1,1,48.910539753103365,0,16.393531735071914,31.3806327801411,4,1,1
69.30023019006076,5,0,0,80.37065339810141,0,20.171481700120214,35.09900021689771,5,1,0
100.0,2,0,0,51.583434463143895,0,5.018166008755735,40.36529730996074,5,0,0
57.46065884424465,2,0,0,34.54584670920994,1,27.092249598349397,0.0,4,0,0
100.0,2,0,0,55.480128710898455,1,1.078486358032022,32.0284263752993,2,0,0
84.1550387091095,1,0,0,24.841961023269825,1,4.98672684389158,9.54076221215518,3,0,0
58.750664482114644,1,0,0,31.101178526181922,0,0.11802129499391288,10.972158236621105,2,1,0
82.64815478111042,3,0,1,127.27398067949393,0,9.745478397933482,13.495471583720597,2,0,0
89.4510889925346,4,1,0,22.311546327327743,0,37.97725654869276,0.412174030890025,4,1,0
82.43619924434392,2,0,1,47.33223216663408,0,80.91849174267772,29.834324261395587,2,0,0
38.59550560219087,4,0,0,22.587108145411815,0,22.03771132284203,3.4924799695779996,3,0,0
55.45725648350263,2,0,0,4.975962972923717,0,27.319381363758197,36.07582815592788,4,1,0
65.0496272889699,3,0,1,30.21336719919152,0,6.096553183620703,52.78137075209793,2,0,0
68.51133141799907,2,0,0,45.44856726038659,0,14.693250536560216,53.47216926962359,5,0,0
82.41344195101357,3,0,0,26.17049810849438,0,26.679951718480964,13.634951148934853,2,1,0
73.55402001866507,2,0,0,24.769451231346,0,13.754272421013532,12.192249342714849,4,0,0
70.16436265519079,3,0,0,85.84517485824065,0,1.854291652170919,41.719453192752354,4,1,0
77.60395702011927,0,0,0,1.5067347747194921,0,27.008060079788937,30.850099471980297,5,1,0
82.21171490567646,2,0,0,17.51940855436798,0,4.958060864609589,28.889018106194012,4,0,0
81.1958089586208,2,0,0,83.5011503674085,0,2.0561127746898693,10.38174570193732,1,0,0
91.61561451109243,3,0,0,126.61887785301418,0,13.003974206747007,31.80625353237813,4,0,0
86.67844309097808,2,0,0,26.576898032595043,0,1.550780243055692,42.976387980072985,2,1,0
79.18360158456873,0,0,0,109.81865643431044,0,19.854995997406974,18.411507770196376,3,1,0
68.59668577082707,1,0,0,11.090354871148866,0,20.4593339311852,36.95657253302281,2,1,0
36.780781329680174,4,0,0,12.514630459662811,0,5.93316403624954,32.39517193555863,4,0,0
78.59236438265171,2,0,0,93.60230772314596,1,66.7838536255476,20.208562364890962,1,0,0
74.15375374326223,2,0,1,116.7852482065022,0,34.79680830247908,29.23357535893477,2,0,0
75.43157674390747,1,0,0,12.603249148574033,0,2.3213966333190807,14.301195343948468,3,2,0
44.46502848359381,2,0,0,3.0578357597330528,1,27.607210212822586,42.83777035533542,2,0,0
48.37886919183475,1,0,0,4.733346874492208,1,8.71048855889878,14.554662068306252,5,1,0
91.06305706665808,2,0,0,15.14864148354476,1,27.748982283729752,21.031447879370294,1,0,0
69.2088969228669,1,0,0,34.54584670920994,0,32.26839582730336,43.53859590367476,4,1,0
83.63001394745248,2,0,0,35.66666050248854,0,13.621178176956713,22.149014559463343,2,0,0
70.56636752260923,1,0,0,30.40252564509711,2,21.68483984527686,15.962098135169596,2,0,0
70.59512278991491,3,0,0,43.8703224151077,0,39.71610403773326,32.75528760716735,2,1,0
88.76567611951995,1,1,0,34.54584670920994,1,7.812720806383881,56.92949774961383,2,0,1
59.679105435652524,2,0,0,4.739186796122425,0,1.6747704999324677,47.46132700871735,3,0,0
71.92241553881966,1,0,0,59.32697058178786,0,0.5529227378006152,39.152446532720674,5,0,0
60.75449422589915,0,0,0,130.72174032408756,0,2.3306979070796316,44.91295379755735,5,0,0
61.31007545135369,1,1,1,34.54584670920994,0,0.08429582098056575,37.74576530303914,1,1,1
63.816557530627215,2,0,0,90.93772367271676,1,7.918592584482384,33.4306382618634,1,1,0
74.44267543267426,0,0,0,59.870504433098525,2,7.114324871703278,43.71025980848867,3,0,0
60.42502756673045,2,0,0,0.7287113016297666,1,2.3383467326057,35.20618076553673,5,0,1
95.11512251147042,2,0,0,13.173002454549776,0,21.06042346880408,29.201202288765504,1,0,0
52.107853955609926,0,0,0,46.550521970322464,1,96.33352887967789,32.79511552224553,4,1,1
66.26256711677281,1,0,0,34.897970990732915,0,46.23784841096988,34.981425318883076,5,0,0
70.16436265519079,2,0,0,37.532062215516376,0,5.829802268288344,34.59521682316371,2,1,0
98.93955768707465,0,0,0,13.193747848894647,0,29.391922332037318,35.47494691133539,5,0,0
73.93109553023149,4,0,0,56.19703879064441,1,55.24904961021996,15.196157174941467,4,0,0
90.6368907893727,4,0,1,15.490820026231066,1,47.36685771253899,26.897270645858896,2,0,1
40.28879253926056,1,0,0,24.66852330449733,0,43.1782719380858,10.997313917836138,5,0,0
75.34100531738518,2,0,0,23.015808498901,0,30.877733601882706,33.94003965203002,2,1,0
87.79261591246873,3,0,0,55.74089802294505,1,6.934251134764493,35.16233671326606,2,1,1
70.16436265519079,4,0,0,4.729423907258391,2,1.745240521679806,49.77162195910137,3,1,1
91.30960750130703,3,0,0,11.504751663807088,1,13.381557793970174,34.50496879870514,4,0,0
59.654230997992556,1,0,0,11.18825413906083,0,1.1269870812995544,24.44556680454794,3,2,0
98.1869488037116,3,0,1,5.738267591395312,0,129.6979728153444,23.67922377054812,5,0,0
100.0,1,0,0,11.634131376259578,0,8.872989280922775,39.68564798266928,2,1,0
62.74322879120682,1,0,0,46.704951618363275,0,63.564237683425084,19.78371500526283,5,0,0
61.08994957198456,1,0,0,65.86979993478745,0,29.66676815133271,32.29908209776684,5,1,0
99.06768954235402,3,0,0,53.98512754824405,1,10.596463929598976,44.30481266300049,3,0,0
100.0,0,0,1,32.23577193374651,0,2.5183272192598816,60.37239297342668,5,0,0
59.54279945693463,3,1,0,2.692964507875759,0,5.415006940356335,47.333285199043175,4,0,1
61.596263658082854,0,0,1,159.71771096295285,0,22.358628717535932,22.118917144155017,2,1,1
64.36430782278985,2,0,0,9.200737121452939,0,35.4315151591608,18.804768789646555,1,0,0
43.11098977931446,0,0,0,55.19451520678608,0,77.68863520876006,39.45287320579019,4,0,0
51.626961070316035,0,0,1,122.02953283749187,1,2.835008594441884,26.792312398732065,1,0,0
49.91718466495864,0,0,0,59.829522054279984,0,3.3908079869498797,7.81651404969794,1,0,0
54.64404869791743,1,0,0,12.298200947708263,0,0.8673270040380325,68.88489062996075,3,1,0
69.30630225226437,1,0,0,18.97497984356523,0,6.031956323642909,32.59517945742138,1,3,0
74.68429465073041,3,1,0,1.5335732020797346,2,34.4149259453298,48.73957574947085,2,0,1
100.0,1,0,0,47.43530401651089,0,4.419339853022554,24.998014777137186,3,2,0
50.03291918522418,0,0,0,47.46562244299498,0,15.87547836026361,29.52962458316634,4,0,0
89.68644796953167,3,0,0,64.64030679907657,0,11.82651753883421,32.27318081686574,4,0,0
65.72022311548982,2,0,0,0.5528597685062644,0,7.8853480122485,25.907492514748014,4,1,0
69.01072580695134,1,0,1,85.14384662424052,0,19.264838466178084,18.610913003781594,5,0,0
83.49638984333208,1,0,0,67.10640207556445,0,13.956192229577074,62.962909049219604,3,1,0
47.54555956875403,3,0,0,7.592718141358875,0,8.152243432543635,35.324351686468425,3,1,0
77.64819492368102,3,0,0,21.356909790338868,0,23.349660252879186,6.330397548616833,3,0,0
73.32904416426112,1,0,0,50.87810498968031,0,6.569197776695306,31.525569119076714,2,1,0
79.84902528016298,2,0,0,34.23880330959245,1,20.610663719305347,8.418533404802407,3,1,0
75.78337287815636,3,0,0,34.54584670920994,0,63.045788825762415,17.31518959321211,2,0,0
100.0,2,0,0,4.569887798786796,0,26.10918550416124,31.602088984164688,4,0,0
57.24520031497368,1,0,0,76.03846401813406,0,10.839431912082365,38.08903527317235,5,0,0
59.380060899963645,2,0,0,8.478191272527551,0,27.531579866478488,0.0,1,2,0
57.53718947150471,1,0,0,9.442702794885966,0,33.13497419214961,55.737643512830076,5,2,0
58.890457616794905,2,0,0,88.8700893969794,0,7.885770004583436,20.117342928956532,5,1,0
57.252257453869646,4,0,0,47.35549435135715,0,24.4245642356209,26.63145458411205,5,0,0
93.78033062215104,1,0,0,46.40748968923912,0,11.397228779021162,53.002990208311495,1,0,0
98.4100849597971,0,0,0,32.633456309896935,1,34.13246999032196,55.67231707278722,2,0,0
58.58507412501048,1,1,0,42.08178107166032,0,7.001864312921136,20.70679331494391,4,0,0
53.352888537915426,4,0,0,46.03623868268058,0,55.535041949241084,45.948002301871085,1,0,0
79.42831112772808,2,0,1,171.8301952606647,0,17.103298231877762,32.38085375327162,4,1,1
58.95553911438057,0,1,0,12.614028794048634,0,8.717557898428701,69.81760479376987,2,1,0
82.65863635511022,1,1,0,12.075714468567424,0,10.872874862082577,19.899897917651373,4,2,1
74.058460417026,0,0,0,2.9460358736588823,1,8.548037789248168,54.74542835013893,2,1,0
39.68511770005536,3,0,0,53.67629969991135,0,3.1622515256913406,21.222105432744478,1,0,0
100.0,1,1,0,39.819073558774996,0,1.4190185349773117,13.895711224329595,1,0,0
100.0,2,0,1,5.89635751839397,0,7.765632719014207,25.45012176979635,4,0,0
57.744226190312276,2,0,0,34.54584670920994,1,12.275279322818914,5.3914669954762005,4,1,1
62.24596880128032,3,0,0,9.84110143587047,0,8.982602160197379,16.034987168388078,5,0,0
75.7173078144981,2,0,0,20.1345784264371,1,0.2803457685832337,25.198073231040425,5,2,1
76.6891357997405,1,0,0,151.0670389017413,0,17.30274562802891,26.203509378021643,4,0,0
83.1708854534566,4,0,0,57.49299060734698,0,3.128783793511352,43.746254668759136,5,0,0
100.0,2,0,0,0.37989459059901487,0,13.621178176956713,42.327776197757714,4,0,0
66.461055450119,2,0,1,14.55158874123111,1,2.573686812382847,29.466665952981753,3,1,1
54.03405510923093,1,0,0,0.520780081169247,0,14.697422051746063,3.9416450410502186,5,0,0
42.41361543970946,4,0,0,62.74023986500779,0,1.999927289831849,0.0,4,1,0
55.38139920116162,1,0,1,31.689396378004016,0,5.923890662072269,22.051299155532746,3,1,0
69.33746054252406,3,0,0,255.95579874042676,0,12.01897192120362,17.46746347880677,5,0,0
100.0,2,0,0,66.13467541454227,0,3.6714600346173265,21.124038576733106,1,0,0
59.64777401927657,1,0,0,36.48152822260792,0,11.820527162178976,54.330264345966185,4,0,0
74.47575903277797,1,0,1,81.66231178451255,0,8.393363690803904,20.890436727792583,1,1,0
69.67154207854496,0,0,0,61.005727750571594,0,39.40775064872148,17.01854504220237,5,3,0
93.76786546896167,1,0,0,13.970894264602574,0,31.68546555486302,29.947778284387997,3,0,0
100.0,1,0,0,37.77861281147969,1,98.82568343926302,22.201653375639083,4,0,0
59.382624541593586,1,0,0,40.59639222793503,1,15.054195981063373,38.95567542098094,3,1,0
60.21121114963556,3,0,0,30.00394820462477,0,17.132017692116317,33.68339489237642,1,0,0
90.88321754138144,2,0,1,9.87334084283531,1,58.61606961504609,57.80464041868915,4,0,0
83.63782979252623,3,0,0,12.639500570356043,0,10.20292424861362,25.6224884284183,1,3,0
100.0,0,0,0,16.497992482978947,0,16.22432594554092,58.96456355634469,1,1,0
81.67856370651927,1,0,0,0.5154047857665192,0,9.53123761605513,40.4685110936463,3,1,0
62.81415818425881,1,0,1,124.41194508057605,1,15.78702625593019,37.9579392724955,5,1,1
81.81309661384618,5,0,0,57.93340227456299,1,1.6843006993094312,0.1744859915226371,1,0,0
92.17407161165815,5,0,1,58.49746388086254,0,30.630481076319107,0.0,1,4,1
86.40964362394729,3,0,1,42.470242203690916,0,84.3708918858262,5.850709038266771,2,0,0
80.14548062214595,3,0,1,58.44811248368727,2,1.3600187531679429,33.20347938343203,3,1,1
91.33349379178307,2,0,1,200.4888205264068,0,32.29300247189268,41.31357571391002,1,0,0
93.38591180891345,2,1,1,24.319687838379938,0,5.534441742165999,38.01855482509845,2,0,1
97.64317982075055,2,0,0,62.33107102684,0,4.401641181278481,30.566800142954325,3,0,0
82.97419775179286,0,0,0,22.277572131624517,0,23.64229537693958,43.55035390966179,4,1,0
66.65763839366291,2,0,0,96.30643449267751,1,0.9027142162035845,47.91664873870643,5,1,0
72.93427372866645,1,0,0,97.60648493240677,0,12.44405991323327,25.375191924445243,3,2,0
94.13017933016714,2,0,0,116.27550646294964,0,0.028910203238369393,38.372795048277936,1,0,0
53.66128658025528,2,1,0,0.2739151388869986,0,16.16640379510494,35.76006819628,2,1,1
77.37346617745803,4,0,0,17.704731290955586,0,12.400970582012285,42.094877622732824,2,1,0
62.13322375345279,4,0,1,7.189150998209487,2,49.415958554044266,34.91386045013433,4,0,1
70.57489645869634,2,0,0,30.255551248363687,0,25.478744579815622,33.96119000260112,2,0,0
95.56903725214598,2,0,0,34.20438139375183,0,2.69363929995842,20.934118173108587,1,0,0
73.82198136039807,4,0,0,34.54584670920994,0,8.755839514539467,33.08460251376545,3,1,0
70.92873096312297,2,0,0,64.26754789588807,0,53.64173466307611,24.904119106421735,4,1,0
42.802877180401616,4,1,0,15.719766933996576,0,25.844000022434123,13.964639501514515,5,0,0
84.92507132054442,0,0,1,96.17024644998733,1,18.041599443793135,34.499844039541784,5,1,1
82.9096836228215,0,0,0,9.780028788766955,1,16.377455081973906,14.662692253375058,1,1,0
100.0,2,0,0,22.882831981492533,1,10.153228250130992,29.354706214894975,4,0,0
63.844435300939985,2,0,0,48.67451359002886,0,17.599246576718343,24.50558586464809,4,0,0
74.38300655327878,3,0,0,46.4859076863802,0,29.5387773508577,21.564674734145637,1,1,0
74.9876736742151,3,0,0,4.062081538346395,1,2.7287161581652497,51.07991146531382,4,3,1
100.0,4,0,0,93.62416940572182,0,70.01856854996912,54.574298166335666,2,1,0
68.09408935226095,1,0,1,45.57323646772753,1,5.472029922724849,25.54719511397809,2,0,0
75.58043051540679,2,0,0,101.95705085862453,0,11.874823690120538,44.96015273371708,1,0,0
82.15793019433079,1,0,0,101.10981946617272,0,0.4595519866133749,6.278305695946045,1,0,0
73.73218246312716,1,0,1,39.473950044316965,0,15.985534190364813,12.275902467960385,2,0,0
61.071327708989436,5,0,1,120.833319166264,0,9.62102774453236,29.083582893302143,3,0,0
73.88179985796616,1,1,0,94.32806252288242,0,5.747132435611881,14.00100229586317,1,0,0
91.47263499719544,3,1,0,158.65086024747526,0,84.7056140936597,35.634570978710535,2,0,1
49.4696940117788,1,0,0,95.02240871157768,0,11.177261419488149,34.31303088165861,3,1,0
72.65939348293752,0,0,0,86.07544772562093,0,10.698827145120383,29.288573090395317,3,0,0
55.997583701216534,1,0,0,31.683617980448332,0,12.438990036246436,65.50808172525663,2,0,0
93.90093257849685,0,0,0,11.914830331218797,1,2.4694437939323834,35.520225037812445,2,1,0
39.536261904324505,1,0,0,120.79257953400908,1,9.987696724665605,38.64049947743747,4,2,1
58.82156305456823,3,0,0,64.10558049801692,0,8.201642777368468,37.28325347333815,3,0,0
77.54423750129041,2,0,0,16.546730375433516,0,13.621178176956713,16.48514978716268,5,0,0
100.0,1,0,1,20.851262699666105,0,38.84529937388082,59.25372448290277,4,0,0
68.68499477854024,3,0,0,57.93061810501927,0,4.283314323018293,8.941705124669525,4,1,0
58.896009466136036,3,0,0,34.54584670920994,0,18.71657349574749,34.27627129206114,3,1,0
100.0,0,0,0,4.249719451889584,1,0.7672730775107481,41.16510277093835,3,0,0
41.03972199167512,2,0,0,7.625398326157015,0,7.6191332378008605,44.754674656569364,3,2,0
26.023880867598365,1,0,0,68.45194159182466,1,12.798105244998103,25.33169432090984,1,0,0
78.80028900106664,2,0,0,19.917240521131358,0,1.543650970568808,41.15214892367164,2,0,0
59.958915512947776,0,0,0,35.428213616520594,0,15.703843062637809,14.275463176496887,2,0,0
49.57534365738574,3,0,0,72.75467933648343,0,7.430714147495755,55.05650231300081,2,0,0
84.16712894598706,2,0,0,69.55039134457238,0,98.70131995395623,27.555764139198832,3,0,0
74.87601427542398,4,0,0,9.13698382292643,0,19.93751976907191,22.54932120574774,4,0,0
58.71842738526543,1,0,0,5.178875552175925,0,5.5989134084034875,20.432871091674713,3,1,0
44.393912026582115,4,0,0,44.72062733591677,1,2.166704167838534,34.4613701976616,3,0,1
87.44914656560289,1,0,0,67.66868681315543,0,0.8314409183435466,6.298888324239535,4,0,0
83.00402355917322,1,0,0,8.069503168607785,0,1.903215635549972,43.27135537667516,5,0,0
68.01648272441234,0,1,0,23.25719582624926,1,22.792406449160275,21.043412900905775,1,1,1
100.0,4,0,0,102.11807743771242,0,38.61936537951508,49.566679126604775,5,0,0
48.598304673476946,4,0,0,144.3198109459805,0,3.409435623609366,11.363338852891193,3,1,0
39.48949658150522,2,0,0,30.263203935364192,0,10.287787780569994,31.980701742937615,2,0,0
56.16183860237511,2,1,0,4.142779432492331,0,8.746402998574359,38.308245231002616,2,0,0
69.08827967289004,2,0,0,14.899851539633696,0,20.68561840903356,39.93325288112564,4,0,0
74.86678898645384,2,0,1,13.261463053191234,0,4.034439844198083,22.249349229188038,3,0,0
65.1752788428734,4,0,0,13.653712442738206,1,61.28849399537347,11.479106777036392,4,0,1
77.04110793028593,0,0,0,34.04924265911898,1,26.080016585594045,23.145948148376313,4,1,0
44.96921151619112,4,0,1,43.76051674012429,0,62.05382749633741,47.49985293516585,1,0,0
98.87529208146519,1,0,0,6.5344625486200405,2,6.497137990532216,61.38417172190279,4,0,1
68.35697643214863,1,0,0,34.54584670920994,0,17.72083936676437,5.656725993556545,3,0,0
92.34591663176255,2,0,0,48.375757126595744,1,26.355371278141334,18.930193903271988,1,1,0
76.85450692755408,3,0,0,45.47217765341866,0,24.823542480580926,4.013739712102012,2,0,0
79.13506438307567,2,0,0,218.2250490398184,0,0.43154444751899973,21.77431925221411,1,0,0
81.39534560464408,7,0,0,49.46242679493509,0,127.41545681757799,20.431349311802975,3,1,0
78.9541712003463,5,0,0,132.22501027214537,0,52.63844924375946,12.066951258647421,5,1,0
70.16436265519079,2,0,0,16.861614334490575,1,2.551033707211499,54.94513199741218,1,1,1
96.58305060264863,3,0,0,13.730362112664668,1,15.6862572823085,47.203045094802675,5,1,1
73.9304233940294,2,0,0,36.337130695191895,0,7.553782795635403,33.650876700852955,1,2,0
84.18007515177024,2,0,0,35.525751375982914,0,42.22178430622088,28.346303586613224,1,1,0
68.20528611425547,2,0,0,12.840423541967679,1,23.9147779624655,43.3875656173704,4,0,0
70.16436265519079,2,0,0,60.141282611153734,0,5.059614631845611,14.977350074870937,5,0,0
56.4721539588146,2,0,0,1.5040886390297687,2,0.688954264873662,33.575625277741985,5,0,1
100.0,1,0,0,58.660941743218565,1,6.898931323953699,20.921929034269994,1,0,0
69.19684098711313,0,1,0,30.54868057370856,0,0.7776706744961183,65.15243362615129,3,2,0
41.38449795763904,5,0,1,58.39932588608989,0,3.0469627443036007,9.62750883524491,3,1,0
72.56208829821578,5,0,0,32.41639981446015,0,20.219614369515103,25.916706258530567,5,1,0
56.37896685050238,1,0,0,189.34398479095634,0,27.33650779887133,10.582462489314175,4,0,0
86.81287097977449,2,0,0,20.37472963871883,0,12.622871141463825,41.281598585290475,4,0,0
56.947520413952184,0,1,0,202.486546818358,0,18.340213354021877,41.24751210436971,3,0,0
61.07633133570441,1,0,0,3.3590440537670068,1,3.3893316141471415,19.53454950222067,4,0,0
32.209185381089384,2,0,0,57.56281549502206,0,7.619211352807077,11.366474973076691,1,0,0
60.953873615018466,0,0,1,30.27689307394981,2,24.957368635578607,24.21293629338249,1,0,1
21.52241346742087,2,0,0,86.33726024393988,2,9.079176481134747,19.531625350407875,5,1,1
38.32194353028554,4,0,1,77.94105890086912,1,8.579113993631388,30.961495651098375,2,2,1
85.20829312288595,3,0,0,80.52446897057466,0,4.313248026276343,54.296492989561045,3,0,0
85.71600317301665,3,0,0,4.976576821945486,1,18.068718011168418,39.92021960044133,3,1,1
78.50915123569929,5,0,0,86.40141678299543,0,33.166115224433874,41.38749304139907,2,1,0
50.66047713741574,3,0,1,12.042478937674245,0,12.676634088818641,29.9363826153973,4,0,0
69.0457728771604,6,1,0,1.3007879008422392,0,2.455542980732849,69.6534507616434,1,0,0
69.92794921818863,1,0,0,12.278323809560353,0,36.44859235973665,31.74800108547465,1,1,0
46.83270621614915,4,0,1,32.627630646145114,0,1.4814817075138078,40.884176572851196,3,0,0
100.0,0,0,0,67.76137074010998,0,12.762855797974197,46.47951349898588,3,1,0
87.54724581151342,2,0,0,12.335483235510713,1,6.051240264985419,29.233171443958767,4,0,0
65.58071652340672,4,0,0,34.54584670920994,0,55.07711571210281,33.11193044073181,4,1,0
70.53771677989062,2,0,0,51.918293509692546,0,26.75337548212039,21.452384998875715,3,1,0
74.16765615895105,3,0,1,206.4407024606287,0,16.713070924964846,30.27002385885579,4,0,0
29.165302631514187,0,0,0,45.92344287412327,0,22.037679136212244,51.95169464636061,2,1,0
65.05645234958806,0,0,0,58.729983186540835,0,15.21684344225783,47.45875152406768,1,0,0
56.36031504004403,2,0,0,41.181867975053194,0,3.194009753002725,40.3133018774323,3,0,0
49.96759980210169,5,0,0,76.24299314833333,0,24.6954235167515,43.654553945654285,2,0,0
64.3779941422809,1,0,0,186.0792657892741,0,13.572027798309684,29.438419107495253,2,0,0
100.0,1,0,0,39.27729537243477,0,20.119346128231985,44.22242780233749,5,0,0
82.8168572253402,2,0,0,26.960441455871802,0,0.925102545370605,27.7154726772811,3,1,0
58.57642020434406,2,0,0,98.42831502324863,0,3.063834621788038,5.498798833015339,5,1,0
81.45165562712317,1,1,0,174.87717209425313,1,17.80127744573463,57.486690633163036,2,1,1
97.98710873172004,0,0,0,6.91609333909703,1,12.302582227828205,26.935878906494047,3,2,1
88.49267365825537,3,1,0,43.157758924436585,0,5.146256283848837,45.81428128034858,5,2,1
71.19260739840348,1,0,0,78.62155754445125,0,5.508771169537624,24.55886787638038,1,0,0
57.061264445888526,1,0,0,38.1076531590475,1,19.9748854622401,0.0,3,1,0
83.96446627227179,1,0,1,26.31362983201473,0,1.2155419910543028,28.907803373618137,5,0,0
70.16436265519079,2,0,0,53.24386160723484,0,11.392354870725816,2.3747818734290504,4,0,0
87.90386440055465,2,1,0,15.744311608639757,0,14.809116053617357,41.33037033845726,3,0,0
82.70343603363939,2,0,0,21.472555009068547,1,7.367508358551308,26.56203301854657,4,0,0
90.9910543063867,0,0,0,243.17541105901563,0,34.35715411296609,48.283012821213504,3,0,0
59.29529576878864,3,0,0,50.594031016157906,0,1.1688936218822656,33.49993088728632,5,1,0
96.34788131268651,4,0,0,103.14979510347322,0,40.16591571645946,14.5485923568934,5,0,0
73.95199209384799,1,0,0,82.45274859576787,1,25.69375313198894,40.04696523797769,3,2,1
100.0,5,0,0,52.81681541762413,1,11.820997308681955,6.6060279819568954,2,0,0
56.21624363820864,2,0,0,91.85743214090954,0,51.66381596523272,25.393561644916367,5,3,1
100.0,1,0,0,16.92480885072397,0,24.22923530072616,2.040983939091138,3,0,0
73.95821566925295,3,0,0,50.68366459046882,1,53.486124637962604,35.2513651215759,3,0,0
56.97163992771103,2,0,0,44.65355646493993,1,12.795532521228608,33.709647703332934,1,0,0
60.32228331891357,1,0,0,48.698587746939204,0,12.06514604516109,31.89190098430672,4,1,0
63.5930538361136,2,0,0,9.234132728448147,0,15.132078016140177,15.962104291773663,1,0,0
78.48331892803833,1,0,0,16.23411341217618,0,1.3533044352045525,50.2860650235583,4,0,0
80.45670976071,4,0,0,16.88973785377716,0,47.827069635043614,43.63061684024415,4,0,0
58.52599992122842,3,0,0,46.05840064640847,0,22.03536837874292,33.51074312220513,1,0,0
69.51290815478035,3,1,0,179.76377361514437,0,19.22501290680732,21.28733702322412,2,0,1
100.0,5,0,0,154.029173288075,0,52.199477866803306,24.75199021959613,3,1,1
100.0,1,0,1,12.88607388935638,0,101.14566455603295,29.769801067476028,5,1,0
78.72647339348065,3,0,0,18.18103931793352,0,13.621178176956713,13.485932294170773,3,1,0
70.760069563364,3,0,0,1.8364095020912945,0,27.645806551838344,42.79680792999026,1,0,0
72.40062653436523,5,0,1,25.442677633802756,0,17.34740078583026,48.89002797479084,2,1,0
82.27035945460833,2,0,0,89.99183663752956,0,12.360689842264716,55.63612437157187,5,1,0
70.16436265519079,0,0,0,123.69936753738675,0,75.98514103916585,24.844724798018227,5,1,0
64.8524692515331,2,0,0,13.491877171055261,1,37.97749863210399,50.65901507290208,2,0,0
36.62831852244821,4,0,1,15.44831403459988,0,23.863953574089123,51.58364684248189,5,0,0
77.98446245210559,1,0,0,12.477573079435853,0,9.647230843588002,20.518599400591437,5,2,0
82.94391879405482,4,1,0,21.5471131758851,1,21.934729231927356,14.943227535009846,2,0,0
60.33627075401252,2,0,0,81.6761313804047,1,15.17267228836503,46.298942865992956,1,0,0
100.0,1,0,0,52.04417677542631,0,5.73680719563132,21.77224181682422,1,0,0
45.484686739953176,2,0,0,77.07516086578006,0,11.970611120395935,18.991353889840514,5,1,0
40.7125023958036,2,0,0,43.73718277470163,0,13.621178176956713,42.2452909132639,1,0,0
74.48903637119945,2,0,0,14.902318371462972,0,13.87976240922356,9.211219747630569,1,0,0
90.94196605224309,3,0,0,12.938159520049425,0,25.4763261746216,23.312657407298452,5,0,0
100.0,4,0,0,0.45207284633102407,1,0.7466913163985796,2.039296995116004,5,0,0
60.8223147426212,2,0,0,75.93009928534842,0,28.995737119200456,17.389051921757094,1,1,0
91.57361666862592,0,1,0,93.90549997606529,1,0.40393153465160364,20.13814401178972,4,0,0
69.22983060998585,2,0,0,73.1118375825758,0,14.566274900926832,18.746792709318118,2,0,0
66.54745400118361,2,1,1,3.8657663117226453,0,17.041765991826235,23.548712268747778,1,0,0
87.67319874973344,1,0,0,71.82081228744761,0,13.621178176956713,0.0,1,1,0
83.0464575682684,1,0,0,34.54584670920994,0,28.628246681514664,14.901439107971997,4,0,0
38.47215686031501,1,0,0,5.579721179985949,0,10.806992172879774,50.1729843204698,3,0,0
99.53080699451792,1,0,0,29.033386799635323,0,1.3735550849414027,34.472677604466064,3,1,0
97.60182708294903,2,1,0,32.32720927031395,0,23.65076044117812,22.314531630204478,2,0,0
57.488745969809415,1,0,0,84.67322467775223,0,14.307283503544554,20.16934396990453,5,0,0
77.91607066874818,2,0,0,56.897845633283175,0,8.101057561625813,41.47812782797654,1,1,0
79.88060372565478,4,1,0,8.321633535430932,0,5.354289377991202,31.288192869632653,4,0,0
75.21347531647814,4,0,0,12.818653289563919,0,2.5511730283979954,13.16869355368775,5,0,0
58.9938969230916,2,0,0,16.820875084067925,0,6.995192405995315,21.996484493580226,5,0,0
56.56753264123897,2,0,0,6.600777815961166,0,12.267861064291106,11.448071271327652,3,1,0
69.48891858017109,2,0,1,16.958936839685602,2,12.98678502574688,19.611426199517428,1,1,1
93.45458038518728,0,0,0,65.20773677545762,0,17.48086378651957,40.276247796756664,2,0,0
80.87200309188864,1,0,0,13.814129382537994,0,9.003034003817383,38.77160445941111,4,0,0
62.58771335827788,0,0,0,90.19959315967799,0,50.48905647996332,45.43722151848725,1,0,0
85.43397421296689,1,0,0,31.698367874627582,0,13.698406803355503,32.132624955204854,5,1,0
70.16436265519079,1,0,0,19.49945615961715,0,11.023407425625148,7.363050619554784,5,0,0
92.97531400744207,3,0,0,26.586982308302883,0,0.9873339420333165,11.314976958657823,2,0,0
35.20572442443801,2,0,0,61.80702413825667,1,18.276629273736805,37.111259340845905,3,0,0
62.751181171937354,2,0,0,36.365476578867515,0,18.46977833851404,31.52636118429806,2,1,0
70.16436265519079,3,0,0,0.3652641347074272,0,17.507277098558824,12.612400781415232,2,0,0
44.106370485581884,1,0,0,127.76034872852988,0,43.71327836968305,24.86475514922245,1,3,0
93.21653574757039,6,0,0,3.413728066058948,0,28.785535949405073,58.49667323689667,3,1,0
60.64597597376218,2,0,0,139.53466024254618,0,40.409211643236375,43.97373728957843,5,0,0
76.93007763461432,4,0,0,34.54584670920994,2,1.2252258232832027,52.47920308141202,3,0,1
69.06158842241632,2,0,0,73.69715195694133,1,7.658220457248076,12.311613843386318,1,0,0
79.54081654446243,0,1,0,38.250928283671435,0,7.675401441968884,55.055920961146725,1,0,1
71.53643782120511,3,0,0,35.233281254061865,0,13.621178176956713,22.19711254588306,2,2,0
44.340155516228606,1,0,0,3.7781400937968437,0,11.90644145151465,53.58313933948699,1,1,0
89.9253363889428,1,0,0,13.639345270759886,0,30.05410107008799,35.37454179913852,3,3,1
60.12486833677375,2,0,0,75.15204304792734,0,9.704150633739733,39.427435444892744,2,3,0
38.86836202680498,1,0,1,110.9397001595337,0,5.0104896525791265,40.41977175303552,2,1,0
61.43769678068175,3,0,0,37.65745967375574,0,6.876614794633873,31.481981704928575,2,0,0
100.0,2,0,0,21.796993854970463,0,4.0293468932997,38.75172759522706,3,0,0
87.00443484226986,4,0,0,3.090749429507543,0,4.41025758543523,14.717762767668795,2,0,0
63.026957311842814,0,0,0,57.313272828590755,0,4.888337534619415,28.065933217538074,4,1,0
63.014845913631426,2,0,0,16.317445292154677,0,0.32451276188183614,41.71042991281494,4,1,0
63.56729897565235,2,1,0,2.829243240645752,0,25.181821408668075,31.632955660905438,3,1,0
100.0,2,1,1,54.808522982824925,0,10.203261608297522,24.738719614707925,5,1,1
77.63870904463107,3,0,1,33.249350664978614,0,0.45864556135219847,33.50629922087966,5,2,0
78.60083294382139,3,0,1,0.6017135974790606,0,9.240948700217345,9.539692669997038,2,1,0
90.60566908063684,0,0,0,5.878630089689117,0,47.15521873999877,45.69165716299251,3,0,0
74.77578318053027,2,0,1,60.0658050321795,1,14.3178508012414,0.0,2,0,0
64.81915708358594,2,0,0,3.2894362126374554,0,86.47819075594448,29.625569774214867,2,1,0
66.07300301830044,3,0,0,100.48199407558191,0,13.621178176956713,41.40309588818295,4,0,0
68.56797481171873,3,0,0,18.649383613156502,1,65.82839221671135,31.223179944642226,1,0,0
69.25555526980317,1,0,0,4.642316752211837,0,4.50793998855642,22.963801575526798,3,1,0
84.5525908727396,1,0,0,71.30529709901359,1,6.847970001800495,46.49431902802827,1,0,0
71.03891771614599,2,0,0,37.16176895815163,0,24.07746353109637,19.666133309412437,4,0,0
84.65280154431159,1,0,0,18.31029904275813,0,86.5835488656004,55.27059947199255,1,1,0
68.38566839782835,2,0,0,26.052076584578103,2,34.89340484743893,26.851625058115218,4,0,1
71.57270380632181,5,0,0,1.0822483439467454,0,16.13551461151118,26.3206216950458,5,2,0
30.035986309357845,4,1,0,54.338910056903536,0,1.7799603853395496,40.92173595090529,4,1,1
88.32655349404963,3,0,1,22.767471538408227,0,9.063059565531796,25.3461438066931,3,0,0
76.92976951795985,4,0,0,62.59474197384429,0,1.8078114320388838,31.439790852270892,5,1,0
89.96020219719304,0,0,0,49.4660800169234,0,7.458449080443243,38.56941288625776,2,1,0
12.074892436126213,0,0,0,52.67059742635806,0,5.98948254267115,11.61936167432874,3,1,0
100.0,0,0,1,78.72591578318237,1,9.838615116085851,39.19295569845811,3,0,0
67.20820743689653,1,0,0,49.86935617066459,0,36.31406781191319,4.599377442816007,3,0,0
92.16365633475033,2,0,0,27.126645544053368,1,3.259243408652411,29.805023354537163,1,1,0
49.20188145748938,1,0,0,24.708878880522825,1,13.621178176956713,24.651848846174715,1,0,0
82.2554781012514,1,0,1,6.36793027763897,0,6.052320465770818,10.331775108493385,2,0,0
48.93168873652688,0,0,0,75.58004936710456,1,7.023562927753387,55.37163609210924,1,0,0
57.5246207860839,3,0,0,71.58727806043284,0,8.945235136712766,32.510635557570794,3,0,0
100.0,3,0,0,14.137935080198885,0,5.602527109732145,20.209673555195195,4,1,0
66.18635198473307,2,0,1,99.2727619627817,0,57.147695219611386,32.129654964069594,2,0,1
74.34865746359446,2,0,0,44.45849955075981,0,10.898051192710048,67.30215737508546,2,0,0
87.40135461377508,1,0,0,32.570217376959896,0,2.423323507444734,15.069319707952307,3,0,0
70.16436265519079,0,0,0,0.8825585498473176,1,12.609405699473147,39.86930339147192,5,2,1
73.00837810287153,1,0,0,24.12334355868058,1,4.07740711277968,16.281845068345035,1,1,0
77.2992200493245,0,0,0,51.175811531570545,0,4.870258167210886,37.23462961096354,5,1,0
70.16436265519079,4,0,0,4.701680820770895,1,6.710613294838793,20.112988379910785,3,0,0
68.8476240593283,2,1,1,30.76925902196243,0,2.665139600460878,27.546583056698815,5,0,0
74.02198093429935,1,0,0,251.3073847954563,0,25.53939739386736,32.37226880746378,3,0,0
91.01308792015224,5,0,1,63.033972577695494,0,31.399197987248808,49.80089135123872,1,0,0
92.11051865915968,1,0,0,39.57890887779275,0,13.621178176956713,7.891163515767765,1,0,0
93.7406061112076,2,0,1,38.07482206105464,0,23.358767562619434,55.494980331116,2,0,0
82.77460444058369,3,0,0,2.237583313096323,0,9.85167022208386,1.2265936704999625,5,1,0
47.13990174539033,1,0,0,157.69472642592726,0,3.584383251262306,34.91480677908903,5,0,0
100.0,1,0,0,131.67798566150267,1,10.122336595537053,30.90559352008535,5,0,0
47.07309213962624,2,0,0,34.54584670920994,0,16.283141134087746,28.030010105146214,5,1,0
76.05270930478066,1,0,0,5.2131475590819765,0,0.8371655020729297,30.544130642391796,4,0,0
54.914482999612844,1,0,0,11.649209141536792,0,21.254349157454424,37.82739500117254,2,0,0
68.71723306814015,2,0,0,10.16150336326499,0,27.14309887827842,36.92572519642376,2,1,0
76.5752482060696,0,0,0,36.654570219725194,0,39.318008679944285,27.307002037001308,4,1,0
76.42714430900546,3,0,0,11.647314230959433,0,2.168873279113528,40.54899842278662,5,0,0
78.4384150847057,1,1,0,59.50358725645284,0,0.00187196476901611,26.556014408340836,4,0,0
100.0,1,0,0,39.398161579932754,0,1.521781998626137,31.401826260636376,5,0,0
79.0706860302796,1,0,0,0.8907971322584239,1,51.57120025696268,47.36674727891901,4,0,0
65.11686729418703,3,0,0,68.1400720835654,0,29.01074671423384,47.79997789519125,2,0,0
89.28174336576714,3,0,0,10.463803582097988,1,36.08907160356371,45.716701951345804,4,0,0
93.78940977849281,1,0,0,87.11565307329995,0,13.621178176956713,14.62461655057346,3,0,0
45.447843697260154,2,0,0,21.92877049098231,0,14.961356688479539,36.394513716713455,5,0,0
81.94800139699716,2,0,0,20.671311695719176,0,7.090846957615114,36.92228778995266,4,3,1
84.02345484621796,2,0,0,0.5943857753707181,0,36.99875583945063,56.51418290593918,5,1,0
64.04872993280016,1,0,0,220.0257566167485,0,35.4120473204773,41.892847728230464,1,1,0
70.16436265519079,2,0,0,34.54584670920994,0,9.95724510712553,20.5942459436479,5,0,0
66.99888825934947,2,0,0,27.472273609851218,1,7.9876847965455235,24.27345600742841,4,2,1
72.51152906943085,0,0,0,5.080677463469832,0,26.8167298101856,0.0,5,0,0
66.5385635143226,3,0,0,60.05685213689485,0,0.5303323374323159,28.842758163730096,3,0,0
70.31158095162935,1,0,0,34.54584670920994,0,39.31495824780092,24.46095434851035,3,0,0
48.074498262095965,4,0,0,222.32641622674345,0,11.820766531880603,22.12991495822159,4,2,1
41.198982348114114,3,0,0,150.33699089383782,1,11.644436423672255,18.30553988503287,4,0,0
100.0,4,0,0,66.45728114019755,1,13.621178176956713,53.05629729651615,5,1,0
53.060773033633446,3,0,0,177.1471442378114,0,20.755011893116656,0.0,2,0,0
50.172153010873856,0,0,0,5.582001891162845,0,6.184218372870401,10.966859327061375,3,1,0
26.932197727925704,2,0,0,16.41932595353537,0,57.39207587989839,65.80033858731869,3,1,1
57.220765046209955,2,0,0,14.600791735162078,0,85.85100232742926,44.76125479130934,1,0,0
43.53820413185004,1,0,0,3.7368593435057487,0,14.930495619306134,34.58839789337138,1,1,0
100.0,1,0,1,179.18382389185982,0,16.48247328270575,29.929371122281694,2,1,0
90.19634178685268,1,0,0,3.092391835056987,0,16.162990073732807,21.222364568533017,3,1,0
56.236993096445524,4,1,0,97.13687575726112,0,13.302369925419788,10.85345919997988,4,0,0
100.0,1,0,0,73.08569725418734,0,58.07657732350057,35.514702322964695,3,0,0
89.63530973983188,2,0,0,23.56959662235745,0,5.614194026511887,41.99517883820645,4,0,0
63.50337232982755,0,0,0,0.9493235162651206,0,2.2848451979050206,19.60478041072178,4,0,0
20.011885702528538,1,0,0,0.30572804328065406,0,53.056269876530706,2.7476907607224135,2,2,0
100.0,4,0,1,11.407417767299318,1,4.791514312535468,39.970319185086964,3,1,1
42.20855066472808,0,0,0,34.048736322995595,2,27.65842939772982,41.628520040750516,5,0,0
70.16436265519079,2,0,0,30.616159971245498,0,4.559938930922158,42.478788248673176,3,1,0
90.45140864019281,0,0,0,44.009100557718575,1,64.47074124268053,27.622444716988404,3,0,0
70.16436265519079,3,0,1,34.54584670920994,0,31.32007660013738,0.0,1,0,0
97.68545637021036,2,0,0,23.688906374327846,2,50.19665613320957,11.622773275451507,2,1,1
81.27818240104719,2,0,0,8.739322587407177,1,60.31250470416077,49.287953152448544,5,0,0
81.89508683330573,2,0,1,80.48412632458997,0,1.7640464653813368,9.741401341356266,5,0,0
87.06831117560615,1,0,0,20.225079721669914,0,11.361640465478649,40.49929317763032,5,0,0
85.17857179573531,2,0,0,34.54584670920994,0,20.888183847878587,14.681347511686129,4,0,0
75.62382847938751,2,0,0,72.26232727819658,1,32.435889234956285,13.172211743200407,2,1,0
72.08402207903752,3,0,0,136.01077350402028,0,13.621178176956713,57.388182861626056,1,0,0
68.74813744200955,3,0,1,123.23243102236366,1,49.20932162640962,57.94294533155692,4,0,1
54.92070822266648,1,1,1,7.392668983756084,0,4.994276946124117,32.44861079685712,5,1,1
64.38649846266452,3,0,1,34.97417598815268,0,40.22465551387462,22.7306635204556,4,0,0
36.14086371609229,3,1,0,4.873491112759869,0,14.378022889920718,45.480705020556336,4,0,1
68.033207464105,4,0,0,162.1788692237545,1,14.489544491541043,6.30595813616101,5,0,0
50.22817785698165,0,0,0,12.118095191255994,0,9.368277566815784,48.1739134148921,5,1,0
47.92821365568458,1,0,0,10.996783526359875,0,2.1852564266911196,60.307542287805404,1,1,0
73.59788302306957,0,0,0,109.85978174066868,0,8.52632162599638,38.71003941866854,2,0,0
97.84004572689199,1,0,0,171.86800475358413,0,11.128203652040256,12.558058955435861,3,0,0
70.16436265519079,0,0,0,59.80556589654472,0,13.04091307388401,52.86899660579154,3,0,0
38.589987927536455,2,0,1,6.448805396681791,0,26.872000713610863,34.69110503206241,3,0,0
50.20743726859325,5,0,0,33.26255698153727,0,8.679455672910173,27.894924343311335,1,0,0
88.81542375976431,0,0,0,84.80567476179196,0,10.437490787420272,15.46481807125584,4,1,0
50.35025212923381,6,1,0,42.48738102934128,0,47.31020016260467,12.902877600095099,5,0,1
65.50733700005951,0,0,0,7.112455788289296,0,27.932332629073976,47.30076487914204,2,0,0
81.00104198049104,4,0,0,9.430328277630158,1,0.4624202388653196,28.857219022993164,3,0,0
50.633110902727296,2,0,1,99.80713351538041,0,33.435710863637894,28.70051675710571,2,2,1
72.1075101229192,3,1,0,37.43607746178196,2,91.99156569772595,31.89122264805061,2,0,1
43.31949010163591,1,0,0,61.18102372177114,0,56.19094425020883,0.7139322685608889,5,0,0
57.97264712097572,4,1,0,23.34542330908119,0,36.15239963589795,29.66937104417795,1,1,0
76.39563868285074,2,0,0,38.016254602631136,1,19.84043295470671,29.902673360056905,5,0,0
38.14012532936661,1,0,0,188.83777563297426,1,6.519925453624994,52.42728639337456,1,0,1
78.80949475920798,0,0,0,20.00172181940282,0,21.25123641140767,42.41428341461317,4,0,0
69.60724402146637,3,0,0,56.163981183295306,1,23.78775837979861,11.786272920101048,2,1,0
81.04979908834295,4,0,0,9.467644369862565,0,6.613410491802632,24.098635940004502,3,1,0
74.47828268129322,2,0,0,6.490623548859745,1,5.896272147646976,45.69422951519381,2,1,0
97.28280859947688,4,0,0,76.5406053105046,0,10.114236401285702,10.4592974413175,5,1,0
72.50449005295815,3,0,0,92.9296583092782,0,20.496847176181888,55.4400545832527,1,0,0
61.41188917749494,2,0,0,55.1779796233592,0,6.936253846569271,29.392056275462497,4,1,0
72.44595006064567,5,0,0,8.610393897474959,0,16.223598445839936,38.043223955378274,4,0,0
80.86596058072776,1,0,0,13.760539205909467,0,13.621178176956713,23.37159307507684,1,0,0
70.97720140651408,2,0,0,121.05475544532788,0,6.993995821788359,23.16551039680786,1,1,0
70.81183382407765,2,0,0,17.03333446857788,0,67.61245171454073,16.17246153576495,1,0,0
55.96016624386489,1,1,0,85.42439578764865,0,12.824304992464889,53.05215963512218,4,0,0
56.74198164898104,0,0,0,16.83922449208691,1,2.1274057871744985,38.87657060050333,2,1,1
41.947894564006134,3,0,0,140.22467081927726,0,1.1322407768724272,15.503533651333989,2,1,0
100.0,3,0,0,122.93441637906571,0,8.270182925116949,40.58314218384372,4,0,0
45.1227352921743,3,0,0,2.2113461957699463,0,5.9885882404255995,44.10718681309133,3,2,0
56.141896044081854,2,0,0,73.57387674021929,0,37.12126624011122,46.221956152998715,5,0,0
55.63185468861605,3,0,0,9.284065335978271,0,26.760633114320452,34.22140337577975,4,2,0
87.89848753888883,3,0,0,12.120882067072971,0,43.17771162929195,32.564873364719524,3,0,0
64.10100643415944,0,0,0,30.794976833385522,1,17.795580774917408,16.028315825309157,5,0,0
94.95484145347467,1,0,0,42.93862292943485,0,11.434783265132582,49.974687681418146,2,0,0
56.530187515122634,4,0,0,19.71140296741131,0,6.309780626102932,40.000527293896994,1,0,0
75.57988324447604,1,1,1,42.828427686784536,0,17.498601701377854,44.833564235100646,5,1,1
53.293058934804854,2,1,0,9.356155571951694,0,19.247990739438027,1.7570459488901555,1,0,0
100.0,3,0,0,1.1295459219070592,0,9.98280211451912,44.34863713088971,3,0,0
70.16436265519079,1,0,0,34.54584670920994,0,55.16438418443183,30.37606782473384,4,0,0
76.19641420454055,1,0,0,34.54584670920994,0,20.430502240276663,42.41444464628551,4,0,0
82.67553761864197,4,0,0,58.50336795623519,0,36.33923190595608,12.030827630912523,1,1,0
78.27598194902997,5,0,0,52.465692965483555,0,19.372256757135883,57.197491134672724,5,1,0
66.29424682244583,1,0,1,113.88798067322942,0,7.611648866651363,20.220098862473627,5,0,0
67.40358600533148,1,0,0,30.76012932663502,1,26.68308450685618,47.276908845040055,3,1,1
70.87622943958219,5,0,0,0.420234770158361,0,5.233907567408934,26.929475238744825,4,0,0
67.05995996743023,0,0,0,49.80089176737083,1,18.156997377981966,57.754425637644474,1,0,0
89.27758233589819,2,0,0,56.21688276976964,0,10.295546530015935,34.4657762344767,2,0,0
100.0,1,0,0,36.85442983310884,0,3.247669804092863,58.2710864209684,4,0,0
58.85016429984333,2,0,0,58.44715688831138,0,10.662807644409284,28.949733407455327,4,0,0
42.603940408418445,2,1,0,19.547336574366252,0,7.429415268926302,13.307188325874225,3,0,0
68.23435903297491,1,0,0,8.055895756555111,0,2.3806731856435572,34.441821199941735,4,0,0
100.0,3,0,0,54.614664377208214,1,34.725915727459224,28.001587008034527,3,0,0
53.926508640605384,3,0,0,14.064224316883381,0,13.806326082869457,20.93844292009691,3,0,0
100.0,3,0,0,30.46934582013839,0,8.503856695694775,48.6472440355399,2,1,0
100.0,1,0,0,33.82657253800434,0,14.062505923981355,9.703559983775008,5,1,0
58.92823516584011,0,0,0,32.4277718689277,0,28.09593906525177,58.673533430764365,4,1,0
81.37966158370551,2,0,0,45.621054390670416,0,0.36929647276619904,27.224758410907313,3,1,0
100.0,1,0,0,1.4948089670216382,0,15.826306273740682,9.568683908163301,3,0,0
62.417445180250255,4,0,0,228.6956652474043,0,13.045893808198098,35.847328571227564,5,0,0
65.92839279795277,4,0,0,62.993742845663014,0,44.7116531049476,32.74144874288395,5,1,0
70.16436265519079,1,0,0,27.702993441257746,0,16.237337740561635,27.693150104607994,3,0,0
49.704865386142664,0,0,1,10.618219680003623,0,2.9542950242720063,20.552038242302018,4,0,0
57.01444909867986,2,0,0,4.178718465119654,0,9.842799698283956,49.711158600815736,4,0,0
45.52119466475487,2,1,0,55.7661194936096,0,19.40804260740217,38.09081346144567,4,0,0
70.68166936518452,4,0,0,19.059771805171017,1,0.9404445060662217,22.71480938682324,5,1,1
54.60053537882716,1,0,0,13.03438332342773,1,43.195529389829986,35.973479852457714,4,0,0
74.67571823581495,1,0,0,23.898111723771148,0,1.4037790311041718,18.30013952864458,4,1,0
38.88208707592746,2,0,0,44.93765689736723,0,0.6213760680290131,44.6780724235893,4,0,0
76.61760464428914,6,0,0,55.692167229585145,2,0.04035216206558265,61.45126955961219,5,0,1
86.6705792321785,1,0,0,51.805833645052914,0,23.02409642660741,46.60644600886365,1,1,0
30.12528714857089,0,0,0,99.48574001195763,1,12.173182888539568,20.091616716503175,1,1,0
77.48113139695144,1,0,0,12.343479487325524,0,2.1699239628247176,15.566403849568687,4,0,0
94.55337984946584,1,0,0,50.63267070785336,0,38.78782205751005,31.482801769842048,1,0,0
45.807179626175895,0,1,0,5.329973930894268,0,4.5309937646695335,5.858726210399787,4,0,0
100.0,1,0,0,34.54584670920994,0,7.900124635814434,43.72429138362377,5,0,0
78.38038018732091,1,0,0,43.84850148523643,0,3.9135220343698824,39.9859475776817,4,2,0
55.89976288483182,4,0,0,12.182449082983895,2,52.27926021032668,27.69853484986048,2,0,1
68.88461844684588,6,0,1,24.853790196766205,0,28.38187108862398,25.649276302363717,3,0,1
81.16653825043444,1,0,0,87.77896376084317,0,25.74371149561726,28.34143765606829,5,1,0
71.52010782824823,1,0,0,8.032448874061902,0,0.8998642659167237,53.42691888977712,2,0,0
80.77511984892739,1,0,0,28.5027971509446,0,14.79227251119739,23.915883471704323,2,3,0
51.586528138412675,2,0,0,134.95432814904626,0,17.1346246829498,12.060642894513705,3,1,0
73.38721648072156,0,0,0,35.0699494336552,0,9.642199203425445,18.273350933551477,2,0,0
41.7257100619004,5,0,0,64.57352622047573,0,7.764970856313357,44.84094547709927,3,0,0
67.775478773026,2,0,0,87.68448231500176,0,13.621178176956713,15.588412580123961,4,1,0
51.921847170704204,2,0,0,11.393634230758813,0,0.46571218045362306,47.97877770263098,5,0,0
55.28940114820467,1,0,1,12.308918591404737,1,19.635519261449826,26.977059749952776,5,0,0
94.72186350420876,1,0,0,71.06322889074426,0,10.02565649435643,3.0967338542959695,5,0,0
91.82620241188538,1,0,0,69.9804784530108,1,21.92933271317304,41.230212949118524,3,0,0
82.18276241814354,6,0,0,3.1035222347191858,0,4.410877313418055,25.92967468004888,3,1,0
48.15374470654842,2,0,0,19.467156473572622,0,5.453487853348589,35.57333901498112,2,0,0
63.671831006103965,1,0,0,25.419138158091346,0,17.679075393321796,20.651704488613426,5,0,0
94.26195399958367,0,0,0,88.31640140032576,0,78.1791006153805,48.46398871088102,2,1,0
72.83433827279809,4,0,0,27.39715631481758,1,73.52604399735544,36.684914118590356,4,0,1
100.0,0,1,0,130.1364853344507,0,5.726486127620704,62.495828253663205,2,0,0
77.86635678788744,4,0,0,34.54584670920994,0,2.159523789386904,40.65812606855648,5,0,0
73.84098232980062,1,0,0,75.87169726442832,0,17.848712711711812,26.508414208266842,3,1,0
63.81767071594997,3,0,0,54.88863549573898,0,10.893943796225887,17.032470832393415,2,1,0
72.67081809564564,2,0,0,24.870563821403106,0,28.68338277720966,8.741356629973481,2,2,0
70.16436265519079,2,0,1,3.4696178877643833,0,15.014836272977043,28.068611052535957,3,0,0
84.1621735337718,3,1,0,42.56481374972568,0,14.290963375715293,28.652259138803238,3,1,0
89.13404633589168,1,0,0,22.44772860381462,0,20.795165462650843,53.86476491845737,5,0,0
54.28021078984101,1,1,0,21.608276329233654,0,2.703075756471539,23.831970301959576,4,1,0
43.37534092884444,1,0,0,58.19103213819447,0,22.612075843982392,45.22046902565493,5,0,0
33.27589253793407,2,0,1,31.147425286326126,0,13.408924195752546,28.398786130748682,2,1,0
80.15982653825087,1,0,0,69.73525053836957,0,34.31231586692742,58.37766450285861,5,0,0
47.93266787652253,1,1,0,25.389281020224757,0,2.986406747867163,6.510192300300506,5,0,0
26.942188140950343,1,0,0,8.176759667512343,1,7.1548545367895,50.280729213884065,3,0,0
77.77157209061929,3,0,0,30.934233852089086,1,60.01343867846775,22.514921731258713,4,1,1
100.0,6,0,0,150.80952039426907,1,16.10719477156914,43.373465353528175,4,2,1
70.16436265519079,2,0,0,80.85451313534604,1,52.986476939430574,53.57652181124959,5,0,0
86.76981548903284,0,0,0,11.517803396675374,0,23.361504898315463,24.731833926363972,3,0,0
71.6365871709513,0,0,0,24.82152838038443,1,52.190729961731876,13.556110886064687,3,0,0
68.02220693617714,3,0,0,131.4102877298129,0,7.649418771181552,12.103386027243488,2,1,0
88.38152965975537,3,0,0,6.602285338785749,0,1.8979479843205638,17.190705475268842,1,2,0
64.19450911622697,4,0,0,14.648149054488101,0,32.41420058393808,0.0,2,2,0
75.34784628143805,2,0,0,15.205659403599883,0,32.64070156753119,26.586164584582264,2,0,0
76.43395612392027,0,0,0,42.30709526527095,2,19.290027998399594,39.74674978724927,2,0,1
56.63819092713902,2,0,0,26.443821495325654,0,17.329555302809595,33.689796932772396,1,0,0
89.84084699073045,3,0,1,4.16205235375902,0,49.28048521319211,24.32928106979461,3,0,0
66.50080486609183,2,0,0,49.602121595811134,0,3.8837973565167165,16.697022965521477,3,0,0
54.885096810143104,1,0,0,5.21682226096933,0,19.17029351555468,21.43576654021219,4,0,0
80.73019687140807,2,0,0,46.62290257311887,0,1.0210372248493633,34.25566031072994,4,0,0
52.030640364179256,2,0,0,35.363155175699724,0,3.036582724933725,42.37882754612407,5,0,0
70.56362314738257,1,0,0,34.02820016476179,1,11.499190257991106,7.569861156380998,5,0,0
69.81762006711593,1,0,0,3.4941050491755568,0,34.43057265821998,32.360645491055976,5,0,0
91.71791131663156,4,0,0,50.974408168138254,0,26.420074264266113,33.975938145434895,4,1,0
79.49396465759905,2,0,0,28.221892396663407,0,73.04276782892995,15.847831786701542,4,0,0
69.49946082509712,4,0,0,34.54584670920994,0,0.9177093556192457,38.20407150949091,2,0,0
86.35532598400574,1,0,0,45.372917177680186,0,9.604383617800483,44.00183623028279,3,1,0
97.80415098034626,1,0,0,46.60170808672764,0,3.4582980065776097,21.44882797089481,4,1,0
81.15620612703725,3,0,0,0.7573720592712547,1,0.7532332902583985,17.00108194313109,1,0,0
70.20705239686761,2,0,0,6.689479938026138,1,6.141309283999014,62.332783502924656,2,0,0
43.76327535299681,1,0,0,13.493300974990003,0,5.606764603543195,42.00719712525991,1,0,0
48.69772673849255,1,0,0,56.656667128987735,1,10.895499340714537,32.69668466068026,1,0,0
63.89550591290665,1,0,0,42.98856471446496,0,3.018346439691113,19.88616177504767,3,0,0
57.809755956814335,1,0,0,70.86431075574828,0,13.410796440363733,18.408712033425754,1,1,0
66.26057394029108,0,0,0,67.47070491576392,1,50.53916983377273,38.59662209153065,1,1,0
71.13299849794214,3,0,0,95.92837374145192,0,27.581524024449344,17.662122077213606,1,0,0
80.59385508713461,4,0,0,23.645581571216788,0,36.925664296274455,17.01336279281956,1,0,0
68.59002443881818,1,0,0,21.16087768621152,0,32.667297179887804,27.975857785720493,2,0,0
79.73003287652404,3,0,0,88.89738552704813,1,9.873678922859325,39.57411656790426,2,1,0
71.2894882962024,0,0,0,34.54584670920994,0,24.685962497803406,56.459733332568085,3,1,0
30.490668672922574,3,0,1,30.917978097745202,0,13.621178176956713,33.60615620242,3,1,1
51.21329212362491,1,0,0,10.803782644330328,1,4.604574482018428,17.676360886190682,1,3,1
67.1182488855677,2,0,1,122.57789298358614,1,39.35977323761091,25.98402940253891,5,0,0
45.806105143177845,3,0,0,26.19579756494631,0,12.240466634502749,49.56186579491997,1,0,0
81.9985745999241,2,0,0,11.943763562677146,1,0.32990075412221326,48.04726834587696,1,1,0
100.0,1,0,0,58.88494864133783,0,20.621920218562153,48.70612127412938,3,1,0
94.37523703394633,1,0,0,14.028350777774373,0,22.587395261133302,45.20515057793009,4,0,0
65.73114258139584,2,0,0,143.67892078938146,0,16.04863199008297,58.71152711270599,3,0,0
99.81452273699904,1,0,1,22.913003957349577,1,4.775687191722321,33.111335445624434,2,2,1
72.97334914404223,2,0,0,54.62764103435184,0,13.16633826325277,41.275437494684255,3,0,0
63.25828057763921,2,0,0,21.17470269892418,3,10.220761268110765,17.901068417158772,4,1,1
57.7319467291812,3,0,0,82.31691755367483,0,73.5280118746833,33.49452238586548,1,0,0
63.95060627023743,5,0,0,113.61382423848809,0,13.621178176956713,34.08930004283021,4,2,1
62.236463629175425,2,0,1,77.53919906704583,0,28.70125733780339,41.82980087229098,3,0,0
73.40832444750976,2,1,0,94.35815885038082,0,3.9952238126346407,20.6245112500071,5,0,0
73.2114796209973,1,0,0,5.372625558746201,0,8.040620748322441,6.52235130634201,2,0,0
70.0609204030683,4,0,0,128.89366573032126,0,9.551422551608468,21.288315916663255,4,0,0
78.73876339492699,2,1,0,48.94831332250454,1,13.570197896389523,45.92718047177459,3,0,1
93.81292549572683,2,0,0,101.71099434554087,0,0.6138138002464206,26.816470427040265,1,1,0
88.99108270882647,0,0,0,57.6698093305127,0,17.97929534397359,37.04110611505273,3,1,0
40.30204063100193,1,0,0,11.272790410028332,2,8.85887096993915,21.021578561881306,1,2,1
18.9215773019609,1,0,0,47.02342125126722,1,16.495990584775353,45.61034459742399,5,0,0
88.68639822478548,1,0,0,4.767552216736174,0,0.18037865676539028,28.413345696096414,2,0,0
42.66242603169158,2,0,0,59.49084537765367,1,7.755445243713264,28.202840342099954,4,0,0
65.50469196214632,3,1,0,26.297059617014657,0,29.277859348672433,49.91293101051049,3,0,0
46.59773947881281,3,0,0,8.228001916028749,0,13.906252570099713,53.64783995543843,3,0,0
33.9603912483996,4,0,0,193.71183879334387,0,31.107265982883376,50.209741107171254,4,0,1
80.82925456409576,3,0,0,115.67442812337127,0,24.010268731380144,25.081427065944887,1,1,0
85.18310320605293,1,0,0,112.00104162914025,0,38.609478578930336,21.07791349065176,2,0,0
58.46979198546561,3,0,0,77.75229396368476,0,0.14942860610373557,16.323985276571598,5,0,0
18.179154157101806,1,0,0,58.87971079423308,0,6.057958082105901,7.667055765230256,4,1,0
59.075111034950346,2,0,0,53.222063307523406,0,15.916968109848074,16.007124815865666,2,1,0
77.83608010805094,0,0,0,5.607723659613718,0,56.6104853191372,17.26952062097009,3,0,0
40.421768624517426,1,0,0,115.41317690372313,1,22.77557621942815,11.07246600120062,2,0,0
73.66719839558311,1,0,0,106.48556644552552,1,12.197778919796,7.242090980228646,5,0,0
69.69380301654009,4,0,0,68.88707735155096,0,13.621178176956713,10.445367110130327,2,1,0
81.58582999202177,1,0,0,131.08098400298363,0,13.593382569269048,29.234744344256068,3,1,0
72.39160736828306,2,0,0,40.2691696981625,0,11.63522807441579,36.609827199763465,5,2,0
50.538621182368885,2,0,0,29.67797490890484,0,30.141532521408976,35.28424230741533,5,0,0
93.93143003328983,1,0,0,34.54584670920994,0,10.666491434278493,22.175122801780603,5,1,0
66.8294085394606,3,0,0,31.19329506110806,0,7.679104510432429,24.768827542966065,3,2,0
69.45390920980137,4,0,0,51.26685173360804,0,1.8800537132630009,35.50911139398411,1,1,0
51.33464081853608,0,0,0,23.345393052913156,0,0.9523393950568708,32.88687224295441,3,0,0
61.134354976169796,2,0,1,50.5749019262178,1,11.565480468504177,38.42650044383677,1,1,1
52.30394571946198,2,0,0,63.66596470672522,1,8.51933616674479,15.564264230187629,1,0,0
66.54107880153154,5,0,0,34.54584670920994,0,16.208194661902095,56.008616053844406,3,1,0
100.0,2,0,0,36.13528208534576,1,13.621178176956713,39.47136680434967,2,1,0
42.56197714137287,2,1,0,17.841661939423116,0,0.8165818403630749,41.141925082950316,3,0,0
37.72877204246518,4,0,0,51.619557403105645,0,13.712197538801558,14.086405518026613,5,2,0
99.42340654987217,1,1,0,119.53197537592857,0,39.6059589842786,13.738976092967,2,2,0
65.81352645696268,4,0,0,0.34682969027838384,1,12.14550387372089,19.539915736671524,4,0,0
56.61854522680167,3,0,1,7.189420965430311,1,14.731209381302218,41.054642002023556,4,0,0
90.79809374792153,6,0,0,6.378781514801162,0,13.341474950593975,12.643076793090817,4,1,0
57.88768920526272,0,0,0,128.3309844648238,0,9.879138030566295,36.69756512988572,5,0,0
100.0,3,0,0,54.34619656617882,1,2.3333624363530965,51.87916261080136,5,0,0
83.55851742678539,1,0,0,151.60747673164806,1,2.701651116728099,19.39472583290226,1,0,0
60.24177183708595,1,0,1,43.711068567413605,0,3.946817485314786,15.952770706144097,5,0,0
100.0,2,0,0,30.970018417047513,0,31.458710204858058,19.033710015542233,1,1,0
57.88570153993323,2,0,0,78.59335871166367,1,6.44084149604557,27.53810901113665,4,0,0
84.84190744018613,1,0,0,8.773788188407636,0,59.17789633719022,44.25306923805635,3,0,0
75.98585160812983,2,0,0,24.009819272517305,0,33.23254442947184,45.17367101469034,3,2,0
96.03482578797596,3,0,0,31.393656549570633,0,23.074510121950055,41.98089228190342,5,0,0
100.0,2,0,0,17.723753593924478,0,25.487449683487924,0.8434026540198971,4,0,0
70.16436265519079,2,0,0,23.203909959288943,1,0.9760796675437107,27.18868105055207,4,0,0
54.93164259307633,4,0,0,4.066207376756088,1,16.804628192663888,16.76651795779859,1,0,0
79.19944285878233,1,0,0,11.031310464599848,0,56.62365751045533,36.06464016349737,1,0,0
56.44569260495788,0,0,0,20.43577326484455,0,13.621178176956713,43.50061222522221,4,0,0
100.0,3,0,0,79.45491686628814,0,6.878461020959853,22.512879125872107,5,1,0
72.73070662165475,2,0,0,10.075057027487091,0,1.057712115885294,58.819508064315244,5,0,0
62.69356897375783,5,0,0,21.281378616687547,1,16.86738538210243,16.408317303588156,4,0,0
73.69360611729817,3,0,0,3.3561750030996587,1,2.470503918304463,37.97983522642773,3,0,0
43.05747420940607,7,0,0,40.72105390252701,1,13.049709976798937,62.1669185616,3,0,0
50.567719229786974,1,0,1,47.24105500490955,0,25.455702184287823,43.77118156671654,1,0,0
94.00827815888852,4,0,0,100.31567461777557,0,3.5930273369768813,38.91725699939591,4,3,0
56.862114420572084,1,0,0,85.49496644331926,0,28.15971348279923,27.443779496621456,3,1,0
49.0617803463612,2,0,0,16.800074200002495,1,1.2418588018013323,39.17214349272718,5,0,0
80.73305505054572,4,0,0,7.364346337716113,0,3.24154478248772,21.718753703187453,2,0,0
93.71408309325994,2,0,0,8.485067318229179,0,6.573147218369707,46.919723017413645,2,0,0
84.37906621330134,0,0,0,173.63028113391945,0,31.802420553215516,19.137680715698494,4,1,0
89.92095371611633,2,0,0,55.92429546733868,0,37.96065991418905,26.273864848212874,1,0,0
54.864098228610786,2,0,0,2.1751745240447673,0,4.978968387763717,17.408785215093552,2,0,0
41.56378666516312,0,0,0,7.354241635504698,0,2.0137363224273415,24.847769760497087,5,0,0
100.0,1,0,0,33.25715553783244,0,37.67141481697752,23.1305475004541,5,0,0
63.546403223157284,3,0,1,11.64888771652699,0,20.960328687467474,0.0,5,0,0
64.98333967089906,0,0,0,34.54584670920994,0,3.4360717747814036,30.50072699619376,2,0,0
96.56388283698115,1,1,0,42.573993356433505,1,16.31609689048885,22.738329484522964,3,0,0
81.1246001880132,1,0,0,47.4190334898043,2,41.172621058429506,10.357407086500444,5,1,1
79.11775544163216,2,0,0,31.071618663109874,0,1.440985222354175,19.732172693553984,1,1,0
70.16436265519079,0,0,0,14.789931164093439,0,1.7486926105743028,35.424319149363605,4,1,0
57.12963539239714,0,0,0,44.507228712369376,1,6.393302709672678,3.3907847652784824,4,0,0
88.55680256162475,0,0,0,63.11012714924822,0,21.126137853124256,27.589776753045058,4,1,0
71.14026249794169,3,0,0,23.177073910037098,0,3.920504722671078,47.1836553635542,3,2,0
75.37184557726513,3,0,0,35.154182267863746,2,33.89634382047832,23.513595133188176,4,0,0
100.0,0,0,1,91.53041136553442,2,27.760331008335353,51.936308759335034,4,1,1
80.15671512579247,2,0,1,8.048463120407064,2,16.46533844136536,46.137236439803516,2,1,1
80.76592158099265,3,0,0,39.39756054412771,0,2.4674961586357744,35.46047755314682,3,1,0
91.45014674619604,5,0,0,21.417191717397085,0,88.82675052697174,29.63781829273206,3,3,1
62.70094540914229,3,0,0,60.66661645353755,0,13.468209915143772,30.10095525512896,2,0,0
53.21580665321987,1,0,0,0.9494703037925758,1,12.032269649064107,37.34892910600229,1,0,0
49.10381611957933,3,0,0,55.50489479293803,0,108.3829593292107,59.984563799233314,4,1,0
30.672868212479962,2,1,0,5.429270726064513,2,39.88264422279235,37.51306115420257,1,0,1
100.0,0,0,1,3.348019400880633,1,12.189644847606804,52.3270682678387,2,1,0
47.93583268556634,2,0,0,64.48076519799363,0,10.853309696716133,12.613876113464372,2,1,0
70.16436265519079,4,0,0,51.13010621027426,1,2.0165136618092125,21.896175604419646,2,1,1
64.46373400222159,3,0,0,112.65924664676315,0,52.21259400705009,30.24919389454738,2,0,0
76.14813395618202,2,0,0,36.662529562071526,0,37.12914056828747,50.1528421700324,5,0,0
86.31474425078594,3,0,0,37.75372774176087,0,7.42134588533589,3.1269536622041265,2,0,0
87.2094697671949,3,0,0,61.38217720463891,1,27.993370969274967,75.26630921623105,1,0,0
58.33845122862123,1,0,0,19.533572027253246,0,28.771082555104268,29.995542203519,2,2,0
66.65756572427178,1,0,0,1.8805481567577176,1,5.173101687671818,47.66997670218757,1,0,0
75.65159900976599,5,0,0,13.071213991314275,0,13.621178176956713,29.759298780732948,2,1,0
65.02617747632905,2,0,0,13.591316218212782,0,5.888194472965075,17.764856150185537,2,1,0
100.0,4,0,0,20.44797408718944,2,31.20210571190316,55.70009331411803,5,1,1
79.81949903276502,4,0,0,143.6427633030438,0,3.340220134144116,27.100257341672318,2,0,0
84.69755572099635,2,0,1,81.69749422447944,0,22.10705904083596,19.125210199524666,4,1,0
83.25762537334825,2,0,1,137.40943802742768,1,7.8908508911745,35.76970744148337,5,1,0
93.4694771497065,3,0,0,328.9078346287702,0,0.7370571714317327,38.941082162061605,5,1,0
73.62043117407414,4,0,0,28.43854124212626,0,2.641041614599722,35.02256512175811,4,0,0
44.063361040883066,1,0,0,12.878554091369368,0,21.27837103173166,36.24424880933695,5,1,0
77.99375903505283,2,0,0,41.049500475642255,1,5.4864818628025,35.71062999458882,2,0,0
56.97286212416342,1,0,0,106.48809766225105,1,19.94109000399207,48.49702645222219,4,0,0
59.42766636500487,6,0,0,31.34287165584974,0,10.716789764088208,30.849041421272624,2,3,1
81.72728037510187,2,0,0,35.20022569057054,0,23.59949248530998,20.27749327561404,5,1,0
94.76566142867271,2,0,0,7.218877486918235,0,13.582858872258477,40.83655239588592,3,1,0
70.42543153472123,1,0,0,27.27564079948921,0,7.379204777795417,0.0,4,1,0
76.17666025197927,4,0,0,24.469093810579345,1,3.1522474883611036,39.03022190120164,1,1,0
100.0,2,0,0,34.54584670920994,1,8.3436169759778,52.6126679424996,5,0,0
74.81506358977137,3,0,0,109.15070280456143,0,20.151355400756678,41.431740259477564,3,0,0
100.0,1,0,0,3.056626178239881,0,26.977929643122756,6.168922914291731,5,0,0
81.31019291263088,4,0,1,179.04105825129693,1,3.4951568747166255,51.636501938646376,2,0,1
34.784744816883645,4,0,0,0.4140509228291611,0,21.829103771707814,21.715777542202396,2,0,0
85.06683242209066,0,0,0,145.5640546743304,0,3.951453554829957,32.99032476637322,2,0,0
77.62316769765556,8,0,0,39.708909972414375,0,5.0159315089676575,49.35783355306801,3,0,0
95.79505508165491,3,0,1,60.60785092477193,0,15.156583158351335,20.7320673166454,2,1,0
83.46362702539916,2,0,1,10.359379477286733,0,6.827348425552296,32.08422902526408,5,1,0
67.23088032032453,3,0,0,53.09640376685763,0,21.67026359634848,10.436531261965563,5,0,0
45.51403527421269,0,0,1,106.83559887791712,0,62.37003532767573,27.206500378430672,5,0,0
65.8195348542795,2,0,0,7.510929189934027,1,3.2243297100413892,12.498239825445406,4,0,0
52.989590915814,2,0,0,6.795660618082255,0,16.903175172391393,37.249728771036025,5,0,0
58.389531003905546,1,1,0,18.118693971182147,0,51.356858290287406,8.245520216528877,2,0,0
81.7715680884122,3,0,0,8.820506734999014,0,3.8845383434862377,28.654827956607868,4,1,0
100.0,2,0,0,5.862987584916696,1,9.14098689793412,21.49365581415716,4,0,0
77.89343059645962,2,0,1,56.70975097924561,0,2.639037613976964,19.263832046422984,4,1,0
46.08233875929631,2,0,0,12.028895894666647,4,20.546553131017504,46.51404877459848,4,0,1
78.89205336440281,3,1,0,54.982876647579815,0,22.121376051683697,13.88894351164997,3,0,0
93.93262973291303,3,0,0,98.99944391495829,0,21.823737673139618,21.857883241348517,5,0,0
57.804341913612355,3,0,0,52.78120207189302,2,15.623270630463704,32.880096871314365,3,1,1
67.31965666654165,1,0,0,6.355719565280409,0,27.428971566060213,39.6371517749192,1,1,0
70.29376389458395,2,0,0,42.61624069080703,0,0.7307341311774357,2.907042843545117,3,2,0
54.3020337383552,3,0,0,25.01313741162266,1,63.17137210145443,27.323071460188423,4,0,1
82.96560867687718,0,0,0,21.031800580113437,0,5.023048460558405,41.350089287055845,5,2,0
67.58103702784437,3,0,0,19.175260222533907,0,2.592198260963274,54.957310995324974,5,0,0
78.39064887814055,1,0,0,132.55908333591148,1,56.65052620261834,30.478032683303457,2,0,0
52.250156443958,1,0,0,67.83822586346973,0,35.49060493087199,8.991215429188458,3,1,0
61.25083399353179,0,0,0,7.1847888893467315,0,28.952370190753165,29.80713971115178,5,1,0
70.16436265519079,2,0,0,32.31370261102384,0,2.2129495394472785,22.775759379680462,1,0,0
62.54333695816466,3,0,0,19.15263822296738,0,32.956217922552405,35.10180660791639,1,0,0
100.0,2,0,0,190.69563871226973,0,18.782157639137303,57.61098413359605,3,1,0
62.00727628770795,4,0,0,190.90153229922805,0,26.32854705825356,12.414823408455689,2,1,0
70.16436265519079,1,0,1,19.248905923612696,0,76.39824952500727,46.453475538601694,1,1,0
88.65181663746179,2,0,0,21.70195799102178,0,4.32438104972827,43.5464618037122,2,0,0
41.63268534133937,1,0,0,45.741366051185096,0,14.038994624366373,39.81594454619551,3,2,1
34.78382376038448,2,1,0,32.62973449306916,1,27.995856858344194,33.927584508970966,5,1,1
39.486873708598104,4,1,1,11.98276058945257,0,11.371084618176665,61.118790701752275,2,0,1
95.25168206854364,0,0,0,54.00113262986391,0,1.1240662166599562,49.35381574870294,1,1,0
58.96283708215107,3,0,0,20.33293930355871,0,2.363037298009778,21.24120116448195,2,1,0
100.0,1,0,0,53.0248735220875,0,18.430687744008296,30.737187171352137,5,0,0
58.71504802685223,2,0,0,24.19957199218566,0,6.7095707090571155,13.721952171008006,5,1,0
73.69102606394074,1,0,0,60.233634769006095,0,2.9663032297113467,50.81368225858951,1,0,0
100.0,2,0,1,55.10082445289124,0,8.307036344699597,30.70826902374836,2,0,0
70.16436265519079,3,0,0,35.546493569047364,0,4.487409374512695,1.1302756323166747,2,1,0
70.16436265519079,3,0,0,60.99494617076074,1,0.4846134508050184,0.0,4,0,0
94.16732461186285,1,0,0,30.898801482028563,1,3.2931062827970354,21.62800711448024,1,0,0
90.48125051622925,1,0,0,6.172733807585163,0,42.924957978246276,17.36367422898083,2,0,0
81.85053898402366,3,0,0,10.05114224358996,0,0.24220634545800576,23.35271122082032,3,0,0
85.56722152333276,5,0,0,14.11769025672446,0,29.731162510097775,26.89589783004915,4,0,0
58.97628567342933,1,1,0,3.2658173503219063,1,28.004710248707987,49.44505456700507,1,1,1
53.63602233155386,3,1,0,62.13242820897831,0,16.61316682143529,51.37180723576385,5,0,0
69.93251085178096,1,0,0,22.895075951143674,0,4.675188155744994,63.493396450303436,1,0,0
66.59630754950143,1,0,0,4.90949741599427,0,42.084395943987154,55.625230207856816,3,0,0
60.9354390134545,2,0,0,85.72828962590076,0,12.890019346216835,39.44355655376171,3,4,1
83.92774894913431,0,0,0,57.545981345467936,0,3.8039997025228938,8.974844602517866,5,0,0
89.10610417141021,2,0,1,30.094463380740866,0,11.208112732798934,42.031360577071794,5,1,0
70.16436265519079,2,0,0,14.212753240660126,1,4.336203683430319,6.334006214268104,5,0,0
99.55060162110524,1,0,1,8.228751726560986,0,9.432349532100035,34.975197586442455,4,2,0
47.1662177173299,4,0,0,30.658995333194344,0,13.730891357590158,7.67689397219894,3,1,0
66.12681081440564,5,0,0,108.24811663912126,0,8.922645095548397,59.135306664881554,5,1,1
55.6635535879439,2,0,0,10.437095434560117,0,21.40307838153513,35.76274168917769,3,0,0
32.6692676585388,1,0,1,42.0428424643556,1,54.951774170527614,26.909669983393208,4,0,1
68.34638628314602,2,0,0,163.09698948197712,0,8.558796082042882,23.231798350770326,4,0,0
67.56504983233432,3,0,0,50.6836819448427,0,8.79304306076117,29.4705282038306,3,0,0
100.0,0,0,0,28.987775768584783,0,26.811318201601473,19.093235843551717,5,1,0
82.61623369109554,1,0,0,63.004759446579385,0,15.12561352905809,25.078212768258386,1,0,0
49.5162635134159,5,1,1,87.02801588392146,0,11.201698345913842,0.0,2,0,1
100.0,3,0,0,44.64290879802506,0,33.61955783558238,16.18696359652499,3,2,0
94.42067391050706,0,0,0,102.72080882990728,0,44.33476686348086,12.565450537764622,4,0,0
81.64195406937232,4,0,1,36.13825044287563,0,17.86059780470704,37.81476648734312,5,0,0
65.47031802300336,2,0,0,88.6063728849596,1,4.093877776154676,30.5021085051417,2,0,0
50.81121526553041,2,0,0,151.8477595109053,1,12.55789912095874,42.99909392421009,3,1,1
62.55586447857894,1,0,0,34.78186060820679,1,14.03853868690179,23.686826079254097,1,1,0
91.77497239408372,4,0,0,46.443692867221756,1,11.319979844991558,31.696379369468907,1,0,0
100.0,1,0,0,47.01220982553222,1,6.087936547872662,0.0,4,1,0
100.0,1,0,0,76.03356008849703,0,12.785373308248642,43.66385184391308,4,0,0
60.223011564274515,3,0,0,86.57062858406172,0,11.83153825200515,48.999192775753606,4,1,0
47.607651334219774,2,0,0,1.3803452063470847,0,4.701628600440076,39.76367742472635,3,0,0
72.81772493822407,2,0,1,66.09271050797305,0,46.74987800170612,16.791989618799633,1,1,0
34.63121268874297,1,0,0,76.58109439831615,0,43.315846885857056,38.308518959308714,1,0,0
76.46335428369562,2,0,0,60.27026473556673,0,28.510388332741066,32.63232430799367,4,1,0
67.04794827402662,2,0,0,62.53499528522383,0,13.621178176956713,0.5957455072761064,4,1,0
60.67926996263515,1,0,0,2.1142187463861934,0,9.251566357146856,48.61784381774612,5,1,0
38.10593865466409,2,0,0,29.173280282402086,0,25.20842075367252,13.98861948820224,1,0,0
80.27200213139433,1,0,0,85.23680828895596,0,18.73595312774459,38.626460028036725,4,0,0
59.34598320676177,3,0,0,135.9104372125437,0,18.355753231629603,30.42618409832783,4,1,0
46.60166328579424,0,0,0,13.033699526459957,0,13.621178176956713,50.21434128123977,4,0,0
12.554755734367014,1,0,0,43.279279687724284,2,19.261556536049675,17.044817195597364,5,1,1
69.44970189898727,2,0,0,81.56634682254928,0,46.427818614167975,22.415801261181183,1,0,0
100.0,3,0,0,69.79858032077122,0,1.7944785946324773,40.337961892094214,1,0,0
100.0,3,0,0,48.23337692801359,0,8.285212482179947,21.03813002901603,1,1,0
60.858074868274564,0,0,0,0.9434038076204592,0,14.22680516856152,51.34762987875937,5,0,0
57.955758792764385,1,0,0,64.34704379995642,2,23.167850636958164,18.641477657708602,3,0,1
79.37548512150047,2,0,0,74.19370644592428,0,1.878191672182608,38.82445691489703,5,0,0
50.03229121623417,0,1,0,64.15973114735037,0,41.24086637278375,29.93869352247085,2,0,0
76.03583799638932,2,0,0,72.58094734078766,0,0.8278102137354928,20.141311212717966,5,0,0
85.32160556769381,3,0,0,28.186264127071997,0,38.994903219455296,49.76214982307687,2,0,0
94.53866447768615,2,0,0,253.7758611126911,0,0.5608252565675393,14.2050546872652,4,1,0
67.99691847040094,4,0,0,73.65516048502383,0,3.3334521600666713,37.971023223626446,2,1,0
65.92652499646069,2,0,0,43.218132577290184,1,32.22116720838831,0.0,5,0,0
52.440348264868774,2,0,0,136.05013854145793,0,39.3457619630911,34.84240152382762,3,0,0
53.4623929192028,0,0,0,119.40624464133398,1,80.64523903431896,48.33429051534696,1,0,1
65.47042216196947,0,0,1,84.25310002477214,0,2.4595135198963387,27.76794675290635,5,1,0
77.34731013632356,2,0,0,41.470677661325894,0,14.950002643438287,33.183970680075376,1,2,0
88.27169252466499,1,0,0,37.44367422172337,0,1.6058976977107005,55.58945108654305,2,1,0
53.9364209863931,1,0,0,19.92754819744601,0,3.401717404096542,45.860795028118744,4,3,1
99.85377137919043,3,0,1,14.442669849493376,0,3.8351715039403143,0.0,4,1,0
64.57752797914863,2,0,0,34.54584670920994,1,1.3097287698465383,21.832655989959814,5,1,0
69.57265411303128,4,1,0,43.11164731410087,1,44.69475465371441,25.700392118697625,2,1,1
55.05576641704353,3,0,1,14.020524163348922,0,2.701635145278391,34.6853588595285,2,1,0
21.515194794541166,2,0,0,127.93922831949737,0,19.849447059405758,29.04291451005703,1,1,0
87.680907927221,1,0,0,40.74021015375135,0,19.656468243889982,22.14507612293057,2,1,0
84.73687794184866,1,0,1,37.38073066332224,0,4.429029807297195,21.163543321281338,3,1,0
64.37344885763574,2,0,0,28.60300387785955,0,128.89629615148942,8.412049506682262,4,3,1
71.33981434449744,5,0,0,2.9912846372219137,1,8.534830277444387,14.866257928265746,3,1,0
80.31878435408198,4,0,0,107.02387955148455,0,47.09744519342256,42.6094740884909,3,1,0
38.74908286226915,1,0,0,19.062598310789326,0,59.24004453647028,14.276587554850998,1,0,0
59.418946453074106,0,0,0,51.425448523330644,0,59.51420685699256,17.966032196413465,2,0,0
85.88529359243654,0,0,0,46.75247397879308,0,27.954192367298397,8.130181463813962,1,0,0
44.914211536615014,5,0,0,43.91204786650882,0,5.8553665190549085,35.76193724123927,4,0,0
75.87115864333259,4,0,0,37.29704863937486,0,2.5715673383252686,44.401715313489404,1,0,0
42.8683639075319,2,0,0,10.01041882709299,0,16.874052221495063,47.44463526540895,3,0,0
79.32859964867053,2,0,0,16.46728640402299,1,8.926964936735347,24.161001273783768,1,0,0
69.28717035405033,4,0,0,37.136630526852464,1,35.561748597470675,29.031020245650662,2,1,0
37.69736368188981,3,0,0,77.87607286684607,0,27.329054504769665,30.431493226847557,1,0,0
93.29478708914343,6,0,0,28.280722129026444,1,6.472218275849107,23.721646247980985,2,0,0
55.308168464039014,0,0,0,11.402940135122229,1,0.343233121923608,34.94718610028862,3,0,0
53.79495125971238,3,0,1,4.602717652554198,0,5.418223441649146,46.971957311957794,2,0,0
74.01138394461886,1,0,0,54.385250024021026,0,16.745690496356797,44.93581093807647,2,0,0
92.9727469885743,1,0,0,27.5251194986172,2,13.621178176956713,27.484781027518093,2,0,1
49.68356362043206,1,0,0,6.697767988445591,0,21.47483869895296,21.98112346740626,2,0,0
71.23359699695943,5,0,0,56.11455356588762,0,22.27632275950834,12.715659120208201,4,0,0
78.57633000661146,6,0,0,11.633106154619464,0,3.7119926128759313,3.942002642672989,5,0,0
83.86211214526288,1,0,0,35.567191832899326,0,18.142568391166176,38.16891080388534,4,0,0
73.5288311055445,2,0,0,18.27771063116462,0,18.677459347336963,29.987869008368513,1,0,0
70.16436265519079,0,0,0,134.18500267487516,1,13.000916535074069,30.126633013141845,4,0,0
53.44819558702561,0,0,0,12.957197071538515,2,61.25702697483126,66.6921365655321,4,1,1
71.7228776609275,4,0,0,27.229335260406316,1,2.2894420138322964,53.80908782502692,2,0,0
48.557219760287865,2,0,0,160.3147607177203,1,10.438596581190868,30.646295853162385,1,0,1
11.572990330107856,1,0,0,19.1894750275142,0,42.89808826249051,33.130055444079524,1,0,0
78.73119608315335,2,1,1,51.72460629993388,0,9.765438214935376,13.362323533102394,3,1,1
88.07869682172391,0,0,0,19.04304280324369,2,11.055173351478246,39.68393974625777,2,0,1
22.741351289163234,0,1,0,5.8646253745951356,0,22.068911831838875,33.43537623745296,4,1,1
49.805385905801245,2,1,0,49.382252417733945,0,21.906168025170455,16.760445683147026,3,0,0
82.38308522010395,2,0,0,123.8656985345077,1,0.46336564743912656,33.7437277780858,3,2,1
100.0,0,0,0,30.1255468968512,0,12.164999695018949,45.63425838417498,4,0,0
70.41587415350816,2,0,1,49.198581614894614,0,8.114658220235505,61.01508760407902,1,0,0
55.43994117541731,1,0,1,46.939397004966175,0,19.7608506398627,7.309043446458716,2,0,0
66.3420711779032,3,0,0,26.814839066657786,0,16.22520962124241,12.832589900982821,2,0,0
97.4975283829637,4,0,0,47.71217549926069,1,21.04573902887563,28.50297811289505,4,1,0
57.080716417509294,4,0,0,15.009200478470323,0,21.212888729541845,33.45415766711615,2,0,0
70.16436265519079,2,0,1,23.74380639880784,1,5.883981542955854,55.21596070456911,5,0,1
60.34512955635935,4,0,0,29.198395355013538,0,5.659589993175837,48.42607616408148,3,0,0
70.16436265519079,4,0,0,99.75821225043434,0,9.249676123147122,0.0,3,0,0
72.4534063198959,2,0,1,21.411071117043054,0,5.5403418687705805,23.65777488665507,5,3,1
100.0,2,0,0,50.41167350988509,0,22.964965111132763,7.218977454147392,2,1,0
76.46158546232058,0,0,0,12.00201487423151,1,18.469629227477856,10.422480538523722,1,1,0
64.95292995747425,4,0,1,14.55571305418566,0,4.87680022857128,38.75499285287586,5,0,0
64.16377462168911,3,0,0,52.2671621212625,0,43.10138040870011,32.10086317520545,5,0,0
38.73618382606686,2,0,0,71.83938348782804,0,12.348279156619625,54.896806371350465,3,0,0
70.16436265519079,3,0,0,31.005727138849608,0,2.7176138194174113,8.882441755551067,1,0,0
68.44325605974396,3,0,0,20.40590847659853,0,4.789666121940109,29.619791220136666,1,1,0
66.39040172818748,2,0,1,120.54837289896723,1,15.524079589907174,21.88799092656089,2,0,0
100.0,6,0,1,7.298004931376696,0,8.26260872998488,53.605463749084265,1,1,0
75.97505816731372,1,0,0,63.77598917592372,0,38.10599181601915,16.53148488010727,2,0,0
54.964178998096315,2,0,0,58.586696944395534,0,13.653460823602861,33.24517202006876,4,0,0
61.47284807588913,2,0,0,58.598707094841174,0,49.37156582369454,9.131133967899292,5,0,0
92.9689141839351,2,0,0,136.99286977136902,0,2.1478400198481213,51.71624568786899,5,0,0
72.26540821075528,3,0,0,65.13265467521934,1,22.08816906011355,57.55742863747707,2,2,1
41.234440433652665,2,0,0,17.94567161781814,0,43.393426983226036,19.541368777218022,2,1,0
88.38457869150407,3,0,0,21.80208397700118,1,6.932525613208254,17.740237069490277,2,0,0
56.63711828922012,1,0,0,24.805962493989846,0,2.916419943859776,33.95734990631434,5,1,0
100.0,1,0,1,1.5646619915117301,0,12.199838302290694,17.733141334874166,2,0,0
91.60096131429297,0,1,0,122.3865062715094,2,65.05600942980654,47.19790973243195,5,0,1
61.053562086824975,6,0,0,3.8199005920430644,0,20.07305752587268,36.843652026803646,5,0,0
95.62032723470226,2,0,0,60.164365649352845,0,20.655197242099746,49.00616292490281,3,0,0
71.35711021054807,6,0,0,65.49649060421481,0,22.26444520063097,13.786667259626043,3,1,0
87.05547350244439,2,0,0,92.80371697064093,0,0.8114691663626941,9.363874301063277,4,1,0
79.6946563458895,1,0,0,40.300371406750365,0,11.79917328740065,35.48052239354429,4,0,0
53.07286690018253,1,0,0,64.59730925947223,1,1.614919324274342,55.345558975637545,1,0,0
57.12900335365076,0,0,0,18.02862106701374,0,13.621178176956713,15.963531614435173,2,0,0
90.59921635162323,2,0,0,34.54584670920994,1,34.47443179774983,36.91595191025695,5,1,0
63.304493357869184,2,1,0,21.03521210042937,0,21.357973345100486,20.061339732439723,1,0,0
61.927030735160066,5,0,0,116.56902572399031,1,108.39930151781357,45.879876366577264,3,0,0
50.89754841301294,1,0,0,8.91937373861224,0,3.7785728971250263,16.73742548976311,5,1,0
78.47198131186923,1,0,0,18.972130766659554,0,10.118560604458143,34.12557942902543,1,0,0
100.0,2,0,0,34.534455360467895,0,33.17678798236952,46.809657565906804,3,0,0
48.64934171491454,2,0,0,74.77211469938024,0,4.859059433701562,9.835298052945792,4,1,0
70.48438913345517,2,0,0,69.07511409532545,0,3.3381437313891626,39.03390949070259,2,0,0
98.24441110830858,0,0,0,11.831509067201436,0,11.158783379720173,24.63650815861842,2,1,0
68.40717217508569,3,0,0,7.788014363215642,0,9.681288090141694,42.71065895556454,1,2,0
79.04743592499467,3,0,0,18.118097380503645,0,78.44746863856317,35.53453627426276,3,2,0
48.75212943706241,3,0,0,33.0586088363226,0,12.185370171724657,23.73492600018988,1,0,0
78.56614194415297,1,0,0,38.71840896341262,0,39.457907989896455,28.593639277605572,3,0,0
66.25711469990902,3,0,0,28.030353162912096,0,43.77897182168613,2.4385041008426214,3,0,0
89.71459991359725,1,0,0,54.396989642042485,0,3.4364583557497577,43.05004041092789,2,1,0
93.74772103129501,2,0,0,27.892275355137837,1,25.12672298155966,58.49721720019464,4,3,1
100.0,2,0,0,146.24413228819472,0,6.503723191149815,21.847576827084325,4,0,0
81.59266346427151,1,0,0,15.120760231745011,0,1.9906388802399646,29.432368684989978,5,1,0
70.16436265519079,5,0,0,49.35874999310238,0,41.5416722518711,53.586271323972625,3,2,0
73.88768603154672,1,0,0,47.25739861587887,0,6.918460243901578,3.0838110490532493,2,0,0
62.936674143786234,2,0,0,16.534678796185666,0,8.473569486818525,37.554806763977496,3,1,0
76.76967686923382,1,0,0,26.524861066039417,0,7.830919698080583,55.10561303014497,5,0,0
64.09197179721941,4,0,0,22.74382078826156,0,4.470257964121772,20.55251304592717,2,0,0
73.36921952539228,2,0,0,9.467251790233156,0,13.621178176956713,21.870182368069187,3,0,0
96.3519507121592,1,0,1,32.436921719167195,0,11.18256686320404,49.92697897412927,4,0,0
49.86914869440717,1,0,0,24.441976045653327,0,10.510381775939946,13.631605466858353,4,1,0
92.7975712225809,1,0,0,9.820052064093796,1,49.609787723138496,42.92913064318416,5,0,0
96.34230134679731,3,0,0,29.880946264768426,0,8.302783891889508,35.63258041079706,4,0,0
67.63862946017842,1,0,0,27.39557478152782,0,0.6169982191659195,47.03007167765448,3,0,0
27.56290201982811,1,0,0,7.041652255466,0,3.930933261158422,28.087553469136953,5,0,0
57.84356025811135,3,0,0,7.031399524615176,0,25.566534452534192,53.0368175034197,1,2,1
95.93989093122218,3,0,1,52.1362796340722,0,17.87388953698674,24.225649702401185,5,0,0
69.54263875402236,2,0,0,61.30764959089332,0,60.620891048275155,7.896813781828545,4,0,0
50.01395535410178,0,0,0,141.6640242380742,1,23.71186215680504,6.886328373536212,2,0,0
59.90450157543565,1,1,0,4.551226790834239,0,4.319428487276556,13.62475446585433,5,0,0
86.81240053009105,2,0,0,6.270309859232327,1,2.571314124468767,40.144424461114596,3,0,0
80.9346713640276,1,0,0,2.660447375991269,0,14.711065887467662,18.733789118543363,5,0,0
65.22135801660612,0,0,0,37.988760106599834,0,21.888186837261628,29.716552029089083,4,0,0
62.663511763706246,0,0,0,48.741910333828784,0,3.6217281093949945,31.36257499807366,5,2,0
62.16483701912356,0,0,1,25.83576770566905,0,18.410644806473076,18.379160325244307,3,2,0
51.55179631002995,2,0,0,79.95018220248666,0,40.053859933448585,32.344761249344415,3,0,0
100.0,0,0,0,58.02961404231155,0,26.007392880115955,44.11437559787514,4,0,0
63.5535906157732,0,0,0,212.86819595220186,0,21.82425947773611,30.53627419925213,3,0,0
94.34317041650993,5,0,0,7.418909331015304,0,31.149347127243384,43.776902875612876,4,0,0
100.0,3,0,1,3.0042580357825597,1,2.1981435895943475,24.342459418687998,5,0,0
89.9662179629592,1,0,0,16.065645491755387,0,4.558887532412347,33.98344534519902,5,1,0
61.367593745639034,0,0,0,0.9616994112603229,1,0.7768852185426725,31.457188147193666,1,0,0
78.07460180673219,2,0,0,134.8639914177607,1,3.132560311111017,46.106765859335894,4,0,0
69.51608787218167,0,0,0,18.116808257593668,2,48.87890505075404,36.369750036879616,2,2,1
51.92596278539744,1,0,0,40.19613509907812,0,5.0243010965317065,20.36986583625989,4,0,0
76.48718563443207,1,0,0,19.141386367327957,1,21.69994094390781,37.3178981947647,5,1,0
46.41920417680395,2,0,0,14.10545630946568,0,23.525028937445608,15.655772287854193,5,0,0
93.75358776923127,2,0,0,8.26524173681654,0,20.73109394220946,36.058440866760385,3,0,0
60.70765405403214,3,0,0,19.3100371890295,0,16.14518643713588,29.541085733790418,1,1,0
74.02319311745678,2,0,0,47.78003340342137,0,13.315712798838597,32.24922176377127,2,0,0
75.66575743092284,2,0,0,178.105644021577,0,10.891814101319465,29.399352790726237,1,0,0
64.82190052591845,2,0,0,40.83268273566818,0,49.753897854931196,20.866552666539604,4,1,0
81.7338760295055,0,0,0,38.04016152445037,1,0.19119823125230886,19.008099164826056,4,1,0
60.501926867549514,2,0,0,1.7949886207822108,0,1.0994669608182353,46.209099587665946,5,0,0
87.42594594914488,0,0,0,91.66002516184015,0,13.565662618693091,58.23269352958337,3,0,0
43.080406395065026,0,0,0,2.293892640770852,1,8.02478345342158,34.06201360253876,2,0,0
72.52759159092824,4,0,0,118.34672778873593,0,10.492751864285157,30.47667733639868,3,0,0
100.0,2,0,0,38.68226984506801,0,122.83198193132964,11.581085303425947,2,0,0
49.993373507888506,3,0,0,9.224190953995262,0,29.84507438284662,3.610412029239132,1,1,0
56.44510058950297,4,0,0,30.047308917270538,0,41.97786302907581,5.88206739710807,5,0,0
80.2781569931783,4,0,1,264.76091551136113,0,9.19550837955757,37.95967605922055,3,0,0
73.59163563879196,1,1,0,18.198132604892198,1,5.477172889587671,3.3686078904800354,4,2,1
77.01260198547118,3,0,0,15.698548772621065,0,29.219536466854848,39.875574189526105,5,1,0
79.78374260295327,1,0,0,6.2784953359671976,1,32.961089964920866,13.540256392971752,2,0,0
82.6944293712354,3,0,1,45.45860011196876,0,15.965640921315314,32.39418436939796,5,2,1
92.19399683912447,1,0,0,4.6730794209044815,1,45.256043574897696,23.885134901897842,4,0,0
78.19637313857025,2,0,0,72.62343124597018,1,68.42305757158537,14.0903978069849,4,0,0
65.17484690762915,3,0,0,125.80346873759336,0,12.736118751001408,9.233130692962252,2,0,0
70.16436265519079,1,0,0,134.31769722763335,0,5.037720432261054,4.152619557117777,5,0,0
100.0,4,0,0,5.70976319502628,0,14.559456576854855,13.769286023951572,3,0,0
67.34732507234853,2,0,0,40.85198425585014,0,91.19098395881865,63.35896086285211,5,1,1
50.50941390658717,0,0,0,5.10771942249536,0,6.932423335715877,49.560848682255966,4,0,0
92.14161338573945,1,0,0,42.43348989299398,0,19.225726586505715,32.72795761465515,2,0,0
67.59237672092803,0,0,0,84.36472572985294,0,23.682335861247523,24.50399513187149,1,1,0
26.546609079719275,1,0,0,38.586814843330224,0,4.814157964402861,21.20060153254294,1,1,0
86.94843354300843,4,0,0,102.80728099814036,0,17.75693853585867,31.64593078389986,5,3,0
59.29343628092155,2,0,0,80.89224634012001,0,7.552340005282215,21.4377448314021,4,0,0
68.18933435391679,2,0,0,16.18607814902414,1,38.5117073504841,21.336690522877685,5,0,0
76.63960661138029,1,0,0,49.72643758916619,1,25.08803616261801,37.300381392981166,2,2,0
73.80999359558133,1,0,0,0.37198663922372655,0,35.00464691297449,14.858993429497021,3,0,0
84.1890363427808,4,0,1,25.212524034100888,0,4.454932466809719,0.0,1,0,0
61.29027258860313,4,1,0,13.587822570636648,1,0.7037311046928542,21.2258410503867,5,0,1
80.26211596352165,1,0,0,138.32345104819092,1,38.01261411319699,51.77958799096485,4,0,0
64.80906644832166,4,0,0,25.992394423655984,0,9.77978890605349,5.57560501217289,1,1,0
84.77620961775006,0,0,0,53.07513652885236,0,3.9622494790229403,11.424272933766659,1,1,0
82.30734968026107,2,0,0,65.8349839356132,0,1.9279134106061138,20.451667016296497,3,0,0
51.29122595910809,0,0,0,74.18709969243274,0,14.534112624392643,6.031711378367028,5,0,0
91.71964232350064,2,0,0,66.54774964033756,0,3.2533894662713725,52.5534360373625,3,1,0
59.28073109771904,1,0,0,17.065751470929765,1,16.72613087708444,31.46723794900291,4,0,0
86.1611559656229,3,0,0,57.92889554984043,1,25.988139620619116,3.322330298951492,4,0,0
77.34574626802682,3,0,0,39.81544823361449,0,15.316859625107872,28.079869981823517,5,1,0
100.0,0,0,0,45.48719357017619,0,46.80569407141704,29.411950569073547,1,0,0
65.53068035256295,2,0,0,0.04074746448693077,0,3.3818598116037157,26.3804205354091,2,0,0
63.01366407763605,0,0,1,14.937663359404347,1,13.622533276479892,27.517041294923928,3,0,0
69.61160788224535,2,0,0,133.4537571913217,0,3.563175688597343,28.06111724908641,1,0,0
63.93640434331449,1,1,0,17.129873713715188,0,41.73366220464974,34.6474530653405,4,0,0
85.998838038841,3,0,1,28.814052456558077,0,53.83545098215349,35.601039751711006,4,0,0
37.67378783126824,2,0,0,10.331162195320514,0,10.216375197219207,7.544893399072748,1,0,0
48.92635161707292,1,0,0,7.459963443685039,0,7.298412867956721,30.902660748940008,1,0,0
48.64394156841614,2,0,0,11.701945073192578,0,6.551093007025716,32.72134497009506,4,0,0
89.00615183947151,3,0,0,40.33229484917195,0,39.28334443420938,20.845955512664844,3,0,0
70.16436265519079,3,0,0,34.54584670920994,1,22.941891256289445,55.589768570717375,3,1,0
67.91101562925057,0,0,0,19.74103654390137,1,42.50435821974029,28.752669465742542,1,1,0
66.62356553619979,1,0,0,19.53433879470161,2,2.500311211862117,37.559500918423176,5,2,1
71.40104326226363,4,0,0,41.52177673092704,0,12.926337870639395,23.264796919860206,4,1,0
93.23756605216381,3,0,0,22.060525338496248,0,22.551293534261234,25.437757779084684,2,1,0
51.45293731618852,1,0,0,120.6289541003486,0,45.47815703140627,35.13831080068162,4,1,0
74.7673796546957,0,1,0,23.728545582338185,0,9.625958249637135,9.23182174734782,3,0,0
89.5039525956486,4,0,0,33.71060456344698,0,7.511042111193419,41.17501110396918,3,0,0
80.0218833987969,1,0,0,38.112997672854625,1,48.82906181388124,11.532489869220107,2,0,0
73.79163233197487,3,0,0,76.1785625698253,0,0.9740020309372471,43.219113906646044,3,1,0
90.02092185134282,1,0,0,41.494866180682465,0,13.062977313867435,25.974346536555515,2,2,0
15.935354140015257,2,1,0,13.666287643080882,1,12.2729192424711,60.91076293381445,3,0,1
83.55750639061816,4,0,0,6.618729192229381,0,3.157802915913509,44.74340883953417,2,1,0
56.918486337451526,1,0,1,138.8495572862153,1,10.048887269875578,44.818695163279344,5,0,1
33.387342062870864,4,0,0,80.86417912838752,0,25.645876675352213,32.1737820465419,4,1,0
80.22405199049962,2,0,0,1.1616509430940936,0,9.141540998460517,45.14360984953139,3,0,0
97.47317090325916,3,0,0,86.16645340548868,0,7.411434877507684,41.40107132616695,1,0,0
67.25102970744616,4,0,0,44.65286085818128,0,30.455619273016282,0.9481878555670562,2,1,0
89.05749094405877,5,0,1,36.58340737327145,1,89.68634583661412,16.93692770708104,2,0,1
100.0,1,0,1,0.6152285358100325,0,30.223766042585197,16.04553474440975,2,0,0
96.29828907168095,2,0,0,75.90314973231494,0,37.46068617396684,18.33359113512003,3,2,0
100.0,3,0,0,11.036386977014716,0,56.102486152347964,26.14700460779452,4,1,0
84.84254982143784,0,0,0,65.09420729659439,0,32.36679493671584,37.7480768963322,1,2,0
71.50867277803185,1,0,0,0.799774796978755,2,78.5979255156619,47.62242765776588,2,2,1
37.96068376205663,2,0,0,79.56851831580485,0,27.509799169683703,39.089360187409255,2,0,0
65.07875023740102,0,0,0,1.1654512626418927,0,21.66595619454383,48.61313726917429,2,0,0
53.13506809367617,2,0,0,13.452366086203577,1,23.640870319129444,14.155168741931485,2,0,0
100.0,4,0,1,15.617745450253729,0,46.068073914153615,22.4442180699854,1,2,1
70.16436265519079,3,0,1,8.569593487704438,1,22.977584358664306,26.094587408765573,2,0,0
72.46409613568972,2,0,0,32.79817667505359,0,28.6430110316574,19.989234801681356,1,2,0
81.02970752080935,4,0,0,16.681969818407808,0,4.867178584879313,13.161156254056408,1,1,0
70.87204892744907,3,0,0,250.19273467516268,0,48.75655622426756,35.85240642075824,2,1,0
100.0,0,0,0,43.371313447704196,0,11.85565923107353,19.45188186822514,5,0,0
57.54701276531096,2,0,0,41.79061653962048,0,3.5124965424237398,42.10217691329292,1,0,0
73.89214910474486,5,0,0,12.478844583316178,0,32.16748870527537,11.66361331364465,5,0,0
55.15058828603904,1,0,0,26.2706957593344,0,8.813340299989473,42.95462555760555,1,0,0
43.599549775585885,2,0,0,6.6182033883827565,0,4.069738864194238,33.2230827025147,3,0,0
57.76461818189429,2,0,0,71.8855415231606,1,5.921037613444225,33.226923487457306,2,0,0
69.25926405903176,2,0,1,20.110464164642526,0,0.7114861795806939,33.65814274401021,3,2,1
61.4139555096548,1,0,0,69.70943868653043,0,1.8999102100125407,28.781280607890658,1,0,0
56.15158040252288,2,0,0,23.236557654788527,0,17.960409845323383,29.04340714515604,3,0,0
41.873650726563326,0,0,0,224.40154616365487,0,40.23084769038016,25.947653756319383,2,1,0
68.3378885474261,0,0,0,9.384092210259496,0,11.903371769958582,34.485195567873305,2,1,0
39.90559251937995,0,0,0,0.07625280952935719,1,19.67309908694634,38.27545028444445,1,0,0
85.20111927379205,2,0,0,45.171877129912424,0,33.186549243203494,23.212294505585675,1,0,0
71.64879505869007,5,0,1,152.83062149415744,1,8.825024531098013,50.82355686071593,5,0,1
40.84897001070139,3,0,0,52.0720181909855,0,21.244492678561862,24.507527249907888,4,0,0
63.81581845900273,4,0,0,4.481113087327288,0,8.628968158613105,19.4655561612183,3,0,0
54.95687188818834,1,1,0,38.87868224397497,0,20.584449786584713,27.729221418813008,5,0,0
76.3834902083836,2,0,0,120.11305433123516,1,4.907980551277024,18.51321504924769,3,0,0
96.80900892046289,3,0,0,0.32636622940974463,0,76.18901631418824,36.99428972444642,2,0,0
32.49655060708511,2,0,0,9.130812780937326,1,1.5847123212506633,27.880285843235175,1,1,0
72.30052158294835,3,0,0,84.25161454167277,0,14.073360603271134,41.00462277402224,3,1,0
66.79734408866719,5,0,0,112.17201078002927,0,6.745750943389142,29.087808297443953,4,1,0
83.42680152900931,3,0,0,61.4065507184024,1,18.36775031259624,28.595698226673235,2,0,0
70.16436265519079,1,0,1,238.73961795832966,0,11.18306219663081,23.879007041042904,2,0,0
54.96061336522362,2,0,0,4.727399644390455,0,7.324856772485163,42.402390009108046,5,0,0
63.618921286667636,1,0,0,39.447290723949656,2,5.754645161766124,26.3508021070532,4,0,0
54.079482863930224,2,0,0,57.758294339855794,1,4.0300536208210405,33.96783261714267,2,3,1
91.52014277197196,1,0,0,60.641381368811324,0,30.546038668766315,45.69143122546723,4,0,0
70.42623297343884,2,0,0,78.8690183695483,0,5.025715527664126,28.681584629250995,1,2,0
100.0,1,0,0,124.82429866670644,0,29.702519960733554,28.502608310273178,4,0,0
68.78678372370759,3,0,0,22.44275780167214,0,13.27326700720943,26.545038229045396,5,1,0
55.831864661790746,3,0,0,2.1956818115567196,0,1.4993857811311413,32.85073098591113,5,1,0
39.72571214774346,3,0,0,22.505494578028006,0,13.621178176956713,42.104227451519584,3,1,0
33.9372064748811,0,0,0,55.6783928958772,0,44.68071329908256,41.659420130134045,1,1,0
38.317281139890206,0,0,0,12.005336251366716,0,18.46710362908562,37.36899063870223,1,1,0
75.34253302022967,1,0,0,83.02944283682957,1,4.074986293102031,48.1485553201892,4,0,0
80.17450046459868,1,0,0,12.407971380301944,0,24.33203868939206,31.23996331495693,5,1,0
38.37618595935733,4,0,0,0.5057190356292771,1,34.66170845935048,51.06955209958836,5,2,1
87.90076628152231,1,0,0,35.47203756096191,1,13.621178176956713,45.74845276378673,5,0,0
60.33877896633121,2,1,0,64.8156580119659,0,16.265443706208483,20.19453866688593,1,1,1
72.93586023971099,1,0,0,21.51264056474428,0,6.947225317885488,41.81121382899758,5,0,0
100.0,2,0,0,69.0943642354977,0,1.6689739133642687,2.1519951318295867,3,3,0
87.93678631731063,0,0,0,28.848657187612652,0,10.20015509080902,48.03301231420561,2,0,0
64.62938704188335,4,0,0,9.419875944588032,0,27.84077811854962,28.930575054553593,5,2,0
52.17615549169425,2,0,0,4.746224368603243,1,12.274903859487162,18.344816313188133,3,1,0
26.9636919734139,0,0,0,61.9950557533983,0,10.39292179981188,3.7873711761561992,3,0,0
55.616933615151595,2,0,0,24.36479716920355,0,9.114353269452737,27.972267740652722,2,1,0
65.7773952234461,3,0,0,121.96250833720867,0,12.283645291550174,48.2307155653554,1,1,0
50.25640945697632,2,0,0,38.85417092189777,1,7.661227688805123,33.64103669779409,5,0,0
67.3748606581539,2,0,0,21.418707760591452,0,18.94449562465481,24.05840908011072,3,0,0
71.53703765917537,2,0,1,21.46158499174659,0,1.3135242577963346,27.150357300248462,3,1,0
65.50288036383843,0,0,0,7.04580761699136,0,32.941567535290844,49.94912557739547,2,1,0
56.99994838353081,0,0,0,45.04414640242352,2,3.8030495027839955,40.48260264205973,3,0,0
73.37309343933455,1,0,0,43.633688594806955,0,20.07211918891093,29.37565777161665,5,0,0
78.83881299138818,3,0,1,80.47031863069766,0,11.95246858226392,44.0175981454065,1,0,0
48.19201845114308,4,0,0,11.23204374138109,0,29.699636877272077,41.901573183883855,3,0,0
98.2186475949254,2,0,0,17.180155018535963,0,34.99009651058355,16.664464699946194,1,0,0
68.02823735431477,2,1,0,5.114814598151709,0,4.5681569735372225,24.80738160827233,3,0,0
70.37699245889695,2,0,1,17.502149365027748,1,22.613154913142857,51.290848451388015,3,0,0
84.16428846513114,0,0,1,27.939741379290428,0,4.212136973176441,40.14272775866077,5,0,0
74.66432262527003,0,0,0,34.54584670920994,1,2.647744053988224,56.58722854860157,1,0,1
89.0627326782649,0,0,0,52.93103635708282,0,53.26998059598468,38.98675186055606,4,1,0
75.74248330403648,0,0,0,76.3638562689612,1,3.5918433898437603,19.350695336179992,5,0,0
70.16436265519079,1,0,0,19.689912953441894,0,5.178832813796639,29.686484011993855,1,0,0
77.23007050412204,2,1,0,7.804208137201984,1,2.7926911888974586,41.81046917705453,1,1,1
47.125475853586764,3,0,1,14.83411882499867,0,12.708583176182644,29.86753036898025,1,1,0
72.17119411553047,6,0,0,14.817152937304105,0,50.41664366237825,30.909021752974404,4,0,0
69.33540018711078,3,0,0,43.74728310429246,1,6.132017901341074,60.52550705743123,5,0,0
65.83766285454921,2,0,0,20.887346021129343,0,15.61126576699156,26.443012391520682,4,0,0
67.42924977122138,2,0,0,97.38519035157009,0,10.602164786988016,34.82897951793527,3,0,0
32.36301909004722,0,0,0,223.46434971030044,0,8.18974605117332,33.90647861916666,2,0,0
59.02550184518077,1,0,0,21.02627786893043,0,16.979778046827473,43.69700497929238,4,3,1
70.16436265519079,2,0,0,61.049213055054274,0,16.36935157054355,33.910442688423274,3,2,0
70.16436265519079,1,0,0,53.57222225862076,0,8.90595811852183,31.942041049439126,4,1,0
49.44649718148084,1,1,0,10.812275364234953,1,38.01764728414377,60.23241828409986,1,0,1
95.31415681729402,0,0,0,34.54584670920994,1,1.0927588456117516,28.464616987482398,2,0,0
52.676503035709985,0,0,1,11.122351396422685,0,1.7818357763963732,40.998037871426135,2,0,0
89.38914401053474,3,0,0,66.77191313166986,0,93.73033813160605,10.694095669549995,3,1,0
78.5438872374337,1,0,0,21.355609402074162,0,27.541373938745718,30.033292077150854,4,0,0
57.075453803123935,1,0,0,22.870686148746138,1,32.5855589584692,28.555768357320524,4,2,1
100.0,4,0,0,30.389688710372546,0,18.461326445570055,28.918709288144722,4,2,0
46.1272633648704,3,0,0,99.94212595157563,0,10.889731192200344,4.190100185111412,3,3,1
88.38308347220003,2,0,0,7.555794394997484,0,19.843298728168715,24.682573935600473,4,1,0
90.01164636085957,5,0,0,2.8057490997042667,0,1.9431011342653612,16.97247498244715,2,0,0
56.5875958184671,2,0,0,25.71163932072033,0,28.357283149204346,46.29679401655497,2,1,0
97.84930600128658,1,0,0,2.859484788689353,0,15.562908308254343,17.02426220679604,5,0,0
64.99906970802094,4,0,0,58.17368438544756,0,62.80678834718043,39.42200773121736,4,1,1
75.77387258559715,4,0,0,71.42358765282096,0,20.2932510483412,40.13100364674875,4,0,0
75.20643677542441,4,0,0,96.4520008304648,0,3.2902426964463514,21.06483374914605,2,1,0
67.31382517058904,3,0,0,68.09808978568702,0,12.98452427153558,17.244004232250404,2,0,0
86.21616546319564,1,0,0,124.05652563442243,0,1.1912265422038468,25.764503143125143,1,0,0
85.86977441104426,3,0,0,68.97609187059443,1,27.36355401019583,24.028551240201732,1,1,0
35.029360535236385,0,0,0,137.502738384264,0,13.621178176956713,15.250244203697013,5,0,0
96.08680485756305,0,0,0,10.72844557994701,0,9.229708084519537,25.562868909799704,2,0,0
36.750160239286515,4,0,0,34.54584670920994,0,69.18673270724943,34.679610888304005,5,0,0
90.65092408683314,5,0,0,255.22477384821806,0,56.468722394305445,12.136425176057806,4,3,1
92.53410273655166,2,1,0,57.21891525973037,0,61.0807903025284,27.071508877025643,4,1,0
48.18067139569604,1,0,0,105.45015780784077,0,4.994120677253939,22.124143345101537,2,0,0
61.7837142409083,1,0,0,34.54584670920994,0,26.080990205829558,31.400278680442725,3,0,0
47.88590663028128,1,0,1,102.69176920530481,0,58.14788584542876,58.26907077996836,5,0,0
65.70157939422529,3,0,0,59.81895788759148,0,16.919919477163315,7.270061679082513,3,1,0
63.839314316285176,0,0,0,9.362007703544053,0,4.820050145574391,28.408380778472722,4,3,1
85.59321064538679,2,1,0,1.3008234417833833,0,34.05437408384945,34.192583838169526,5,1,0
96.20617492239217,0,0,0,15.050293947832921,0,13.621178176956713,22.352093245600386,4,0,0
97.91367621579911,2,0,0,123.71220031336081,0,24.29632002333193,35.51888114464096,1,0,0
58.75663946843396,0,0,0,55.15104040130991,0,6.950138480236376,8.109070050431935,2,0,0
65.81556252510944,5,0,0,125.95571852332232,0,4.2315612693662406,24.74854999981425,1,0,0
36.331236155580996,2,0,0,29.54313999236196,0,19.577678990665724,0.0,5,2,0
53.88259867007622,2,1,0,137.93594392642072,1,13.186532935683829,26.357902897956095,1,0,1
89.29703266194915,7,0,0,31.08411778497343,0,22.099613944868043,11.515664136853008,5,0,0
100.0,1,0,0,11.423807495056378,0,2.368907572044281,34.69727168124573,3,0,0
45.31302256240156,3,0,0,8.207982218167714,0,2.9216491705216265,51.2111369316328,2,1,0
58.15071481694211,0,0,0,34.54584670920994,0,9.016245138536707,34.13624048400588,3,2,0
69.47188486082146,1,0,0,20.312970784939345,0,5.988624150476967,28.88590439482723,4,0,0
75.60322317639213,2,0,0,8.720825725767444,0,19.316901891743747,22.19831919557537,2,0,0
53.80792960156708,1,0,0,0.42219905837019706,0,9.162782769530647,25.80089371777303,1,0,0
78.48122088928179,2,0,0,16.8134825142341,0,23.03841241538519,26.025609847034723,5,0,0
60.523213058581675,0,1,0,109.96359821129849,0,29.289304618004547,30.242004732536845,2,1,1
69.71095458243441,1,0,0,38.179482325498,3,4.144606082186933,37.15459753878868,4,0,1
80.925684960074,0,0,1,34.54584670920994,1,50.47058015942575,18.47959291215774,3,0,0
70.16436265519079,4,1,0,127.80366088888888,1,30.944276377245323,47.21102921862831,4,0,1
61.272282189468626,2,0,0,35.95812498302097,1,19.71178740318209,26.777850178854553,1,2,1
67.80780392148338,1,0,0,91.09439405177444,0,47.92228523939298,30.21470731980324,5,1,0
68.2327408158933,0,0,0,19.565780164140108,0,6.181349022409229,49.29046407174745,5,0,0
62.59977940235745,8,0,0,188.8349859254467,1,10.953706860233188,0.0,1,0,0
64.82407874665795,1,0,0,4.104658570501731,0,1.793833433278358,0.0,5,0,0
100.0,3,0,0,64.51822330770935,1,12.182806361234507,35.842174828280235,2,1,0
81.21838895882478,2,0,0,54.02382996180876,1,14.120625690147383,30.12702065581576,2,0,0
64.09039363941679,1,0,0,10.63933754580752,0,19.14574043895483,52.28768053015369,1,0,0
83.93908809021471,1,1,0,24.620151568132233,0,1.3236339540608368,13.123407777022951,1,1,0
63.3236102048798,4,0,0,34.54584670920994,0,0.6600946491180859,37.28409795701607,4,0,0
93.46249275173282,1,0,0,4.963006287272463,2,10.890756463298812,24.60374585699728,5,0,1
77.39284384396188,1,0,0,43.94830505444988,0,4.193032369937934,44.22201874976057,3,0,0
67.85395711991542,2,0,0,253.12153229177125,0,28.44160965191724,0.0,1,1,0
78.95433851620555,2,0,0,41.002247341223445,0,22.096809923094302,26.03095383766644,4,1,0
38.58247695863001,0,0,1,39.401462357620325,0,7.885369729003415,40.922189670541925,1,0,0
47.4646506218039,2,0,0,2.0574413209151454,0,0.9372889594630883,18.08371494779746,1,0,0
46.12149987201889,1,0,0,7.495829176759132,1,4.028708338583378,29.181292775481275,2,1,1
72.85886189527413,3,0,1,35.9970566038476,0,23.53229884321133,30.747146195469707,5,2,0
100.0,1,0,0,210.5840390070607,1,92.43593963901986,35.04480255596715,1,0,0
100.0,2,0,1,104.6193427776178,0,7.9041699020827405,13.66093002330432,5,0,0
82.76102202881515,6,0,0,20.79161723674087,0,32.38938991526797,22.72907256951899,4,0,0
80.01688949888914,3,0,0,39.15405985821817,0,40.36263829611882,37.42012797317857,1,0,0
33.97884531694522,0,0,0,40.226536835355525,0,0.9876050800919866,41.16310086873463,3,0,0
59.14652400531956,2,0,0,57.81640491814842,1,49.59160072962621,32.58704898283001,2,1,1
54.24432496183522,4,0,1,58.202687464906056,0,12.554782165704667,24.85184761506881,3,1,0
57.58304803497768,0,0,0,77.98300428105242,0,66.61974069280197,31.408307295116852,2,0,0
66.63712362830421,3,0,0,1.2644045156358992,0,15.467884038383719,42.64034504206398,1,0,0
60.55818844605746,2,1,0,143.83544760179547,0,5.361341147848635,33.02358890568281,1,0,0
30.414003792484245,3,1,0,3.631870558896202,0,73.51397991103799,12.291954151371051,5,1,1
84.95820512235068,2,0,0,32.32845988033103,0,5.575897988861013,13.140538520655234,2,1,0
48.54513948520387,3,0,0,126.0241689641225,0,42.82263331041557,30.549395807753044,4,1,0
74.78493728222298,1,0,0,33.43920225655625,0,3.8021194107768004,5.115677167892553,3,0,0
100.0,3,0,0,3.2875940070981784,1,22.46430383018304,41.885562361910196,4,1,0
51.61230816827153,1,0,0,34.54584670920994,0,10.596486188328067,16.08197978173638,2,3,1
19.394249545073407,5,0,0,43.21656017348929,0,71.52400041296681,12.657164623667061,4,2,1
64.27991556239779,0,0,0,4.598178282922883,0,4.085764489035595,55.31900610088664,2,1,0
92.01919269997143,6,0,1,27.5544313505784,0,10.511837978305262,22.330974505757744,5,0,0
100.0,3,0,0,19.956257374279147,0,20.420602367438484,34.250970637311354,5,2,0
45.40900811095166,2,0,0,34.54584670920994,0,75.99212978777857,38.98067160022603,4,0,0
79.93398446473043,3,0,0,5.834103628305232,0,7.2441781803673235,51.77603968153515,4,1,0
60.693790864398935,1,0,1,57.410895161351604,0,10.11248518839594,21.106594983067573,2,0,0
67.88103291391728,3,0,0,26.093407674618703,0,12.39020305763669,32.657439087527926,5,0,0
70.16436265519079,1,0,0,44.30634840870303,0,5.825784509488376,28.210023138757002,4,1,0
39.94059343209693,2,0,1,11.504114181787422,1,34.00418521113495,65.97478642621512,2,0,1
75.07479322989147,2,0,0,47.04245228423384,0,1.9301212182542233,0.0,2,1,0
79.35386343530867,1,0,0,56.039478956985974,0,24.40136160302945,27.592692242191525,4,0,0
91.71572649878695,2,0,0,3.640985904913808,0,15.268344629763384,29.738585310024156,3,0,0
71.95966306941791,2,0,0,86.96146326756428,2,5.539510676950928,28.336186166030966,1,1,1
76.16101079008205,2,0,0,98.75555846163573,0,13.578199191060145,8.329365975243363,2,0,0
62.16702865156418,5,0,0,3.283173986396105,1,13.621178176956713,2.1844734454638406,5,1,1
75.38253882490214,1,0,0,46.214568602782705,0,11.791663294036097,6.886334481358503,1,0,0
63.136154490051794,0,0,0,45.07152187234704,0,2.5998450250881606,42.936893560248905,2,0,0
82.43143779712102,4,1,1,0.6268334265025877,0,0.8331544172516853,29.746119599068017,3,0,1
62.60779327912732,4,0,0,20.953847563340734,0,30.08321447517753,3.6113576879717932,1,1,0
77.54200787804373,3,0,0,173.56884148973512,1,8.022485239579568,51.47735745728312,5,0,1
69.41474372630043,4,0,1,40.53472183095972,0,53.54402809341617,59.44877557989544,1,2,1
92.52100501544336,2,1,0,135.3114450898869,2,19.202092965088056,34.517859901580195,4,1,1
68.97212552823028,0,0,0,56.29577806955114,0,11.464090146876693,36.406249121775595,2,0,0
34.53935063586237,0,0,0,1.4400661485696145,0,16.623598703779685,31.33335961352253,4,0,0
95.23843001427983,3,0,0,4.044951938640049,0,13.621178176956713,20.593335934742875,3,1,0
51.88535398274762,4,0,0,64.03890484571109,0,47.249055034035514,2.5454359620911085,1,0,0
56.924673227023604,2,0,0,40.43551052918307,0,12.250592554853894,13.76109354264252,4,0,0
58.086774119130155,0,0,0,6.799673314950361,2,2.197737295837106,29.185503542056548,3,2,1
97.48876186341634,0,0,0,47.604015092833734,1,18.180744007029304,38.63236543717754,4,1,0
27.286515720426088,1,1,0,83.11223878662638,0,19.509196346691006,26.520117395231292,5,0,0
100.0,1,0,0,69.91479059088242,1,28.991506344817324,28.576288976095206,4,1,0
91.12113618132103,2,0,0,14.128919921172217,1,54.146251929290784,30.66109386247461,2,0,0
74.4647782825832,0,0,0,14.933441431916062,0,11.706733926994241,31.59034565799844,4,0,0
68.90211998767427,0,0,0,171.84817938439326,0,8.679656193828174,21.19696361765292,4,0,0
75.71108149715315,1,0,1,109.19781060393392,0,13.497149855261943,36.19472791357897,4,1,0
70.16436265519079,2,0,1,19.161016971564347,0,46.09152185664872,13.316186040882833,4,2,1
82.90431171900114,1,0,0,86.87904661360871,1,13.621178176956713,34.59765979735146,4,0,0
81.11208932006897,4,0,1,8.821260507082048,0,70.97192277180298,7.225087722108949,1,1,0
71.79161362510497,2,0,1,10.960135166216322,0,5.219388087681722,12.090814514497769,1,1,0
66.05323159385348,3,0,0,9.995530288502842,1,13.7391420362669,19.237858093992102,5,0,0
66.97453432692977,2,1,0,4.590458400962385,0,6.007891387877077,32.91800748594095,1,0,0
66.10183439294639,3,0,1,96.44020541656748,2,9.17677284232501,33.53745618408867,3,1,1
92.67540193734129,0,1,0,43.23319381800847,0,0.6439381538302197,17.239961794213443,2,3,1
81.87113444561723,4,0,0,14.984770052368873,0,3.501386659637488,8.72024918918964,4,0,0
11.192227306714393,2,0,0,94.40967481571741,1,10.119281030542016,48.09014297790505,4,1,1
83.11801553059522,2,1,0,81.13800281995651,1,9.073304842618997,31.000804526002614,4,0,1
73.8947238943755,1,0,0,5.320915864846751,1,6.5376784670348895,27.941760546898855,5,0,0
69.62582487108205,2,0,0,51.66080620207435,0,5.235337862829406,35.46101266736748,5,0,0
62.229630938222286,1,0,0,63.97678943458979,0,27.642518378977094,15.690729946494422,3,1,0
92.48225439972026,1,0,0,62.90866285997696,1,6.978379127904583,46.06381223991791,4,0,0
88.95052924245715,0,0,1,64.21265481798102,0,24.52052619844824,38.64043887860476,5,1,0
54.54244664352782,3,0,0,9.283826058864397,1,9.19710941924719,25.749670498672216,4,0,0
78.1410457424907,5,0,0,18.923132964824166,0,32.38766801261121,29.066970525967157,1,2,0
50.566865309174275,2,0,0,92.95221061059446,0,3.6600361318761214,26.40393348576994,4,0,0
42.40763670422139,1,0,0,114.33152742932194,1,3.4300984899928046,49.99847437416916,3,1,0
57.4656555082007,0,0,1,16.368907730581352,1,22.768212835823466,36.46911527230222,3,1,1
87.24786944765518,1,0,0,1.1644301377905857,1,13.621178176956713,38.135820651009425,5,0,0
89.06250090752174,2,0,0,98.22247886447441,0,3.0860369378154613,31.037558918185592,4,0,0
80.26170840194587,0,0,0,23.667809165011693,1,1.5312421598372015,29.99648222905655,3,0,0
84.50191573695994,2,0,0,19.98386121050949,0,54.55604188118602,58.18652293974128,1,0,0
80.32356574229917,1,0,0,21.308882959152392,1,2.496008235936719,24.560068303418888,5,0,0
57.17036809554095,1,0,0,26.866730462066617,0,5.763428370325652,33.28986930193879,1,0,0
78.63845089347882,5,0,0,23.762196515944733,0,53.041196819118525,60.920528357141706,3,2,1
70.16436265519079,0,0,0,41.785204661766905,0,32.4826970014355,49.905221958394826,5,1,0
85.08582659627149,2,0,1,4.111520031803116,2,8.394054077050848,35.689439374539674,4,2,1
93.77826742949286,0,0,0,177.9631256884362,0,61.813047237978786,7.353722325965922,2,0,0
84.16607694402127,0,0,0,137.79722797809762,0,16.788839922303826,62.531972220147125,4,0,0
77.02896415083165,0,0,0,136.2140454261784,0,1.499822127405158,26.393149126371544,4,0,0
91.40300476632855,3,0,0,105.71308917431044,0,24.28496683042528,31.25859781936502,1,0,0
69.4695748150188,4,0,0,53.988491724492135,0,15.412548987395338,45.477220292749365,4,1,0
70.16436265519079,4,0,1,12.494180225138038,0,17.000139558918747,26.909664493599287,2,0,0
66.73866072112472,1,0,0,2.537487219847728,0,102.670451282877,33.19024894580574,5,1,0
55.10194710387102,2,0,0,5.230321379450617,1,3.309625866406784,30.967261036066272,5,0,0
56.496434500512365,2,0,0,19.577555450746008,0,21.388599317831556,24.546087840107724,2,0,0
67.10962658568964,1,0,0,35.04717721840472,0,12.277151025286933,35.26991257605501,1,0,0
54.15160158000077,3,1,0,249.93339339885316,3,6.346148701758666,20.48902864436804,2,1,1
63.84076940721919,3,0,0,28.585739864637315,0,23.653673469584984,12.953960073354285,5,0,0
32.12770666092429,2,0,0,37.18478398632975,0,22.06523002555153,38.11247886542431,2,0,0
74.26587414745877,1,0,0,59.397959993745516,0,38.82772309264011,48.7758258432316,1,0,0
70.02410950724449,3,0,0,9.967321273219083,1,42.21769231968579,18.86205742095684,4,0,0
53.658227378636184,0,0,0,135.02419605810118,0,16.50248491779567,22.099912703235248,4,1,0
83.1849133686481,3,0,0,37.6485330395913,0,7.877823882001781,30.07253623972886,5,1,0
88.75140275253116,2,0,0,16.165900890210285,0,15.082606476371414,30.088894420477274,1,0,0
37.84880271262052,1,0,0,136.7523064624042,1,8.902478297338064,0.4174290279873887,4,0,0
54.745504428675716,3,0,0,49.10158125309546,0,6.496773743541127,23.640250036654038,4,0,0
54.617153004254035,3,0,0,33.05236990889673,0,16.04029356001632,56.928506088735645,4,0,0
51.20193797782271,2,0,0,43.393592540704326,0,21.455041744654473,50.96164360663021,3,2,0
86.58949683863497,3,0,0,68.97630962770232,1,17.859849473048985,55.56445825979371,4,0,0
66.12347722454393,2,0,0,8.393602992085068,0,61.765515083911815,39.26417783959448,3,0,0
64.70970317378779,1,0,0,100.0612609936629,1,7.094568750926326,22.020864368755866,2,0,0
29.92275271186493,3,0,0,160.33107372603988,0,9.315186901271506,33.846025015305344,5,2,1
82.70836060418452,1,0,1,41.85083733538127,1,22.03090109391923,38.976146556571834,5,1,1
45.21483210293055,2,0,0,57.32779893051957,0,18.3437540558267,25.06186584741289,3,2,0
71.19865260532657,2,0,1,98.24620703242762,0,0.037302471990501324,4.132742719798735,1,0,0
75.54753875916383,4,0,0,23.4850342702128,0,7.4876290467656705,43.5818971154869,3,1,0
97.21317191677302,1,0,0,246.90499939910472,1,5.854209942129971,23.27173105267606,4,0,0
43.823592017617756,1,0,0,57.05011454771595,0,36.640992934513065,39.395925745404426,1,0,0
9.609756883583493,2,0,0,27.58226792468146,0,40.23546809080456,6.283861482410053,5,1,0
73.6769908950739,3,1,0,56.55749329063805,0,6.678517575748675,20.375532877451597,2,0,0
100.0,1,0,0,36.873769119186306,0,2.153288989693132,35.818988897384195,2,2,0
94.77892705878875,1,1,0,5.918999088696506,2,4.593344361084078,39.46556359773493,3,0,1
74.19318830549251,2,0,0,79.44876161410538,0,3.8854958322137274,41.228410459843445,3,1,0
60.16727628735905,1,0,1,41.548741473461384,0,5.421359987713274,28.966916660574107,3,1,0
86.14245193274621,2,0,0,79.44392511623207,0,5.34830745700868,32.89261233360653,3,0,0
50.529076005910625,2,0,0,8.415722223591825,0,13.072324499235549,35.845322733518,5,1,0
79.52715538712438,1,0,1,38.64818767694366,0,7.702704771206479,34.79522140302962,4,0,0
80.10940318333253,1,0,0,72.75527792972385,0,16.411510448264874,38.56770826656022,5,1,0
91.2041981499776,2,0,0,222.4278452888647,0,8.435994622606614,12.731644580035638,2,0,0
100.0,1,0,0,107.87978811701275,1,33.71309304887016,57.94865494529752,2,0,0
70.16436265519079,2,1,0,99.88372453022251,1,60.23417553192019,27.236749783235126,2,1,1
59.82072748585003,2,0,0,14.215065559958834,0,10.347555960928148,28.57653165702998,4,0,0
69.48851375616012,3,1,0,91.00319485440552,0,1.0146802749468844,25.634416494642885,4,0,0
34.61848190221764,3,0,0,9.273201111101669,0,5.4776412389766795,33.47629603736889,1,0,0
56.105737378218834,2,0,1,11.039046260007932,0,2.1485455366072927,8.364643695751404,4,1,0
61.814351237737924,4,0,0,5.833249880266135,0,8.4551933051428,22.69074528294809,2,1,0
59.51823204130815,4,0,0,97.4545458668028,0,20.719186554281887,1.3783821485111218,4,0,0
73.04709744067443,1,0,0,5.7287248516875,0,14.633931394124067,22.98078272453622,4,0,0
53.55160135235599,3,0,0,7.431467176612092,0,5.5645561842149895,32.36738680131402,4,0,0
92.42061334648943,1,0,0,14.11066269238096,0,29.156585157140178,38.54238491519382,3,0,0
70.00414129836395,0,0,0,42.509048358152,0,2.819310103060838,29.11141260975781,4,0,0
70.16436265519079,3,0,0,106.08831044086573,1,5.180492299443216,34.28979149748638,3,0,0
63.44210566974164,3,0,0,27.08384637249161,0,22.54314600600841,4.711004305153065,2,0,0
73.10381367717959,0,0,1,39.51440617053194,0,4.393849928427231,32.33882163496427,1,1,0
86.5019652933527,0,0,0,9.105442968218016,0,22.711504521151213,48.85593878744649,5,1,0
52.65739568578199,4,0,0,15.458624364068072,1,75.3942864325949,36.95714269314747,1,0,0
56.837670218494864,1,0,1,7.189232474078867,0,35.598984177914026,18.803660910690823,5,1,0
63.92547942446671,4,0,0,26.374760023446203,0,3.4873187054921,32.53574044899584,2,0,0
43.082581530535705,2,0,0,44.62085671439676,0,14.7001618540009,50.472905787591685,3,2,0
53.61484280557005,2,0,0,16.705119448827034,2,10.974758064834358,38.54293560023309,4,0,1
60.475582529106816,3,0,0,93.53878825393147,1,95.7564277023152,38.95147737699918,3,0,0
87.48778361425455,2,0,0,198.79702199169256,0,66.70858706265112,18.206940310975003,5,0,0
75.2512265800385,2,0,0,6.4004677766730715,0,13.621178176956713,24.56405415255545,4,0,0
73.8717982273509,0,0,0,0.9010735815885472,1,47.87885373496582,28.97035754201891,5,0,0
70.16436265519079,3,0,0,77.97929832077249,1,4.2990026357152935,57.10362134664982,5,1,1
67.25256423201206,2,0,0,10.575738781709457,0,7.697123816456553,16.311666378733687,4,1,0
77.80929699857779,2,0,0,21.781779152217112,1,8.720795096586981,33.89449575723385,1,0,0
67.93556494135008,1,0,0,25.062845701540876,0,6.760486072497292,40.09808471754637,1,0,0
75.30724698799257,1,0,0,124.2049821158738,0,38.37965051766745,41.12659457145868,5,1,0
58.34482684776836,1,0,0,53.76992368207608,1,8.007533698683444,26.27335881141251,2,0,0
21.22365683447142,3,0,1,2.072854093886165,0,33.93681485719891,25.108392112070987,3,0,0
67.31441675627391,1,0,0,0.7460503671662523,0,103.61714634521512,58.91387089891052,1,1,0
98.45496272199881,4,1,0,11.13019094544016,1,36.74704876375642,25.978051551774605,4,0,1
88.52430804483186,2,0,0,19.1488882820507,0,8.497329867143378,23.725735308113578,5,0,0
89.30794969182341,1,0,0,33.13321057427738,1,24.844046121124013,43.93736585853385,3,0,0
94.72261443612436,1,0,0,90.95840763506233,0,15.268107630105277,31.925716502959542,3,1,0
71.77315181922874,3,0,0,18.903521326026688,0,30.88403493321254,10.488011052079514,5,1,0
73.94631414811191,2,0,0,23.62331048721496,0,3.323391574352961,44.692511012892076,3,0,0
57.646962091313,0,0,0,19.974494517262226,0,20.32965878362869,24.034409429757854,2,0,0
63.678542879459,3,0,1,0.45028832439065436,1,29.714938228201536,23.87241192168983,5,0,0
82.31542299542284,1,0,0,155.27907477332644,0,28.645202527392783,69.9033875984752,3,0,0
94.07768874337633,0,1,0,7.4827997118266625,0,66.25988738112687,26.480268425546505,3,1,1
67.21107448638001,6,0,0,16.960522579847606,0,1.2037361950692855,31.010105652403123,1,0,0
60.99621470297177,1,1,0,6.923079280825202,0,8.48621256577452,43.69799422363621,3,0,0
70.01055917713195,4,0,0,33.72050664320565,1,12.946412138044254,16.01881413147666,3,0,0
82.0241349785823,3,0,0,134.53467146374314,0,7.414420552561875,38.37492593016149,1,0,0
41.12290367732916,3,0,0,5.306969702214499,0,7.415173505226759,43.86050968847883,5,0,0
24.076380937255237,3,0,0,29.071071426475253,0,3.874816746676238,49.89775346748108,1,1,0
58.98926301016833,3,0,0,1.131448015105566,0,33.52773638038296,39.89139718166686,4,0,0
45.58575148171683,1,0,0,73.67944630351373,0,13.621178176956713,13.425445966409047,4,0,0
59.83719604705378,0,1,0,51.25315076581285,1,1.7182910559906577,36.54400952354155,2,0,1
67.04439362365056,1,0,0,60.14844270715566,0,3.3659805544983867,9.824281918032614,3,1,0
60.93503181953973,1,0,1,31.96481227138197,0,5.187153771664744,48.45046716875973,4,1,0
99.04935068941491,0,0,0,119.09929134855975,0,14.225713207609429,46.11247560005329,5,0,0
76.5348952920464,1,0,0,26.344146999373457,1,31.32488983626727,33.37078116833883,5,2,1
76.00948719221657,3,1,0,36.086086070353716,0,1.482739984899004,32.7606986807805,4,0,0
82.44414288086804,0,0,0,59.419611100333945,0,20.256747727180112,29.886251306665823,1,1,0
47.223337644384614,0,0,0,36.75689300043405,0,3.2347483760875506,29.60187170682358,2,0,0
90.78223574840537,2,0,0,10.495058986410456,0,71.1269186973755,44.51743216006565,1,0,0
68.4847142692908,1,0,0,19.068190933664113,0,45.80788031191866,25.328690097784094,2,0,0
83.40961234482425,4,0,0,4.841762854821159,0,59.748477261957696,62.877033093224156,4,1,0
48.56285533919689,0,0,1,28.335727236241276,0,2.244656577393956,32.59597441953391,1,0,0
38.924824679678714,2,0,0,47.00255088749466,1,13.390034334592457,48.62290600263271,4,1,1
86.35779316050058,4,0,0,6.308212369845362,0,13.621178176956713,5.176118387291957,2,0,0
77.52819052195034,2,0,0,49.79201742260113,0,13.621178176956713,21.341339573692498,5,0,0
70.16436265519079,4,0,0,111.68661011618192,1,5.298567910078791,43.74593677241164,1,1,1
52.60673837450611,1,0,0,20.603624416275093,0,29.448462920916665,34.84044844292229,4,0,0
92.50869568829539,2,0,0,12.553564791781005,0,20.65663706704971,30.426528759305043,2,0,0
46.21176214265344,0,0,0,111.74915587728856,0,16.954173295187868,45.89453586190305,5,2,0
100.0,2,0,0,58.87388531433262,0,34.88536387531241,61.80514561455906,1,1,0
51.98758530704262,2,0,0,5.568642571049283,0,13.87386782751629,12.6640743140169,2,0,0
82.76783851216766,4,1,0,26.22188850968649,0,6.29015340087824,45.013404770327796,1,0,0
63.42763048502031,1,0,0,56.05663906326637,0,19.388846447027944,23.364763574229826,1,1,0
82.06374862164687,5,0,0,42.710872696339145,1,62.96025575693907,42.8223799465662,3,0,0
59.11771995771615,1,0,0,48.1883973316212,0,18.38386697508308,23.189309885925326,4,0,0
66.74414187855412,0,0,0,41.86648898981714,0,19.864485715890464,37.94062533065675,3,0,0
70.81838350791442,3,0,0,79.98957081860593,1,54.59079347189953,39.30399778568055,1,0,1
49.95625088437055,1,0,0,19.314527782615784,0,14.483475322050358,19.55235959065404,2,0,0
84.81648690840251,3,0,0,61.6293057403433,0,112.30149018509746,22.87225212688806,4,0,0
59.73572867056829,4,0,0,235.96984168512623,0,3.4790227786029666,27.165500701681374,2,0,0
65.42800169319963,0,1,0,24.711443891440837,0,15.402285652421053,5.620950050757326,2,1,1
50.11301250782975,1,0,1,78.28261119299418,1,13.621178176956713,36.80598105607143,5,0,0
18.75332682409379,2,0,0,14.12538991541335,0,12.0780661214594,52.09154143322873,1,1,0
66.17944474799663,1,0,0,16.557093276121243,0,3.740425491786919,11.111890540014532,2,0,0
100.0,4,0,0,136.56379778135374,2,5.03417281582684,39.87275761167757,1,0,0
85.69208575796048,1,0,0,1.3140344034945006,0,4.734711354460283,35.14627561742829,3,0,0
69.6147924053121,4,1,0,12.258425543000767,1,7.714171373480511,19.661356303259296,3,1,1
64.74218341583465,0,0,0,32.97795135457791,0,2.8913853754212475,60.613506020237246,2,0,0
70.44931785624092,0,0,0,25.69548721435871,1,33.14549899184526,47.25817952053992,1,0,0
80.9423823035042,2,0,0,49.60054088242886,0,4.98655769996218,48.57819915042424,5,0,0
46.38374369382311,4,0,0,10.704362333352059,1,10.77658155703217,30.60764621497201,4,1,0
92.28643389337745,4,0,1,3.6579521309493774,0,0.3237490184558046,7.31334153377729,3,0,0
84.30762630882488,1,1,0,23.04889601329222,0,2.2159843118035853,32.56859961942847,3,1,0
84.36371451415869,3,0,0,37.15420052010155,0,45.31964460948203,28.122187947671485,5,0,0
78.76951477619454,1,0,0,41.27702814361376,2,36.299768142635344,45.32782324359097,2,1,0
70.3923331538798,1,0,1,46.00157643973819,1,36.7672695050253,21.129684729023452,3,0,0
83.4572247193364,1,1,0,39.77693825532577,0,10.598586094306883,50.01532906818127,3,1,0
81.83628267482756,2,1,0,14.101700705004665,0,3.05208948958718,20.682578872236732,4,0,0
62.91918578117952,3,0,0,72.31277904521899,0,2.2834180789441665,40.58690617663689,5,0,0
58.52796454206198,3,0,0,4.593718842711205,0,18.60793130002891,18.797157768932337,5,1,0
72.03712590523973,0,0,0,11.054400740892287,0,13.621178176956713,29.427188105759594,1,0,0
100.0,0,0,0,67.23421159464002,0,46.07461140410136,10.008857358616972,5,0,0
45.21785848692198,0,0,0,16.406188499791863,0,6.814109900270797,31.091448551202195,4,1,0
40.6494946849512,1,0,0,34.0089260771751,3,7.743465660378007,14.884030822974882,5,1,1
73.29521682473033,2,0,0,19.815190625218076,0,2.1267010709002876,38.324401893808826,1,0,0
71.01775403712035,3,0,0,35.36039976766298,0,29.78070304890285,40.4472196476215,4,2,0
73.46683328740816,2,0,0,21.282559141519066,0,6.450723515177481,29.829328834004524,3,0,0
74.87906395817001,3,0,0,257.5637940580163,0,13.621178176956713,20.197423153699027,2,0,0
65.5359549073039,3,0,0,22.117679122232147,0,52.87260063809317,36.07612890453645,3,0,0
99.79726877204165,4,1,0,49.31546772180872,0,27.90393583450203,44.25793887239068,1,0,0
37.981920430469685,2,0,0,109.61627780097456,1,1.0835890285706251,27.451608936035544,4,0,0
53.430059504395075,1,0,0,50.796575484986676,0,0.16376050061410616,23.55771947460523,3,0,0
67.93490479701906,2,0,0,41.719094684090805,0,30.967601889722186,11.097680980319026,1,1,0
37.13622377691665,2,0,0,42.10898541331433,0,16.081585416573965,33.267537019811606,3,0,0
66.48291191135857,2,0,1,34.304676896906585,0,25.48321417465754,45.89999013051807,2,0,0
100.0,1,1,0,82.40384410680436,0,3.4113854481375485,51.44982492844469,3,1,0
70.41772976591923,1,0,0,2.5869896164030437,1,41.121978256981116,33.559687148832914,3,3,1
74.61401811437366,0,0,0,108.19767116522682,0,29.68475825740338,8.983173699983308,3,1,0
44.796704696548396,0,0,0,44.129770019368266,0,44.298612699852676,22.949537065887913,1,1,0
57.672771839210455,2,0,0,34.54584670920994,0,8.343551116075474,47.557738913275074,4,0,0
62.49607239352126,1,0,0,0.5223541892064189,0,6.451135612800037,42.331682466392266,5,0,0
63.64569806487532,7,1,0,101.73350693876368,0,3.2911599025121587,14.494223610997947,1,0,0
95.63287590007538,1,0,0,6.399482775469812,0,53.21050472405511,59.649871997511084,5,0,0
81.15382121450249,1,1,0,63.86625937600411,0,3.891831414898534,13.764844352415373,5,1,0
47.77084086125936,1,0,0,26.937374548724698,0,2.5411560311929042,24.159731211744727,3,0,0
74.9300955686401,2,0,0,57.13955666457806,0,4.28065880970271,37.54622597725569,2,1,0
79.9644349699357,4,0,0,49.46858011736346,0,29.514031907670358,28.808379961411777,5,0,0
92.80298077042534,2,0,0,8.920254632120999,0,44.06008726019928,25.124485874484215,5,0,0
100.0,1,0,0,36.14051715043917,0,33.31100933184728,30.202959876750644,3,0,0
49.69811616344263,1,0,0,16.233244053942848,0,16.56736241029454,45.38116389946371,2,1,0
70.16436265519079,1,1,0,41.09869349506269,1,101.93775990615686,58.845687267313046,3,0,1
44.84844282170768,0,0,1,66.97116530177982,0,1.4267852527920002,34.5525039033805,5,1,0
65.31960281786037,4,0,0,4.237519361278155,0,40.376967537949334,20.57030811202352,1,0,0
79.32716748892669,1,0,0,36.25898161125052,0,11.162323418447823,31.57718958697949,5,0,0
89.74669033178203,3,0,0,48.06830420053189,0,12.143880051175596,59.61681916318083,1,1,0
68.48097952714954,3,0,0,17.50394114118054,0,2.730027829045227,42.18232846439778,4,1,0
63.60304953490312,3,1,0,152.88408910302374,0,0.6800926781245091,50.09296506424012,2,1,1
73.03515984497481,2,0,0,36.73001303226867,0,7.6143277780145056,42.45960933931805,4,1,0
53.29714196739954,2,0,0,10.076264071977832,0,3.8438874557111897,44.10988850547386,3,0,0
70.16436265519079,3,0,0,5.702589995327796,0,13.207357068278547,30.702578946940193,5,0,0
37.846779457638824,2,0,0,39.007151428820116,0,3.1876658632798365,51.61211216835068,4,1,0
73.69481157791449,0,0,0,23.519255590202057,1,2.968323589364619,0.0,2,0,0
100.0,3,0,0,10.693527549804127,0,41.908001545209494,38.53553745612556,1,0,0
70.13599689119995,2,0,0,1.55897781717656,0,13.621178176956713,37.17979940966291,1,0,0
66.19921929997011,4,0,0,41.804718727714196,0,66.60520483903372,16.97737133108606,3,3,0
62.851091543791455,2,0,0,34.54584670920994,0,22.820113022430295,35.17108611848569,3,0,0
66.39216636475184,1,0,0,7.646056870140934,1,29.482107027394267,38.919933369274304,5,2,1
97.45696949353061,3,0,1,46.03226618939747,0,36.131544873169844,4.025304417602175,4,0,0
25.762761773409864,2,0,0,151.79934094228258,0,21.51288524374428,35.47108222056884,5,0,0
100.0,2,0,0,34.54584670920994,0,8.016809505602238,49.497336665071686,1,1,0
41.5208569509971,0,0,0,109.68336704119572,0,3.40122836984796,55.24367285092569,1,1,0
64.66695341531171,0,0,0,82.2736163788258,0,5.417110251968133,39.42638137200099,4,0,0
61.41511159402676,4,0,0,11.746122341188126,0,36.70345278453553,28.77754451593863,5,0,0
81.7710653954144,1,0,1,8.505926821720639,0,23.820949830571788,44.65908152449611,3,0,0
38.03751296232505,2,0,1,29.434637969770773,0,12.168613357791816,17.449072026430144,4,1,0
79.24345332163885,1,1,0,48.330771001735876,0,0.5969214599140586,41.9442256457652,3,0,0
100.0,1,0,0,95.08274058718986,2,6.190494459422926,29.485514720803156,4,1,1
42.73651990814379,1,0,0,13.195871173628735,0,26.105165509480578,47.8793197985091,3,1,0
73.79412335220792,2,0,0,32.66247910806016,1,14.364674053345636,23.046730486253438,2,0,0
56.76035644406782,3,0,0,52.126757236711306,0,11.437449206970843,55.952580836574604,1,4,1
70.16436265519079,2,0,0,29.492887313662706,0,7.528208292528093,48.38434715429629,4,1,0
70.38295554831504,1,0,0,30.274554304532774,0,18.67544446127245,35.691652353095925,2,0,0
57.170261819113804,1,0,1,12.752171828866043,0,67.85588694808764,34.46207620268675,4,0,0
79.75744569742147,2,0,0,215.8528037604503,0,46.27770263195746,55.75441292669136,1,0,0
100.0,1,0,0,32.23626215244747,0,0.6194535503821057,62.5177952588501,1,1,0
66.18192416545402,3,0,0,38.043679724877,0,13.115248518930542,25.08986859660215,3,0,0
84.39515884296364,2,0,0,12.330800028398512,1,7.993715753391281,25.708401836413802,1,0,0
44.134540842576726,1,0,0,36.091400404882364,0,14.291693093268181,49.833123232533936,1,1,0
50.871272463639826,3,0,0,14.742018840025786,0,18.63893753790254,0.0,1,1,0
79.44812555760754,3,0,0,11.3034068990538,0,4.463572738532723,0.0,5,0,0
99.6823205707193,4,0,0,16.12901644349008,2,30.425616881913825,19.159705931675127,5,0,1
77.1122669757132,0,0,0,34.54584670920994,0,12.889732880063473,35.218468935993734,1,1,0
63.73883938953691,4,0,0,42.21607776589416,2,96.58141772295848,14.032959698556077,5,0,1
69.98582810846708,2,0,0,24.508684652586133,0,0.5089693712937983,11.894436057408093,4,1,0
44.99184532060565,2,0,0,114.47802373634575,0,4.20748790669492,23.48787020522986,2,0,0
82.09030652710733,0,0,0,2.077945257596076,0,23.39979004484164,51.18859917515111,2,0,0
87.64666124646818,1,1,0,2.2080605112678677,2,23.760660179405683,24.858464130086954,5,2,1
60.958193343338394,4,0,1,108.52239741834026,0,17.45448491040012,47.3725502966485,2,0,0
60.59915704480997,2,0,0,6.770637618155155,0,71.48248480039724,32.332534002435615,5,0,0
75.31756459304097,3,0,0,0.10812202570426611,0,10.733641064502354,54.01654792613962,3,2,0
61.265605279188094,2,0,0,9.856362936366578,0,10.792624742161916,27.19433647910038,1,0,0
68.67734770748355,7,0,0,86.82839903689403,0,48.26505181030301,37.084061177368504,2,2,1
100.0,2,0,0,81.15506229482017,0,15.462941669520834,34.16804198989967,1,0,0
65.05948598508007,3,1,0,20.785789174403146,1,8.73068575090118,28.78228130870919,2,0,1
62.83319695957556,0,0,0,55.13567193393229,0,25.383598860287115,42.878614086033465,4,1,0
57.049163887296814,2,1,0,35.387636950450116,0,19.334352149350888,41.222892984523,4,1,1
84.88383942999873,3,0,0,117.55463452356099,0,7.317486873067157,34.37698095966056,5,0,0
66.37551653563794,3,0,0,2.9038905163395317,0,7.074409057299691,2.1322302576293417,1,0,0
57.01253923357148,3,0,0,83.8802514448418,1,10.0708044548856,13.28670089291538,5,1,0
96.42608064546025,3,0,0,9.35255634559959,1,1.4862843595612278,17.022317762265004,3,2,0
98.39206009027274,1,0,1,24.847853368267277,0,57.16010974893449,34.45627156486569,5,0,0
57.9915286852259,2,0,0,10.657009573229315,0,4.042814268549223,30.321970029000962,5,0,0
32.66920097278768,2,0,0,60.63628490134083,0,4.309071460896245,19.693465775389935,5,0,0
90.15027379673845,1,1,0,56.710861372475144,0,20.827920480998724,18.576783269612065,2,0,0
56.30740348479992,1,0,0,39.69232899468363,0,25.76499826035181,41.298946465170026,2,0,0
85.81251198325538,3,0,0,34.54584670920994,0,26.6995162706144,20.050225208760857,3,1,0
30.597923645763288,4,0,0,51.02215174750252,1,9.402473481151908,0.0,1,1,1
87.85194676598618,1,0,0,74.9042319923437,0,41.32323466475414,33.2878050232246,4,0,0
45.776561414384375,0,0,0,13.68282141602596,0,15.705208237995791,22.767211227033005,1,0,0
84.61528238133049,2,0,0,28.010652120131507,0,13.621178176956713,42.27873730942933,4,1,0
70.28546135672869,1,0,0,8.221716332321057,0,33.255345655487176,19.58168959986329,2,1,0
50.921211612067104,2,0,0,28.070306351088952,0,5.582674259515002,27.36641291773817,5,0,0
61.85927374146439,3,0,0,60.48139679418868,0,39.348766607870566,35.04915550269487,3,2,0
83.72636913913402,2,0,1,58.78403482545678,0,13.621178176956713,0.0,3,1,0
72.11788906230468,0,0,0,61.795005528628124,0,46.0633367781351,21.78574145959564,3,0,0
81.68825960944969,1,0,0,18.4639542180648,0,4.503224986363462,19.198213853584996,1,1,0
100.0,1,0,0,54.267132125916106,2,54.99716488292934,23.5851833075665,2,1,1
38.71516776577897,0,0,0,22.90109050682084,0,23.28714222813265,22.973999178889926,2,0,0
100.0,4,0,0,144.56144775378056,2,19.263901164206743,30.681127019729963,5,0,0
72.08711875046426,1,0,1,21.03145252772719,0,10.965964656955842,33.47918385435154,1,2,1
52.02431903353744,2,0,0,46.19324644662918,0,62.61500968894929,40.09712998742317,5,2,1
43.393727485220204,0,0,0,69.34386939078165,1,11.736848835636609,38.30594032222599,4,0,0
66.21759218445933,4,1,0,118.4402134294047,0,13.804746463988797,48.51683307396728,2,0,1
88.4330022384892,0,0,0,28.806319851988103,0,30.419212162476654,45.21417838120682,3,1,0
67.44901759244931,1,0,0,22.352268580855885,0,6.7050476480756505,51.526202451264,5,2,1
100.0,2,0,0,34.54584670920994,0,6.891972084516991,49.06335880546671,4,0,0
40.97648619896882,3,0,1,19.55565598470963,0,29.859576177670046,22.92571002409057,3,0,0
69.7582210430789,1,0,0,53.054914546746424,0,2.7526194414930956,26.08197038979067,3,1,0
44.952131111737614,2,0,0,134.94220835493502,0,34.62810232347775,27.21460072394187,5,1,0
77.27263765249936,4,0,0,6.737807487492406,1,19.625921015422236,48.33523755938853,5,1,1
87.737747801946,6,0,0,41.15391763330044,0,15.490779167198552,27.282394472017703,5,0,0
61.584764126378936,0,0,0,113.96722566092217,1,5.204175720300133,42.52599533916208,2,3,1
17.91572286745732,1,1,0,5.274389779879684,0,30.870023261505665,2.5705987116094278,1,1,0
73.97896293592989,1,0,1,34.04763292174698,0,32.69030365456202,0.0,5,1,0
78.73477103467019,2,0,0,100.20913292351419,1,13.191999391002089,50.463968250237215,2,0,0
78.08589509923395,0,0,0,115.35587329082493,0,9.858698253065306,38.65030607901806,1,1,0
94.71564383644308,3,0,0,36.11357645825737,0,5.651551452765248,49.03674062632366,4,0,0
48.578926407019026,5,0,1,1.2634229969022603,1,28.067509695853673,8.251446184398716,1,1,1
83.60432210900899,1,0,0,5.582299084316431,0,20.402599390065088,33.83934091237864,2,1,0
93.8501502495595,4,1,0,44.181103711653144,0,4.629337620549941,8.970752606646496,2,1,0
34.42824831986967,2,1,0,6.611389646359831,0,31.643078542156402,44.73258544196317,1,0,1
76.39303651837955,2,0,0,8.091709782091842,0,42.77624227384861,31.765598160259543,1,1,0
59.91640337984657,3,0,0,73.94616843611048,0,1.2214987972880047,29.53233231208789,2,2,0
68.36954653796708,2,0,0,69.45332170341429,0,29.60512515145266,44.47543295517615,2,0,0
76.95352967076673,4,0,0,92.50315639509128,1,38.31952414944697,29.977452376373083,4,0,0
60.255428717728954,2,0,0,5.5876639898512925,0,95.37237795091951,29.482222576314253,2,1,0
56.48583841676776,7,0,0,11.041366859070447,0,5.425717854428425,9.650722019274454,2,0,0
70.6830483497605,1,0,0,89.4765267151027,0,9.272582360496228,51.607780494640735,3,1,0
48.25508122274395,2,0,0,63.84287780708182,1,67.74061933724371,33.06547578675145,3,0,0
48.28349742229629,3,0,0,81.9835500134748,1,1.9746627353181676,39.29661370103716,3,1,0
83.58746565913006,1,0,0,229.00278510975838,1,14.834476794883448,10.94295493094194,5,0,0
47.02411929682688,1,0,0,99.91395071940977,0,14.134562909370006,52.22620119850227,5,1,0
83.32625001818424,3,1,0,36.74673735158978,0,18.655910742300733,33.767890534700825,2,0,0
79.25182585707903,2,0,0,18.608880644129215,0,8.033225482716329,57.04682964414189,3,1,0
35.48386542418807,1,0,0,42.16091143766722,0,52.051677762206054,46.23771278710029,4,0,0
56.4487069532869,4,0,0,50.886634289224475,0,6.295893349662486,0.0,4,1,0
93.88218806094744,2,0,1,20.421886693744266,0,20.97905105853598,42.81673765870377,4,1,0
50.37668937720637,1,0,1,73.6879183868363,0,13.70068450543113,44.86647029079791,2,0,0
60.711914753812245,2,0,0,4.867070664332913,0,6.203283634571589,40.54205052738412,3,0,0
79.24121786503792,3,0,0,75.56858820867093,0,4.18613929140216,34.12801854807361,2,1,0
85.66781018565192,1,0,0,1.6260830709743805,1,62.72847011022296,28.044352073315036,2,0,0
64.96922227911008,0,1,0,34.454377672560625,2,16.478400160620446,30.442651385650446,4,1,1
58.049796106167165,1,0,0,98.82131555669645,0,18.536465711057176,51.908959465281164,3,0,0
98.44739723397015,0,1,0,4.523336484619897,0,30.54752571763428,52.98039378147153,5,2,1
100.0,1,1,0,36.46348430134672,0,1.6943164634425876,28.167301072778496,1,0,0
89.57716101563591,2,0,0,8.68145860124309,0,25.01879138374948,19.086416768156834,2,1,0
71.70636285130048,1,1,0,112.6020852647564,0,3.609827952882891,49.8416287263767,3,0,0
53.834685567181474,4,0,0,89.29250630209306,0,26.978513783074987,44.66003850487347,1,0,0
53.39111186886869,1,0,0,135.8423716463005,0,3.047381028707118,33.89848351563465,1,1,0
80.45028210531515,2,0,0,103.96501419489674,1,35.73468631458815,16.258451722287894,5,0,0
78.36796441777368,0,1,0,66.69521229754967,0,22.852303031247683,5.5172661209630505,5,1,1
98.03197185892859,0,0,0,10.22156093246868,0,9.751633682921138,42.036196949599514,2,1,0
83.00900185072278,5,0,0,18.012825767829398,0,8.889351551327273,22.346936880641437,2,0,0
39.93839396480364,0,0,0,34.34385973417921,0,3.2256189471248877,21.954646806025913,3,0,0
91.03895235445837,0,1,0,44.445547807469374,0,46.87926062505536,37.072013713640125,5,0,0
50.03878745371174,1,0,0,76.20509165789518,0,2.5232697138398756,22.55417209177789,5,0,0
62.32057456095297,0,0,1,12.871200215808361,0,12.776111504042762,23.182577875889372,3,0,0
75.00400412503389,1,0,0,6.864200911777296,0,5.397326518370642,19.826097734744422,5,0,0
100.0,1,0,0,32.94793332714626,1,112.13769666903845,40.63794508640794,4,1,0
100.0,3,0,0,8.589346717158476,0,17.63025377865428,15.89591218910672,1,0,0
82.13446118272365,1,0,0,59.165521180884454,0,3.24060458782284,7.9091750474038385,4,1,0
66.33606762559225,1,0,0,42.857583010789405,0,22.02615822924566,15.744574765736614,1,1,0
80.69011296961101,3,0,0,67.56717543129683,0,95.61195257198307,51.6024492651794,3,1,0
87.75310851747672,2,0,0,3.276900871653457,0,18.57958182525075,21.293570174256015,3,0,0
63.586647488856165,3,0,0,167.1901604100733,0,12.226887024424018,37.37892393681703,1,0,0
100.0,1,0,0,0.0002768345532719729,1,6.942135068900198,25.367316647564607,1,1,0
74.60141518382804,0,0,0,19.684911632360112,0,1.9329365806733438,27.042230612271663,1,0,0
79.95486178182789,0,0,0,56.91468316061133,0,5.181796400076716,50.61324812538116,1,1,0
83.31848504108923,1,0,0,2.3096359005269207,0,16.131728364059,31.898305291278135,2,0,0
78.43173221228912,6,0,0,4.351455113205546,0,28.031059571486775,55.007445512116746,5,0,0
86.77881000939225,0,0,0,3.9890482797444213,0,42.06335842213961,59.084574956607,5,0,0
57.65493626906154,5,0,0,43.55508155944214,0,31.569664840377506,53.76272842304866,3,1,0
58.833964921079385,1,0,0,113.13232564697175,0,2.6812638543292566,22.202334837780825,2,0,0
47.996915340566105,3,0,0,40.53317258268741,0,29.696664832613386,32.64020541072184,1,0,0
78.79002461240452,3,0,0,46.262960470462936,0,17.42656463679406,52.24343743308647,2,1,0
85.57873007024229,2,1,0,21.232522615549204,1,12.663916695275946,41.94438924664116,1,0,1
79.15545732303772,2,0,0,0.9459499819377808,0,17.008380050453518,47.460382681902814,5,1,0
100.0,2,0,0,1.0925868697634364,0,0.1621622168631286,48.74986441054004,1,0,0
69.88807962341907,2,0,0,109.60139011606063,0,1.4026613460721324,49.55257711869739,5,2,0
83.37483311185025,4,0,0,5.411143677120469,1,14.924600623832752,15.284325405765513,1,0,0
48.16598247721372,2,0,0,423.27080619467444,0,3.813993092502023,29.229691491823846,3,1,0
62.25800595051198,1,0,0,8.981615493781181,0,15.772949462562192,20.37911143057636,5,0,0
83.91075515131556,2,0,1,56.14029704610518,0,8.74572872958624,28.32355220606196,3,3,1
86.98204221486287,3,0,0,148.75284663455278,0,47.59191917317448,33.248678363337696,2,0,0
64.12066104671635,3,0,0,22.493525584611234,0,59.78841558186904,31.618510077656225,1,0,0
68.56801496283866,1,0,0,66.2944413411608,0,78.02573003866462,21.21855586348604,2,0,0
39.64252506638381,3,0,0,21.60508491458824,0,45.84042096702812,11.063180132098044,1,2,1
62.85941598386781,3,1,0,18.187931329917912,1,85.21863680807218,7.193909366491347,5,0,1
87.80766327039572,1,0,0,11.27006005540096,0,13.621178176956713,57.47813228282895,1,0,0
81.50410032213132,1,0,0,86.00029453179084,0,64.65051115159396,48.634649414699325,4,0,0
80.0133144276242,0,0,0,14.879015849422528,1,20.532855102357217,35.160639247619066,4,0,0
70.9954737436192,1,0,1,16.645002627144486,1,33.13207964617933,0.0,4,1,0
70.14126317256353,2,0,0,343.8973107804714,0,2.829197493579535,17.70991530360882,3,0,0
56.793577210531055,4,0,0,19.823566342412303,1,22.95182343183727,37.5267068817054,4,0,0
83.9765684040507,3,0,0,27.47611274582285,0,13.621178176956713,42.71470863381715,1,0,0
78.4194588877878,1,0,0,230.53656991938573,0,15.532673357917066,25.352071357852104,2,1,0
70.16436265519079,3,0,0,23.046275649289242,0,4.136048788859451,38.347833041512686,3,0,0
59.47930314664839,4,0,0,22.797305616940758,0,13.621178176956713,28.598804787096537,5,0,0
26.933141602575112,2,0,0,87.93010492133371,1,24.547626095558055,47.04311152624508,3,1,1
91.94305423507392,3,0,0,18.693261878828334,0,29.375136469237543,29.448891589348484,2,0,0
60.42325087983192,1,0,0,13.314695507824764,0,13.621178176956713,28.939835673331455,4,1,0
52.74448471913759,0,1,1,27.513873629981205,0,4.901854232873767,22.51819015985969,2,1,0
83.86957823827987,1,0,0,60.30555453761999,0,52.260834584892294,41.33761271812259,3,0,0
62.15974720161741,1,0,0,2.2102932187752633,0,29.710577268194353,36.24508472092878,3,0,0
91.19872768093244,3,0,0,23.41353875274363,0,6.313084086046208,12.650457120880489,3,1,0
82.34011899153396,1,0,0,21.251123273130563,1,33.40637381448085,35.82142489082408,2,1,0
83.67138646400954,4,0,0,14.039847950981502,0,8.550001579857259,32.802836966727924,1,0,0
42.68088577598931,4,0,0,53.1073649765061,0,7.491871842535623,44.453581551876425,1,0,0
94.23887970772802,1,0,0,17.123816889801557,0,39.766676666712954,28.652574560742057,4,0,0
75.22501062467713,1,0,1,46.663142216507104,0,41.30843863638201,15.390893660274504,5,0,0
62.61445721507594,1,0,0,35.0929349398383,2,10.16595652077341,23.22532865310464,2,0,1
72.86776934684502,3,0,0,12.243255193669462,0,0.1792570340721515,57.51447672310646,1,1,0
34.475295342033604,3,0,0,15.500887138586267,1,4.129800421920667,26.810318221223042,4,0,1
78.17305622961342,2,0,0,9.352639772054756,0,48.003148800810386,45.49953246713756,5,0,0
49.41256983635857,2,0,0,2.914793811481359,0,13.621178176956713,9.444266861574725,4,0,0
42.946594283129315,4,0,0,48.27253400278306,0,12.078738554175047,35.939250788533606,4,1,0
39.55281627564218,1,0,0,55.85745603994886,0,7.251466311514058,6.999617536522987,5,1,0
92.2537674997985,2,0,1,9.076093447996248,0,7.212176060097109,31.052854408796737,3,0,0
57.41473212614423,2,0,0,47.77658227076267,0,45.49838738301878,18.893589272040114,1,0,0
100.0,2,0,0,201.10512092832465,0,7.852951425758786,16.132577634910618,1,0,0
59.28397073895404,3,0,0,3.865768321738573,0,14.331602386796758,14.355128972580534,5,0,0
35.852840848141064,2,0,0,33.703600939040875,1,26.26169960990222,26.792514065008724,1,1,1
47.66951120102682,1,0,0,66.03248765432403,0,4.701312796728176,1.4924575780953404,2,0,0
94.71623240013878,3,0,0,2.3550624455639544,0,5.856279874203432,8.411412772854032,2,0,0
66.88203644126665,2,1,0,75.31553057671962,0,8.865267732596564,31.4044345699035,2,1,0
59.034254070187984,2,0,0,194.39393469999354,0,21.239246927755197,3.7932107332823897,5,0,0
73.20036451705576,4,0,1,4.632518506119401,1,34.019077613523294,7.17560857149325,4,0,0
70.16436265519079,0,0,0,86.36320836351246,1,15.824276705623404,56.799937743278406,4,1,1
92.34797631804922,5,0,1,23.78752913062132,0,2.852682205005848,53.56849332534853,3,0,0
98.96998459785853,1,0,0,7.781033128117606,1,11.820677458110676,17.51277411952813,3,0,0
62.80462708421828,1,0,0,33.98127156245651,0,2.732224829835184,34.936190468791594,2,0,0
43.479046278359235,2,0,0,3.7102538470158755,1,1.8488237187850955,17.639817228049104,2,1,1
61.730696777534476,1,0,0,36.9178359987628,0,17.813276963431807,18.273948135734116,5,2,0
75.20561013165772,1,0,0,0.9773291921116636,0,62.56796049813155,0.0,2,0,0
50.72482147578778,0,0,0,65.21018452194163,1,36.35531438533754,52.93118240909098,2,1,0
50.85698170209914,1,0,0,33.46857241480386,1,29.786153786461828,38.31851022468982,2,0,0
76.87575763099771,1,0,1,30.711223694381,0,25.969770159658403,41.136201828810954,1,0,0
69.02695296859098,1,0,0,10.919710723388661,0,45.485367865141335,37.98520802991681,4,1,0
70.65593990823173,1,0,0,22.41313669162578,0,13.621178176956713,27.01289482909319,1,1,0
54.83009330599861,0,0,0,10.036666852528777,0,19.716961608364624,22.71454944426496,2,0,0
65.39198571588466,3,0,0,66.47493075299279,1,9.072531927336502,29.481112385035516,2,1,0
51.51533711463391,1,0,0,11.096295861142986,1,2.1281966501824736,51.98525756544795,1,0,0
87.80396822249574,2,0,0,47.953822121022284,0,12.362032190281205,30.345978316230784,1,0,0
90.70498669447505,1,0,1,16.39795390497768,0,51.74788888536494,59.116444686338255,5,2,1
33.07624275523813,1,0,0,53.498646311711994,0,17.498190612789802,18.34603922202806,5,1,0
51.4097827961518,1,0,0,38.87591600281323,0,4.079179649907471,7.649557176656458,2,0,0
40.06941489819842,1,0,1,27.533674753661085,0,20.940709272991455,16.170861084600496,1,2,1
56.99952131186204,4,0,1,55.889882837200375,1,12.527057889504306,27.60122251945171,5,1,1
68.33124060419279,5,0,1,26.86892522901224,0,53.58345064946383,50.83185773538074,3,0,0
41.007095606029395,1,0,0,86.12210124203853,3,3.5094590835226387,22.729441873547426,1,0,1
51.56280373749374,0,0,0,65.39236165184637,0,24.896711862090484,8.129047323262387,4,0,0
49.92085255837003,3,0,0,38.89594368626218,1,22.889091325385294,30.195581934964242,3,1,1
74.14534658797888,4,0,0,104.8032199853361,1,82.13835977575783,48.32697895596607,3,1,1
71.386886740725,4,0,0,88.26419935975768,1,16.644145210411438,29.93319027814953,1,0,0
55.565248933254935,4,1,0,37.94719340236793,0,41.0480539162722,33.02587532032327,2,0,0
73.53641744278796,3,0,0,34.54584670920994,0,0.5004890722646078,29.594354734231345,4,1,0
59.06639830825469,2,0,0,41.735116992309415,1,2.62250221743153,26.841557727842154,5,0,0
64.56689779347893,0,0,0,21.945173750442578,1,8.491080132490577,66.00285181811,5,0,0
100.0,3,0,0,38.838717374004716,0,19.316311667960196,49.70446569356608,2,1,0
96.80922103580696,3,0,0,52.08284334197466,0,11.92328963908407,58.10866435920697,4,1,0
44.00837526144805,2,0,1,51.759143706468045,0,4.53039105565762,73.27081270337774,4,0,0
86.5946483575835,1,0,0,55.969948657743416,0,17.793158097836976,49.29668087506074,3,0,0
86.22793108983184,2,0,0,56.85756721715474,0,16.726455586418695,22.939517432474375,3,0,0
47.034734224947634,1,0,0,5.78633736598953,0,14.865558956601435,43.244322147807395,4,0,0
86.37555287509721,0,0,0,10.64186285808648,0,1.8984395697195178,58.66801899849284,1,1,0
100.0,4,0,0,49.785775890143135,0,52.35290229325149,38.00611297022405,1,1,0
47.549103875111726,1,0,1,26.22699418425341,1,17.942280896079133,24.82343474757172,1,0,0
51.64994357971473,4,0,0,71.95346822549973,0,6.130278945416477,50.605814434262,4,0,0
90.35322933687004,2,1,0,6.671386029237407,0,23.257781066587256,10.894712939147478,5,0,0
75.42990621651296,1,0,0,10.630152060557736,1,7.651814389777592,32.121800956421126,1,0,0
81.02952550479047,3,0,0,40.874858853157995,0,14.098567209584726,41.38279312306871,5,0,0
76.81178432800994,2,0,0,34.73221696393785,0,8.344634411138935,28.384789963588346,1,0,0
77.81391841856288,1,0,0,15.489373925863411,1,42.471049867516335,39.38253637569488,4,2,1
43.47055743377834,0,0,0,26.241430773359493,0,102.2553024640284,39.78763733049781,1,0,0
90.94635413242897,0,0,0,1.780388842689304,0,3.515231976761017,38.40087970986278,5,2,0
93.39179984855548,4,0,0,1.8870720065734683,1,0.4772276495674981,27.172827650213204,2,0,0
65.41218511863944,4,0,0,4.98698393365112,0,4.951863110085127,23.956242783515417,5,0,0
70.16436265519079,3,0,0,42.994628294757945,0,17.829620234901483,28.269232664207255,2,3,0
39.377849948885554,1,0,0,99.65086887812014,1,3.822027083135956,9.424601515583262,5,1,0
80.2850951203567,1,0,0,15.070344027997045,0,33.37149294847033,50.642640594034845,1,1,0
81.44114883428288,4,0,0,1.7264579319223432,0,10.507640343890767,38.117272703258394,1,1,0
68.75617966001379,1,0,0,61.65756979514947,0,18.859509510411087,32.52879828522475,5,0,0
92.48706719741006,3,0,0,96.67268632283034,0,12.162075634898397,19.83884456204468,1,0,0
63.31845538040119,1,0,0,7.435023767578515,0,46.728613259690526,31.933247039454226,1,0,0
81.29211851787201,3,0,0,24.3674758287552,1,0.7153486627776966,31.631257707738303,4,1,0
49.60671322615769,2,0,1,8.642537772965499,0,26.13502170362752,23.46691208798979,3,0,0
70.16436265519079,2,0,0,5.622469713958864,1,21.120951152347907,45.751386821347026,3,0,0
66.51291484194329,3,0,0,52.23015102652848,1,20.96874915674423,13.042775445516018,5,0,0
74.50615844081884,3,0,0,171.38190819442812,2,10.688347779030824,16.34166648291704,3,0,1
62.60946142333283,2,0,0,56.68591155254001,0,0.3159876804657986,46.67325597630369,2,0,0
67.37054808656664,1,0,0,209.3712487554097,0,23.374733842716864,52.56184108043499,5,0,0
86.52094342883012,1,0,0,28.49299061832839,1,35.37702313352229,34.18495935040465,5,1,0
61.26471525523565,2,1,0,114.07533498547764,1,1.7816590277397737,15.191680598519582,2,0,1
37.868457985226414,2,0,0,11.475955645832123,0,11.654221503341677,49.83420825741751,3,1,1
100.0,3,1,0,6.272740071388476,0,3.548945602827626,33.17290909400169,2,2,1
97.62908157380973,0,0,0,60.62042271463988,0,18.88032032187793,31.847231724738045,1,0,0
44.154746097887625,4,1,0,23.213670387459178,2,30.798691885121364,53.17163828233252,5,0,1
83.79415610490389,3,0,0,19.113383276411692,0,21.974639812286412,42.521943916351965,4,0,0
59.94050458897314,0,0,0,55.627535636838275,0,7.65627409818528,24.475949097260614,2,0,0
75.26974430662119,2,0,0,20.284559815920495,1,3.010242547323838,6.442993919233764,5,2,0
75.88448258026988,0,0,0,42.496853764978084,0,31.62363275940576,25.263689144083433,5,0,0
65.31184399367356,2,0,0,17.794841356172462,0,7.828784402128914,37.10783775450171,2,0,0
54.32468668827207,1,0,0,76.56776118900214,0,0.44777192826659423,39.56262368768896,4,0,0
56.18917895367481,4,0,0,18.726552440205612,1,16.945613880322632,11.609723853834073,5,0,0
51.67616169037515,1,0,0,38.28526404964092,2,5.6652320822420705,20.25966866212348,1,0,0
53.363555835391104,0,0,0,1.1724436072855056,1,36.80295007837798,0.0,1,2,0
68.65643419901289,2,0,1,78.44618627009976,0,3.092303856385805,35.195999413753825,1,3,1
55.68480021778497,2,0,0,48.423665133062194,1,11.41154260801732,4.288624902033057,4,0,0
83.64104131425239,1,0,1,10.674333162742501,0,5.837288221289124,23.124048966305082,3,0,0
99.74492310671855,2,0,1,12.127365634201869,0,23.39797414498883,16.535229081515382,1,2,1
58.39893517259914,3,0,0,15.22397943934507,0,15.904967354638629,40.09374045991488,2,1,0
74.78809001070753,2,0,0,42.96364263241269,2,31.307245383350132,35.75831727819843,3,1,1
79.99370220605867,1,0,0,39.738659806816756,0,12.272402586082992,18.994369991461728,2,1,0
79.4400454183855,0,0,0,16.000878389075996,0,0.09640058488239728,32.31367552386271,4,0,0
71.51910535832175,2,0,0,59.21868831524729,0,4.846437724186118,40.1324292818141,1,0,0
84.85364836719445,2,0,0,109.92980053624058,0,141.57343905066637,34.555180611296876,5,0,0
79.64497905361314,1,0,0,2.224533589187974,1,10.395477111183823,0.0,1,2,0
45.24675155345405,3,0,0,26.995271783533052,0,19.36405845404711,64.62799873560681,4,0,0
87.38312128778546,1,0,0,45.01104216671002,1,47.06317462450482,38.06606841583472,1,0,0
87.74581674533485,4,0,0,44.14705371725587,0,0.414754603132064,46.850237765917186,1,0,0
54.73427791642837,3,0,0,0.98643419796783,0,21.553112221319523,19.162248881292886,1,1,0
70.75875670895203,4,0,1,11.821956470336884,0,6.80413931234674,15.991937331134366,4,0,0
83.66657985622139,3,0,0,3.1912439286970287,0,6.5492104373278135,22.04637127879613,1,0,0
65.81372360841277,0,0,0,42.0783076997299,2,5.094010605280037,60.0021849916002,5,0,0
91.45956095532023,3,0,0,51.83681840890265,1,34.601537279530774,25.231792639939407,5,1,0
100.0,1,0,1,8.702324296919365,0,9.334507609884481,29.044934695206262,3,1,0
54.28027934730035,0,0,0,20.249095194162035,0,1.3894998593572996,57.8448488590348,3,0,0
42.3791079369245,2,0,1,20.00923445778068,0,2.037358169081328,24.58624381047124,3,0,0
76.07637191209751,3,0,0,85.68504363958135,0,3.217801904478381,30.235220908010756,3,1,0
84.43125010252287,3,0,0,10.82449955406575,1,45.83836122241581,10.11463256360716,5,0,0
65.38267252310462,0,0,0,39.73841497153586,0,11.152874602163312,59.17565787339956,3,1,0
99.06521326642068,0,0,0,76.37803960874298,0,49.55052057793133,18.61123523972799,2,0,0
43.227884005535024,3,0,0,88.47393484094268,0,34.017852685380234,27.41389426277327,4,0,0
83.85837246063222,2,0,0,54.91553085148867,0,36.388692919599634,0.0,4,0,0
57.882783584822135,5,0,0,17.800026588993173,0,6.76075994739236,27.440830760203312,5,0,0
100.0,3,0,0,86.59343578303023,0,6.330258663229844,28.842264794404503,4,0,0
100.0,1,0,0,67.77197085488534,0,16.422719457387064,23.75189344294447,4,2,0
54.666868244333045,1,0,0,60.949099677223096,0,10.823118165457581,3.9200482656334827,1,0,0
59.0088572818284,1,1,0,3.4854813550130515,0,14.228695205065405,38.18000213040536,3,0,0
87.19175773959604,2,0,0,2.2114354065245334,0,1.0934367861833696,1.4968097595036838,3,1,0
62.257387004209704,0,1,0,59.43209587848342,0,71.22041630728512,5.148643523178588,1,2,1
69.09177564135524,4,0,0,144.8349074794531,0,1.1985844398615917,26.098666943734703,5,1,0
70.5077684108482,0,0,0,74.29997339802881,0,3.9405341334035855,48.17345630827272,2,0,0
31.606536876046874,2,0,0,89.0337266864948,0,22.676533507226996,29.2813561695868,5,0,0
69.72324507811526,2,0,0,39.37094588010895,0,3.380247603768151,34.46866916217763,2,0,0
56.20544451871652,1,0,1,18.162406725531852,0,2.260461021012698,19.929185304514743,2,1,0
60.13754355200456,1,0,0,56.619348814430126,2,3.3357459647529337,19.897713493051576,1,0,1
98.87264006937627,3,0,0,62.23468385988365,0,1.2784061007340022,43.21873654041728,5,0,0
44.86986211441487,2,0,0,56.25160775309621,0,5.788838809118213,48.483853696989165,3,0,0
86.26410373495955,5,1,0,146.59944409676936,0,6.324903388654464,46.65996149916231,5,0,0
64.42074139336383,1,0,0,22.87838649020654,0,13.80790291959979,39.24840550993343,5,1,0
64.40479663008331,4,0,0,2.0232663939486057,0,11.550797480121647,34.91736625338896,2,0,0
85.80743792103422,2,0,0,119.5404162486662,0,12.8381875298952,8.476465577095912,2,0,0
76.8010258913778,2,0,0,8.747387642854457,0,19.144312144609582,21.47879366441598,3,1,0
81.41225994439063,2,0,0,59.75368254035786,1,5.252283126245288,19.29354054695696,3,1,0
89.36369321065722,4,0,0,34.54584670920994,0,2.8936757110767664,31.07308619179442,2,0,0
63.37383233633354,0,0,0,18.56343135248252,1,42.219185548372415,41.67611682372984,5,1,0
57.755265309844994,1,0,0,88.72012115968548,1,20.09923368043136,24.939896980179185,2,0,0
48.29698946884404,1,0,0,20.177706230398112,2,1.2516256927789384,0.0,4,0,0
53.4917894004209,3,0,0,79.05659867574471,1,64.91037734037599,48.932313354920325,4,0,0
100.0,1,0,0,3.6193883263933984,0,13.621178176956713,16.539130097532322,2,0,0
70.16436265519079,1,0,0,53.24577270456171,0,3.2905280881340886,17.36461874559044,3,0,0
42.978512675839575,3,0,0,56.52652706065565,0,69.56228020199848,39.67272851487438,2,1,0
43.5508408651286,2,0,0,33.80721069578237,0,9.095439427235041,22.2617865116532,5,0,0
79.63732123436984,6,0,0,58.092121523400806,0,83.3513156091771,30.35827701711623,4,0,0
80.94529594755934,4,0,0,128.31690192163572,1,2.1801348657700004,34.99366310046237,1,0,0
80.9776767063473,1,0,0,66.18566741415084,1,3.486334828598511,32.24710405019442,3,0,0
64.90088412892604,1,0,1,34.54584670920994,0,21.424975218101096,26.238999289891055,1,0,0
67.49091479994199,1,0,0,29.765855630935977,0,0.4478462421309975,31.863366426960436,3,2,0
76.55759048318714,2,0,0,37.56962200879691,1,0.3773299928606103,64.87305205207514,1,0,0
71.71786012586661,2,0,0,15.308509616739938,0,31.40269330613109,49.432709803443096,1,0,0
25.6139925450493,7,0,0,212.0321449306266,0,3.673176973160925,44.406302381202515,2,0,0
65.40400738849613,3,0,0,2.8357527624915164,0,50.214335908268765,37.20742222121976,3,0,0
52.97187131479373,1,0,0,22.206691256078752,0,11.098899937658446,55.37214643818041,4,1,0
73.50422837817024,1,0,0,17.669528937970163,0,41.374361569553045,44.508624341921575,1,2,0
100.0,1,0,0,24.429705365835005,0,10.817574016461645,50.905558277520385,2,2,0
77.34963330948608,1,0,0,124.880060605154,0,15.110241526817534,51.43574079781925,5,0,0
63.72940627655204,2,0,0,22.946290697729644,0,7.610986847675756,41.548815003556,3,1,0
88.43603003954505,2,0,0,124.43167089849274,0,21.463360212352125,39.33647139984866,3,1,0
79.65375774418425,1,0,0,27.52502334517851,0,7.660412587504588,26.501102305326427,4,0,0
78.40188980903683,3,1,0,96.47140558522288,0,5.050677374641154,60.40027167547048,1,0,0
82.13701186431342,1,0,0,36.881093831121035,0,1.6904127991361801,30.444230955840613,2,0,0
100.0,0,0,0,18.65131243081894,0,1.1879811039437609,14.508227274843392,1,0,0
47.38223129348169,2,0,0,29.83277576448892,1,7.304927282364475,36.71094054228142,2,0,0
79.47264153622909,5,0,0,27.61547163426804,1,26.672015191347672,28.23491580156213,4,1,0
51.47237740036923,2,0,0,15.049448360496697,1,4.603868526359233,15.915380693196134,1,1,0
81.11025292684496,2,0,0,17.099080368002827,1,7.111438196934204,16.790491251734643,5,0,0
51.626269770278114,1,0,0,10.31763557042461,0,47.11368845556394,31.5626463521933,4,0,0
61.652663727898315,3,0,1,20.473698433707007,0,20.386273846623677,32.47988602174555,4,0,0
64.09820171524187,1,0,0,48.962299118876885,0,50.44529038198086,9.590230108411358,3,2,0
89.51633438689419,1,0,0,24.43349169244891,0,48.4332369537003,24.84450360516066,2,1,0
88.36908887884827,2,0,0,62.295884460620464,1,1.3102077579703875,45.03835958844237,1,0,0
45.08565247107231,3,0,0,217.05640375598028,0,62.02600062630614,0.0,2,0,0
71.09868221999697,1,0,0,34.54584670920994,1,1.0506804135353434,26.357814484666097,4,1,0
55.80840290501655,4,0,0,31.054277774240234,0,51.9710728057678,30.473229543805868,1,1,0
70.16436265519079,3,0,1,8.962922063187746,1,15.825497730213245,39.92060226169123,5,1,1
65.65965899151259,3,0,0,24.896727408645553,0,15.236641255783077,26.869718685772483,2,0,0
63.830344230883604,2,0,0,64.88349693435016,1,24.983871311390754,24.18960958706145,2,1,0
100.0,4,0,0,12.256985114851783,0,42.274245976838614,39.1656763528174,5,1,0
78.65919650721392,3,0,0,10.04795093565149,0,19.194643690982886,29.23274891191179,4,0,0
42.44764998491526,2,0,0,23.61029250969637,0,11.081617559332068,56.51592016053083,2,0,0
58.704519916581155,3,0,0,85.36617887012218,0,13.621178176956713,39.324614443271855,3,1,0
90.42766590858797,2,0,1,48.86274107371932,2,31.13779217801509,42.213315106187196,3,0,1
100.0,1,0,0,158.00603286565646,0,2.746049713225722,31.131314569839503,1,0,0
38.28033375524083,2,0,0,117.45262617695317,0,25.91926649398205,58.20310713151605,5,1,0
32.4015122972191,4,0,0,8.192885193599125,0,15.01234585728325,21.60097600688638,4,1,0
100.0,3,0,1,2.174233826479556,2,9.749863260235584,12.763162458072106,3,0,0
77.79228354741808,5,0,0,25.46589922416855,0,18.98590817862394,28.593756963920253,1,2,0
52.63414536247267,2,0,1,36.91554169974221,0,29.599453038153698,26.06101610107862,1,1,0
80.69258172244871,0,1,0,36.23918034595599,0,13.621178176956713,27.92511472739166,2,1,0
17.285045219662443,1,0,0,7.199712193906997,0,6.149449209645372,59.664300838765854,4,1,0
70.06751013194322,1,0,0,6.666138271126563,0,58.798444780688,18.134867679847847,3,1,0
76.55642345686171,0,0,0,2.399713727089352,1,64.85724730446844,29.081337372403873,5,0,0
88.4854027907566,0,0,0,95.14346605299946,0,33.600481888435716,5.505170771037026,2,0,0
49.72208095414925,4,0,0,147.58016021736756,0,42.64624579268289,58.39495796836073,3,0,0
71.71374322806719,2,0,0,6.147098391895433,2,23.580889835318995,0.0,1,0,0
51.49150747880825,4,1,0,11.984126500503459,1,0.7976408102111278,32.16764484393895,5,0,1
75.10767511348634,1,0,0,4.708000735313195,0,17.117018764178027,9.881513606227546,1,0,0
52.09307355273952,1,0,1,104.98309863765365,0,27.503493331178603,9.11937591531673,2,1,0
61.837983216795585,1,0,0,159.35521335728674,0,56.84413911238082,16.74753587222188,5,0,0
50.08369210419542,6,0,0,15.176792553207058,0,16.90042859599866,13.460267596200417,5,2,0
83.02272483647315,2,0,0,18.090392592537153,0,31.617075025978167,34.04053468555413,2,0,0
87.16902233313331,2,0,0,22.52336045038256,0,24.418223543387096,10.873583622597991,1,0,0
65.30758860085173,3,0,0,34.90434397853625,0,6.592396243340541,45.605593016597474,5,1,0
70.16436265519079,6,0,0,57.357728314773446,0,3.361937976766756,49.99163920712763,4,1,0
41.02817170732912,4,0,1,35.09835643553882,1,27.79844497329217,54.81262685065887,4,1,1
64.00646703986426,2,0,0,150.7983630249727,0,5.325415088128603,7.045574135811584,1,0,0
68.9959076591651,1,0,0,5.262107162177998,0,5.6125815249575,18.266796790296873,5,1,0
100.0,2,0,0,80.12448344295211,0,20.653470892917703,22.77674779628278,1,0,0
47.76065948451673,2,0,0,20.359561661276697,0,31.124433444655345,21.526146477031038,4,0,0
99.28354477504875,1,0,1,23.70441304728583,0,17.461372855071357,42.0277011868651,5,1,0
89.93717546931616,0,0,0,61.69230397069951,0,43.25353346678263,34.76969482295167,5,0,0
75.61272808980273,0,1,0,132.5200482144634,1,4.751018549650622,16.081491786414972,1,0,1
100.0,1,0,0,62.97441287888527,1,5.818130094766718,25.76504122932929,5,0,0
77.44210945213726,2,0,0,74.77434947075811,0,20.264597483013993,29.502906297081395,1,0,0
77.78318391335857,4,0,0,69.47080988098877,0,35.36494340423219,27.42619049304868,3,0,0
68.9375869396491,0,0,0,19.355132189784744,0,15.502413092000202,18.956290720457925,3,1,0
70.16436265519079,4,0,0,70.72037967060892,0,0.20871675456262337,13.35561847135531,4,1,0
91.92938467621767,5,0,1,76.74453546027755,0,22.598538013826754,41.27157487407763,4,2,0
57.48645425007575,2,0,0,38.114180330072884,0,33.595322754105354,12.261167493347632,2,0,0
43.61505610802465,1,0,0,38.47509405390143,0,6.474300717961342,40.61688281668293,3,0,0
65.94038725208686,2,0,0,71.29768556001086,0,1.114445523214747,33.56675712508549,3,0,0
53.99922871204707,1,0,0,84.92188931990356,0,14.594230788241171,17.160772926771763,2,0,0
68.7295085076929,1,1,0,20.56375583068551,0,0.8613907911468882,37.654094447611406,1,3,1
94.74876269368278,2,0,0,80.86398333267547,0,10.757659353053612,19.258199640082964,3,1,0
60.853966898264204,0,0,0,84.15664644436053,1,0.35956986800402496,38.479148519307785,3,0,0
69.14353237376851,0,0,0,13.336857239077876,0,5.096986247345995,18.191373546026163,4,0,0
71.1604546961679,3,0,0,63.10671758328418,0,9.847355518254087,31.636226809547395,2,1,0
86.96861764410569,2,0,0,10.322552591162989,0,2.3690477116897726,29.26656140973944,2,0,0
25.062213320307897,2,0,1,4.883348958117533,0,2.4242861546071977,20.718221872984344,4,0,0
57.86599410469407,0,0,0,42.72957109888547,0,35.09641257352609,25.27598437413583,3,1,0
74.22567384558945,1,0,0,119.65405331631418,1,0.846125801621084,20.34794880066804,5,0,0
94.00157912853723,0,0,0,1.8051481429205567,0,23.357076950524128,47.562998849008395,2,1,0
60.161951049875896,1,0,0,87.5793559113606,0,33.69207265220548,19.494111422897916,3,0,0
32.46894587916252,0,0,0,35.30870424182459,0,2.8018540865369443,28.93164592457195,1,0,0
82.39422891932273,2,0,0,98.62647305572327,0,4.347472948257455,0.0,2,0,0
57.29275222348741,3,0,0,92.72759503812095,0,20.516158691686446,19.69127087293565,4,0,0
46.20666681819277,2,0,0,104.08693082337443,0,7.585616934800052,39.52219042265755,2,0,0
57.51309220573552,5,0,0,73.23960335428575,0,12.941426172541508,37.12383344664345,4,2,0
66.309492846883,4,0,0,92.57303888332991,0,36.158107303901986,36.546330022372786,1,0,0
57.905106709235746,2,0,0,9.680767040209211,0,2.9696097150593244,29.567790701787885,3,0,0
25.888678858018615,1,0,0,18.109732395391774,0,19.3334005609023,33.77614593969952,4,2,1
87.94132393774265,2,0,0,13.88567427026267,1,57.0838633665203,51.65242187074656,4,1,1
95.49750082557445,1,0,0,67.82285827546697,0,1.1836790823859291,16.135236485991896,1,0,0
83.03043982679011,2,0,0,8.340708180384256,0,1.2376520107256734,48.39503047744766,5,0,0
47.24628659150367,3,1,1,10.058572675224893,1,16.18204452795836,16.774951835540925,2,0,1
65.97016932104964,2,0,0,105.5836605800267,0,64.41545049650227,34.540382751519104,5,0,0
69.86957369541084,0,0,0,61.18874437629568,0,4.981375550863817,17.1524594536019,2,0,0
81.97588779123821,3,1,0,104.12429973400627,0,8.033206202302129,42.71510089293011,1,0,0
83.36680977436161,7,1,0,7.503673546107632,0,2.077187848099002,10.677302577199647,1,1,0
55.31652402443008,2,0,0,34.54584670920994,0,8.996091585197693,14.92834743213866,5,1,0
71.63991112827121,2,0,0,16.644514876913497,0,0.9069041773771804,28.315074092217113,1,0,0
79.14560809230483,2,0,0,0.48641258235132717,2,9.85624348216524,18.182474014835663,3,1,1
70.16436265519079,2,0,0,16.74028852808071,0,16.215554429276285,19.344850327415422,5,0,0
84.09013079649446,2,0,0,23.86819262608439,2,73.78145080248581,28.22891192128443,4,0,1
85.78113374751038,1,0,0,4.837641043885718,0,34.117652472130885,11.233339304028565,4,1,0
71.67653255858721,1,0,0,41.791739075259486,0,34.52678544984015,31.9201314312628,1,0,0
98.20918290407008,3,0,0,24.158306808638216,0,5.179153907244128,35.52232410612068,1,0,0
78.19525591918995,3,1,0,2.3787823692517116,1,1.825529968643854,6.382920358358636,2,0,1
52.77824179652859,2,0,0,60.86622123670302,0,18.480143750972932,33.66276848440321,5,0,0
98.06739940250381,2,0,0,65.33347943989288,0,14.726864612416179,33.0471264634424,5,0,0
83.95806545078055,2,1,0,89.93057745082194,0,14.534239637232725,36.55125192230593,3,1,0
61.13911957743035,0,0,1,33.231931906389114,1,2.308396294794478,31.736117804960617,4,2,1
60.41014065201513,3,0,0,173.14108340071118,0,13.619823077433534,35.275546216396535,4,0,0
75.93151090281523,2,0,0,122.70770638410123,1,3.258750709069143,35.22580775691503,3,0,0
79.2636959053517,2,0,0,40.07579137224285,1,10.967593779653955,33.68080312809041,2,2,1
73.94584531262413,1,0,0,29.435027915022832,0,1.283574547178397,35.58605444968455,3,0,0
76.2261734688577,3,0,0,0.1519520556969852,0,38.88319755069061,53.11697539460938,2,2,1
100.0,5,0,0,62.065483486559025,0,0.2653542891906136,49.64483826235747,2,1,0
91.43086304469772,0,0,0,41.61523324854613,0,56.043857271363215,28.294225708707078,2,0,0
73.81271182530048,0,0,0,138.66476497920303,1,39.73970099237572,20.641379543056054,1,1,0
88.82621161534966,1,0,0,45.09870099658767,0,27.935628983628447,49.05688173555559,1,0,0
49.34952192944921,2,0,1,247.07477891868152,1,80.96897999399778,64.32510766761382,2,1,1
70.16436265519079,2,0,0,96.14557794228192,0,1.1064490030595802,29.57585687850989,3,0,0
100.0,1,1,0,153.52056669963667,0,20.52195046566464,37.49543976767188,3,1,1
65.63908209215252,5,0,0,19.84976179439447,0,37.84956090378411,25.114564783995995,3,0,0
53.0473214276183,0,0,0,8.086902591768308,0,2.707624256165651,37.96593258192562,1,0,0
56.95822222813879,1,0,0,79.69597584952342,1,17.57869371237946,0.2645888942474528,2,1,1
48.207339253152234,2,0,0,77.13503651459234,0,10.014928753497397,22.13387261966415,4,0,0
54.30476183744593,2,0,0,11.877905902810637,0,11.447890756763993,40.8540750226049,3,0,0
62.58983802819942,3,0,0,72.35418882937164,0,48.727835701108475,16.875374034348205,1,3,1
41.88865961642716,0,0,0,43.61050558727166,0,15.472028970160956,38.31837219795266,5,1,0
70.31236667899206,2,0,0,5.800020674310304,0,1.958035688868284,37.801699644683005,2,0,0
88.04554347573294,0,0,0,34.836037665612785,1,55.36115567943845,38.6870857715525,3,0,0
51.8448763970616,1,0,0,133.78253946173348,0,4.096526085998367,22.389706999910807,1,0,0
100.0,4,0,0,35.30731981710714,1,44.63075906734805,41.47869086186813,5,0,0
80.21584177055189,6,0,1,77.72357861622875,0,70.75458846464474,57.72630838191918,2,0,0
90.61161171248115,0,1,0,1.4668056639893563,1,42.048057035147686,22.63867259984139,4,0,1
56.84330892295726,3,0,0,65.11262847418723,0,22.610344286715055,19.951670155309877,2,0,0
87.09050454133231,0,1,0,146.71999383109898,0,27.216573227643543,27.44526236238009,2,0,0
48.16132199209374,0,0,0,34.610159801971804,1,24.07060762850466,34.127651194401835,3,0,0
87.80495001673017,1,0,0,20.60258105896105,1,12.3431539971266,14.547889548005562,2,0,0
73.43678679587063,4,0,0,52.014882035203826,1,6.415671126588044,23.184031588655692,5,3,1
70.16436265519079,3,0,0,124.00265144023714,0,6.709531088174934,51.836179527495574,5,1,0
46.48810788750296,0,0,0,9.725961373551343,0,26.2733622762533,47.03947875324023,2,0,0
52.09860315446791,0,0,0,25.850083653036155,0,19.67193883438464,15.138223564051104,2,1,0
81.94456436506769,0,0,0,8.49733891789653,0,17.583947231350876,57.98860467631533,5,0,0
51.033039915515985,2,0,0,34.3238966973766,0,21.146077313912485,23.551124752293532,5,1,0
79.26412584198246,4,0,1,38.87233151087994,1,29.81410526103963,35.0318919578287,3,1,1
42.657243870795085,2,0,0,144.30230958256257,1,13.621178176956713,30.625077809127344,4,0,0
86.96348425333336,3,0,0,26.59524134717551,0,2.2274914064288414,43.77949666302018,5,1,0
45.34953370462982,0,0,1,41.84586781609642,2,9.02081296022526,12.849025799162515,4,1,1
81.04599875359047,3,0,0,108.25545069297667,0,6.129610202830253,22.09330507725933,4,0,0
82.51261867292001,5,1,0,19.38653975147808,0,15.4541421255419,16.249186483967666,5,2,1
56.064563631408504,2,0,0,56.068034476943076,0,1.2676602038781488,14.154345994131376,3,1,0
81.64053134169454,4,0,1,70.76800510415825,0,28.74872575970329,18.855772060656957,2,0,0
75.20884526667112,2,0,0,34.54584670920994,0,13.621178176956713,17.461502327566055,1,0,0
59.22316287614524,3,0,0,8.976743293157837,0,6.33266349928261,39.620147230563234,2,0,0
49.82890631847584,1,0,0,34.94916306010383,0,30.533348284039697,24.18937486274278,1,0,0
30.74748616654842,1,0,0,22.065112550243132,0,1.058734627469593,26.19267305233703,5,2,1
76.99300094599387,1,0,1,15.493823248841219,0,21.588024288215813,2.4727921230576477,2,0,0
38.7039445727589,5,0,0,181.38227691017553,1,51.66669746656315,44.82368614919737,2,1,1
71.90688398882617,2,0,1,34.873125782121996,0,19.22773994029571,4.312356134229805,1,0,0
64.73103567835501,3,0,0,97.06324061313657,1,24.941607021960536,31.43210656408767,3,0,0
83.58285550876391,0,0,0,10.865368906570826,0,31.43002128112791,49.93001935296434,5,3,0
63.959090010202715,1,0,1,140.2083163214525,0,5.0269082885776175,53.059841491267306,5,2,1
63.411044273058174,3,1,0,79.09878244814774,0,17.395964964783072,9.248659014573573,5,0,0
84.63741408576591,2,0,0,82.69357003530318,0,7.3939507354873495,27.31289753289117,2,1,0
76.70116058168234,1,0,0,34.54584670920994,2,5.740189419985336,41.55089842661924,4,0,1
76.32311914365556,1,0,0,33.24130118240067,0,4.275165004313636,23.92474792774509,1,0,0
79.38535179617053,1,0,0,44.99065261588427,0,17.61029849389421,46.21232633934213,2,0,0
39.28855753585788,1,0,1,77.97659384096262,0,31.64929234949335,0.0,3,0,0
85.13577359973964,1,0,0,94.54256771365839,1,41.73158939381256,32.28162798611906,3,1,0
82.24937588027204,2,0,1,4.06295995486054,0,11.192823880128163,36.73270111325484,2,0,0
49.66633742847006,2,0,0,34.54584670920994,0,9.332953342161431,12.811867507219336,1,1,0
65.11839052651598,0,0,0,138.62675818711193,0,23.250661747147497,42.01220501748282,5,2,0
69.21385424744737,1,0,0,44.933274201372754,1,30.31523969606772,14.633261162798224,5,0,0
67.31006431196535,1,0,0,10.335873385407814,0,5.842353548976322,54.35230681074699,4,0,0
76.67719933137069,4,0,0,85.30152470167076,0,7.056244966986474,25.157047487617394,2,1,0
98.62733563662367,1,0,0,39.76869885571166,0,15.245372026935094,27.60798306434447,4,0,0
91.63533455345657,1,0,0,84.96716101746371,0,11.753618172128238,14.495626515551209,3,1,0
43.75561613137187,0,0,0,34.54584670920994,1,24.469075515239286,24.748669897631117,5,0,0
82.44139980612097,0,1,0,4.536148221867767,0,14.043152700611518,19.396185140208367,5,1,0
96.5786663907082,1,0,0,46.70000968578088,1,2.366643606932764,34.52915270640164,4,1,1
77.73617041378405,4,0,0,32.99957761344068,0,3.629315136818919,33.880618709220215,2,0,0
91.81960850371934,1,0,0,146.04930454026558,0,46.43716135103057,28.67689797418813,4,0,0
100.0,1,0,0,17.59441319998669,0,5.159834246023179,32.54852163265837,3,1,0
90.47419092213963,1,1,0,11.533597573836472,0,1.0276784207835918,13.591709530623636,2,1,0
74.98617191283458,1,0,0,113.69349544100345,0,26.294702729501193,14.504097325336412,3,0,0
90.90176948169507,1,0,0,8.050448732097855,0,23.04096662696406,48.08261058569566,2,0,0
72.89775666193782,0,0,0,58.000899506603446,0,18.3296159314471,18.814003178032355,4,0,0
70.4780608656991,1,0,0,17.835162491382075,0,13.953394013687197,34.458617118661245,1,0,0
62.97171528572535,1,0,1,41.948635350238,0,69.85333261677381,0.0,4,1,0
100.0,3,0,0,47.88421647095406,0,2.552856336932772,36.38578671724034,2,0,0
53.63142668115997,5,0,1,27.01008550311432,2,14.273643048287525,47.43533053164778,3,0,1
100.0,7,0,0,34.54584670920994,1,16.604322445993233,31.81357055700161,4,0,0
79.99728247480743,5,0,0,7.068569006163916,1,0.45499485051352206,32.550664163810836,2,0,0
42.01387650396117,0,0,0,24.82962723513509,0,10.620308963613525,53.523079572184706,3,1,0
77.35298585982844,3,1,0,28.140635734728153,2,30.538929527382685,34.25936442635535,3,0,1
27.99946984696752,4,0,1,49.85429380442019,1,12.73907094860289,19.73527466741544,3,0,1
82.51016033662071,1,1,1,26.149950837625504,0,41.633432495901666,23.416272160942878,2,0,1
87.70462965977981,1,0,1,5.103630303188021,0,20.701425216013586,20.882554466772692,3,0,0
58.152880886958926,4,0,1,34.54584670920994,0,29.055980676268174,44.622260088798136,3,0,0
72.47095391911165,1,0,0,26.899485954402717,2,32.64186588898863,49.334195431635266,4,0,1
100.0,0,0,0,20.978738687389807,0,23.391442975052946,46.00936276535789,3,2,0
70.16436265519079,1,0,0,29.594745786665577,1,27.676401296452127,19.073382324872256,1,2,0
48.82184825886799,2,0,0,12.205317302941662,0,23.769243688069558,31.083097123568034,2,2,0
99.63326804925197,0,0,0,5.280343114858457,0,15.9907755944176,40.5131605266721,3,2,0
100.0,3,0,0,8.042397442244896,0,16.718790617119357,12.486871373993111,3,1,0
70.07391343695694,2,0,1,9.115367464957654,1,4.211575955461051,43.63528020606168,5,1,1
90.22926070816712,5,0,0,11.011978486159151,0,35.140116685539766,42.77079150474144,4,0,0
96.82951831061763,3,0,0,27.23292890922522,1,7.483320898782154,39.00174634992018,3,1,0
55.150315349232315,3,0,0,48.89491349965604,0,15.3460764764683,42.322332879934734,4,1,0
60.29388329264263,1,0,0,49.56254693435632,0,5.741526664110694,28.762229967929386,4,1,0
94.6174902630947,2,0,1,0.004878716107310139,0,13.621178176956713,17.4651839700424,1,1,0
100.0,4,0,0,126.888585399617,1,73.91320961505171,47.5550970431638,2,0,1
81.2576172034871,2,0,1,86.53712660446374,1,32.383728972371784,30.68654266598543,1,1,1
52.403712929958914,1,0,0,166.12583465953762,0,19.304130877836208,22.171291657179733,2,1,0
70.16436265519079,2,0,0,22.313288324848138,0,16.763761192849323,31.927726547108218,5,2,0
59.38058204376071,5,0,1,54.651287626433806,1,13.457922776445875,31.82073390999388,1,1,1
63.297244376570966,3,0,0,9.197388874082142,0,4.587544601697892,23.052745786377905,4,0,0
76.84675668979243,1,0,0,84.92248095212189,0,8.554522682267063,38.16170479482512,3,0,0
100.0,4,0,0,8.799147789158535,0,10.430792086274703,58.741881874101246,5,0,0
87.07951953104447,0,0,0,19.725197643805235,0,57.8523525021436,11.351937376807669,2,2,0
78.29731000723821,2,0,0,33.7491433506104,0,11.087988229555512,11.709593267130689,1,0,0
79.26577060236212,2,0,0,45.1356253378509,2,17.64698410175287,48.527020814875335,5,0,1
70.87029337286933,2,0,1,34.54584670920994,0,51.130082936117,41.825330592363116,1,0,0
81.16279029037013,5,1,0,5.384606683385413,0,14.613924399725011,55.06198199365291,4,2,1
19.40879844611394,1,0,0,27.381050934001266,0,5.79233966006306,58.354117631536965,1,0,0
64.06785081860403,1,1,1,128.13860819720088,0,9.593197432193124,41.613952137781084,2,1,1
74.82643869833562,1,1,1,102.93041453856159,0,9.417334446557765,12.805609892640241,2,0,0
46.97971832760986,1,0,0,44.67554899820923,1,25.085511767715523,35.335374241747274,3,0,1
77.7264663562312,2,0,0,42.46953624798227,0,7.0229685932254,24.784278193680173,3,0,0
65.91057558027757,3,0,0,5.920890878414691,2,26.208053961694773,37.52746231181797,2,0,1
70.16436265519079,3,0,0,11.173395965184886,0,44.00828130660406,19.047060339869926,2,0,0
100.0,2,0,0,14.560396891077387,0,8.191661859032596,38.27669942354676,2,1,0
60.68388861763674,1,0,0,33.49065046520914,0,2.9084037073041196,41.025517821201944,5,0,0
66.9832457686661,1,1,0,65.71841874899178,1,20.35287194295513,34.48524361728287,1,0,1
68.52104868783215,4,0,0,30.876514675664968,1,8.952462003641804,36.56957349451825,5,0,1
60.966810476807545,2,0,0,34.54584670920994,0,15.270799221159127,41.25525773246778,4,1,0
73.90049968056253,1,0,0,28.93282255326787,0,20.111491880409712,18.959407403315055,3,1,0
54.834358622248196,1,0,0,8.874656844799226,0,10.47629044458684,34.88032476997807,1,0,0
47.38769330124947,5,0,0,69.54471657758499,0,51.72402930967841,29.094712659968458,3,0,0
82.45422447800537,1,0,0,9.106130453543008,0,10.203671737331678,47.09358891767576,4,2,0
82.59059168443622,2,1,0,32.94057181394001,0,7.345311609517607,42.12395654038871,2,1,1
53.91368480680015,4,0,0,59.11278398385045,0,43.37423886780718,21.724437582637762,3,2,0
87.90710861525199,2,0,0,12.951366069445115,0,2.93063576193066,40.85344806092086,2,0,0
57.368445416693376,2,0,0,34.54584670920994,0,2.6525543934409903,51.03288548751645,3,0,0
75.06330476075962,1,0,0,41.425380937705235,0,54.88335545262735,36.361843880855815,4,0,0
86.40688025224912,1,0,0,2.786348245773026,0,4.688347608362221,25.41016011329919,3,0,0
69.32774870592574,1,0,1,44.308527052345376,0,3.2136453703149166,14.025391405395885,4,0,0
79.09481824282268,2,0,0,70.0193676401906,1,15.321597660808553,0.5072235652846793,1,0,0
59.67140712224857,2,0,0,19.972858970872846,1,0.9583686751526116,46.78105096547699,5,0,0
66.07066833143806,0,0,0,33.50566632606321,0,19.3524700527946,9.748958720823545,4,1,0
65.88281138239319,3,1,0,132.0863312081735,0,12.063599465977898,14.773851768792676,3,2,1
55.06843306919522,3,0,0,31.84863303471731,0,20.45592496783663,31.561719427291088,1,0,0
66.46451673768436,1,0,0,283.5279478438165,0,6.679739846930659,34.70134225497657,4,1,0
39.02763402272507,3,0,0,8.539559071619163,0,47.17722919293379,52.07162580126767,3,0,0
60.1769250571579,4,0,0,61.710244918508565,1,6.310131165985654,35.53265735742601,4,1,0
64.30249013260658,4,0,0,52.866598100308536,2,20.29818526974178,25.97674716072908,4,0,0
64.8764049500924,2,0,0,102.90546053369354,0,58.04187002369096,25.99504006559297,2,0,0
65.17005108258442,1,0,0,4.8499569240991995,0,10.243506962727864,7.257899183895891,3,0,0
68.76471600279743,0,0,0,16.43955203932473,0,3.5210615754044197,51.616515790773704,5,2,0
79.58883036172128,3,1,0,34.54584670920994,0,1.4166586081176886,43.301415742706965,4,0,0
70.16436265519079,2,0,0,135.22417018861012,1,65.94647769748877,34.14990987208036,1,0,0
57.00469546303466,0,0,1,27.81166665102423,0,28.853187667991286,51.49273839218303,3,0,0
45.93598289221711,5,0,0,34.54584670920994,1,50.254288968128805,46.126887925000325,5,1,1
49.15911175513794,4,0,0,17.435834348937043,0,24.001810546489327,38.092567797233094,3,1,0
60.255941576101456,1,1,0,6.754808032450928,0,8.384643947451304,29.498836489125512,5,2,1
70.16436265519079,4,0,0,17.587019302156087,0,2.625343979410499,30.567867107416618,5,0,0
54.600078676050856,3,0,0,45.46257320382129,2,52.988134604693684,7.824855335077665,4,1,1
44.07766671500211,4,1,0,34.54584670920994,0,13.451957196328902,46.09787866207556,2,1,1
60.877583450516234,3,0,0,24.33842432919665,0,10.100482907902666,27.053285604808462,3,0,0
73.62853240227943,1,0,0,123.14277423712807,0,17.245146808533125,45.98907513247988,1,2,0
81.90058931671129,3,0,0,14.001045358477995,0,2.253506775742541,41.00085123603702,1,0,0
58.851538937833574,2,0,0,59.13351402769774,0,7.398209232798017,31.524701992045227,2,0,0
61.740043557131315,2,0,0,66.53604856278072,0,20.315377602477064,42.616889215309925,1,0,0
51.466033823053785,2,0,0,16.0077095079729,1,2.1099426410585376,18.30532699262377,3,1,0
69.37121659250447,1,0,0,1.36701198609462,0,2.9061291528190147,7.8879596206442635,1,2,0
53.03142731618371,5,0,0,22.725205848340387,1,14.291006615111826,27.726388261531472,3,2,1
81.462556264824,4,0,1,2.312467472307382,0,19.53446718688664,36.57295667742733,5,1,0
34.282670161317775,1,0,1,115.50756997275012,0,4.140525351677432,42.89290481493431,4,0,0
62.80740655095075,3,0,1,153.4423201464095,1,0.6728862012785332,31.393644289390792,2,0,1
70.16436265519079,3,0,0,66.47300633637673,0,63.577191625604115,16.480531560468506,2,0,0
73.67669032645009,4,0,0,64.85643927835298,0,0.5575530756574947,49.5648003123192,1,1,0
100.0,1,0,0,13.78060505296519,1,0.0410829968515789,24.633062873404462,3,3,1
76.99600049135815,1,0,0,3.8400338338963413,0,7.811743770422778,35.81119103795768,4,0,0
49.91890806315979,2,0,0,81.0008425958955,0,5.032228073132029,37.56268745646554,1,0,0
68.09071505821854,1,1,0,40.95388313488371,0,17.046908456395336,31.03926835949134,4,1,0
34.475073330670966,1,0,0,57.22666473952175,1,44.9257733033504,0.8610831138945692,3,0,0
68.38800501406479,0,1,0,75.62487766976564,1,13.121177573735153,19.921841605822017,1,0,0
70.16436265519079,2,0,0,26.333716765914883,1,29.682661074295304,36.99928596781644,1,2,0
88.30780551120324,2,0,0,7.806182324399404,0,47.987876366510264,53.603558655759706,4,0,0
59.0091945080893,1,0,0,34.54584670920994,0,4.199602749158071,40.17492114854492,1,0,0
67.66468168409507,1,0,0,30.235358157430454,2,13.40076075639839,37.29516773575391,4,1,1
57.288843171911935,3,0,0,87.7012904217522,2,20.548356826104634,0.16965505339311093,3,0,0
100.0,2,0,0,28.785912313726,0,8.065846543753652,45.85371027898826,4,1,0
63.57514467764177,1,0,0,12.23217695475414,2,26.922413658135934,43.85649961699784,3,1,1
100.0,1,0,0,9.377058765862092,1,24.436964113396968,38.54549506137056,3,1,0
86.28303524236533,1,0,0,68.11361213798686,0,10.93231308617426,34.04829041694583,5,0,0
79.64133454670772,2,0,0,42.77026282697103,1,1.8412916245811084,37.58219283837092,4,1,0
77.3746629463504,4,0,0,25.9263350933982,1,0.23272444975192053,48.420048913642056,2,2,1
77.87594596432503,1,0,1,33.87518464210393,0,9.22007102365411,29.208511601970496,5,1,0
31.446548413087797,0,0,0,39.88524595831332,0,1.712657717107358,35.651513969702,5,1,0
64.42233211698488,1,1,0,13.683465031847572,0,30.43077921653161,25.400966980153132,4,0,0
86.90315942368643,2,0,0,23.754071349181473,0,8.139097843781189,30.236213872045425,5,0,0
69.02205633051788,0,0,0,17.294625981986137,0,21.9381713639898,31.718577902506812,5,0,0
41.896203063928496,3,1,0,24.585789822108765,0,8.504551735600243,39.195355930961895,1,1,1
68.9519109884506,1,0,0,34.71361201190595,0,31.78666904799952,22.539167018402832,3,0,0
100.0,1,0,0,9.51915050170357,1,43.858924243691305,28.21111268645296,2,0,0
94.93783431069438,7,0,0,25.00376931357303,0,36.343287067789156,34.97315621967894,4,0,0
70.16436265519079,1,0,0,24.346865369595452,0,13.251333891013795,28.064903593983175,1,0,0
89.02898554116173,1,0,0,16.843883118714793,0,1.7537217828389822,32.34538931991156,2,1,0
62.669859592638964,0,0,0,324.99215179271,1,9.295103913399563,12.143628558334377,2,0,0
35.92256826346562,5,0,1,3.8239433557271196,0,13.621178176956713,38.257101698866464,1,1,0
51.51068023740891,1,0,0,34.54584670920994,0,64.50492690064983,20.868654809749202,4,3,1
100.0,2,0,0,9.58458235706844,0,16.671062644818143,9.303920405160437,3,0,0
64.52013836341392,0,0,0,91.48054067672534,0,20.480093231484524,34.336958345359655,1,1,0
65.13232041249964,2,0,0,122.78479502256052,1,30.465532858859685,35.064031519273,5,1,0
64.00323607450238,2,0,0,25.664598351998496,0,16.795969493961316,36.52993724482692,2,1,0
100.0,4,1,1,86.71561552314783,0,18.25018826073554,36.75256497972721,5,0,0
100.0,2,0,0,14.37806727698242,2,5.629435853334375,36.34290550732268,4,1,1
100.0,2,0,0,7.545127629638637,0,1.2134078679558602,52.026189227388315,3,0,0
66.81909579199898,2,0,1,18.98097020496606,0,25.558550674830826,42.53213201375402,3,1,0
75.9124897749419,0,0,1,20.90275253590664,0,37.767790444422346,44.078159870091774,3,2,1
39.66714901158418,5,0,0,25.321560068749648,0,10.620572857218924,38.59578509133409,5,1,0
99.53868852236549,1,0,0,23.33716285861461,1,15.921965501808222,42.986861780632665,4,0,0
46.6444089746413,6,1,0,26.478718821451547,1,7.342738959459134,23.554285689466248,5,1,1
74.33551127525259,3,0,0,34.54584670920994,1,11.964763204758711,39.72950035695248,2,0,0
48.053949447343115,3,0,1,14.090310649802158,0,4.686358207915476,47.43800853674519,3,1,0
58.22266346522608,2,0,0,0.9375144439478277,0,28.532896678559737,26.848033534064925,4,0,0
53.254751379005995,1,0,0,33.63591897554162,0,13.542004007327575,50.624244657529445,5,0,0
57.84249478648364,5,0,0,29.73674941283333,1,15.84417610614488,24.95972062246555,5,0,0
59.21754593702043,0,0,0,3.097227211977361,0,0.7558666747164087,37.109163053200476,5,0,0
59.03462410149846,2,0,0,7.182053409558,0,19.478311740443047,14.811897478951346,5,0,0
70.16436265519079,3,1,0,35.65942307444107,2,4.5293767793956965,42.03155432459234,5,0,1
47.9027441387496,1,0,0,13.377684716109536,0,9.670521556301736,48.37690338032246,2,0,0
74.41082854027734,2,0,0,105.02234861240713,1,10.644924989577218,29.620451782085926,3,1,0
94.35918304611117,1,0,0,9.515215908549777,2,11.91070567073551,10.034375656407232,5,0,0
70.16436265519079,2,0,0,34.54584670920994,1,5.160818588246487,30.55111631946624,2,0,0
55.641622185047964,1,0,0,29.670863598196156,1,37.95710172888886,16.72683130624223,4,1,0
65.38950749639498,1,0,0,214.02085544927704,2,11.167086952379883,31.38059396059545,4,0,1
93.59450416721421,4,0,0,50.23868587195547,0,18.941930808374906,42.53484573273793,2,0,0
73.88215261906716,3,0,0,21.85008922016681,0,19.035122477690244,37.08524552809996,2,0,0
59.375714107848026,3,0,0,0.8505948353492702,1,18.67813342979841,6.717935854110252,2,0,0
79.67753302376079,1,0,0,33.17441331621945,1,16.388635447769907,25.11992049503462,4,2,1
47.95415700327153,1,0,0,11.562944724365027,0,34.5898672411582,33.093519522832516,5,1,0
83.62719020885896,3,0,0,52.17128632079023,0,33.492099420899585,50.781669290324565,3,3,1
78.17214615403535,5,0,0,43.73447130254872,0,10.796322076763705,27.78444415608697,5,1,0
63.84383057722232,1,0,0,15.408783647076763,0,20.203571121303984,37.46735017883246,1,0,0
53.22828403105538,5,0,0,3.568502641819711,1,2.1701814438709075,32.64124485265647,2,0,0
52.266381554330856,1,0,1,70.32877154279845,1,1.9032027431294216,21.195141472313676,5,0,0
80.69634672691821,2,0,0,44.029784236983154,0,13.621178176956713,23.193342399869216,3,1,0
94.57961004978124,2,0,0,92.29798064433832,0,46.09254826342118,27.13111926823509,5,0,0
57.25384505942411,1,0,0,15.041744007753497,0,20.996425491334808,49.080996575522136,1,0,0
79.16773407102968,2,0,0,52.90165350915792,1,22.125819246232478,18.33726063416816,1,0,0
28.259459627958627,2,0,0,6.316753165850537,0,3.4317469916846255,27.301845195040805,5,3,1
58.30764538685601,2,0,0,17.252136484148597,2,12.077264047572207,21.00793141860185,3,1,1
69.37882134258196,2,0,0,53.434101830940484,0,10.242894701033546,49.57670801554724,5,0,0
51.80633166036333,3,0,0,87.31482889907893,0,30.5551629175387,35.75515872959003,2,0,0
51.26987250420808,0,0,0,19.351221991638415,0,2.965919301347788,50.55979574277417,3,0,0
56.64440887062227,4,0,0,80.18610309293706,0,15.49543308899482,0.0,4,0,0
75.84385456652747,1,0,1,56.621763593234995,1,48.461523916623726,43.916541110292314,3,2,1
66.2534196318725,0,0,0,21.437308929297103,0,44.597827629872356,16.50246691941146,5,0,0
25.235375333500556,1,0,0,104.53399793675142,0,38.25646743688913,21.153662258877155,5,0,0
27.585996947298675,0,0,0,35.588889482507,1,9.399602604401064,27.15840458659485,4,2,1
57.86269644285649,1,0,0,52.241277487752015,0,56.638518285713374,29.719141543561562,1,1,0
79.15373172107104,1,0,0,34.222390691165224,0,32.7259595827254,29.747141185648733,5,0,0
15.049903145495307,2,0,0,30.139732616870386,0,38.095157487648464,19.34063715413755,1,0,0
60.00539647696739,2,1,0,94.18640858836903,0,53.869280270425335,28.427962662864484,1,2,1
59.475042869651574,0,0,0,17.456914729499314,0,55.29281283809578,28.572320713516998,2,0,0
97.76675556416896,2,0,0,1.865845889027208,0,5.490446546577652,5.210049044309926,1,0,0
62.299563765742725,2,0,0,105.92269354203232,0,2.7321558098004535,35.164799262886035,3,0,0
77.65977969481857,3,0,0,87.15530945024959,0,23.480187411946304,30.20300341030647,1,1,0
72.82514280174927,5,0,0,22.829537240942912,1,16.566236141400555,32.883353318745286,2,1,0
27.38867040385599,2,0,0,10.256043171356088,1,7.932877763433393,22.53958442988398,5,1,0
85.36414433263475,1,0,0,56.278671239371036,1,23.06873135790015,30.380971381346924,5,0,0
74.30793010912576,2,0,1,4.101783562269606,0,1.2800400178790061,0.0,4,0,0
80.1653727934918,0,0,0,27.56109686336275,1,0.9671797891857287,21.917322329742973,1,1,0
100.0,5,0,0,4.488704299180643,2,8.74873342619234,23.26838442970044,3,2,1
28.31774121002823,1,0,0,45.55392636824145,0,4.30962522141073,29.24910967935313,4,0,0
100.0,1,0,0,1.3792693016365685,0,25.356439314980427,29.550881146440208,4,0,0
64.25104961199288,1,0,0,49.60979724028717,0,59.138632167628714,44.30796186605196,2,0,0
75.74657808806019,2,0,0,55.92119851354165,1,21.67215328475745,13.319883441730404,5,0,0
69.08975509397516,1,0,0,33.38805502126482,1,21.271720687550655,40.811068291169654,1,1,0
61.51527333203913,3,0,0,9.619038834201216,0,0.13234840657728614,60.05129492972352,1,1,0
58.60334143522483,4,0,0,5.345526850869988,0,14.360151985289342,22.680784377738632,5,2,0
76.59017471146018,2,0,0,18.792331023435363,0,33.976458832550954,40.99411791623855,2,1,0
39.656526066566414,2,0,0,31.293746186756948,2,21.23328882294043,51.49609288841802,2,2,1
85.01158335043532,2,0,0,51.39021762867748,1,5.169777670192347,51.091540199233705,2,0,0
61.67611190229492,2,0,0,0.06254547898790117,1,37.740125813181784,25.629562186579875,3,0,0
47.398613219192846,1,0,0,62.07748945785142,0,66.69512081174507,46.234428695839455,1,1,0
60.99974284008373,2,0,1,62.36349228977949,0,6.542124429942303,42.897959192484066,2,0,0
95.14298433725145,2,0,0,29.397736535544283,0,4.641020662157217,48.087372447074785,2,0,0
59.29329825967554,2,0,0,21.03450454096453,0,8.265719368854741,40.35312861533427,5,2,0
77.1690723641924,5,0,0,92.35575481912274,0,1.3048187448705886,47.54819100351164,4,0,0
55.38087448569053,2,0,0,76.76002004794015,0,41.33961767671401,26.602665231234237,4,2,0
85.1584369984724,3,0,1,204.54578791789194,0,52.98604717233887,23.117365404788874,4,1,1
83.71015477580409,0,0,0,23.25524680011533,1,20.06438986188379,0.0,1,0,0
100.0,2,0,0,118.66787280102639,1,28.90686359587321,23.65982349826823,3,1,0
66.48872109001569,2,0,0,4.572983849825312,0,22.091642098401124,25.34848071765554,1,0,0
83.37309609515813,1,0,0,26.506034625912612,0,9.475550164825494,2.9476272292700862,5,2,0
71.9613507907789,2,0,0,31.309403204113305,0,19.995749234345187,30.6708129181556,2,0,0
95.91743563726028,1,0,0,29.069049712685963,0,13.621178176956713,46.088049953098256,1,2,0
55.623352247825395,2,0,0,49.054556155651916,0,33.204880219444604,16.309411295837194,4,0,0
84.90010625754562,4,0,0,9.329000889381454,0,1.6906351067886982,58.0866041036151,3,0,0
66.10605407766637,3,0,0,100.6647800540152,0,13.621178176956713,35.56572008804001,5,1,0
68.71623645783005,1,0,1,40.121772045854364,0,10.127426642617278,42.665385865658706,2,1,0
71.83504968896746,3,0,0,117.27961325407752,2,27.887235973607556,29.266551489859143,3,0,0
75.04480792853354,3,0,0,0.13175564419115376,0,13.918057060633195,16.654767014364506,1,0,0
67.67541913756084,4,0,1,49.71100742177717,2,13.621178176956713,38.138256292001046,1,0,1
74.29426366341053,3,0,0,26.59036427517033,0,24.507317634690637,41.397623865376524,3,0,0
100.0,1,0,0,35.16988305937274,0,12.833061899410101,27.426017710607013,3,1,0
89.70899371230436,2,0,0,68.09072480774628,0,5.931066861478147,33.83085020928588,2,0,0
87.38309184993793,2,0,0,12.883628029022082,2,44.22144639535244,29.906167573099385,4,1,1
60.889209479522584,2,1,0,11.464333787107408,0,2.399284838606817,20.24634214088522,3,1,1
52.21518343543352,3,0,0,60.702473143657976,0,13.621178176956713,34.92350961321366,2,0,0
89.10601116475506,2,0,0,36.840928093173844,1,3.107619488375131,19.418724781171427,3,0,0
87.52093585059589,0,0,0,13.305103442149987,0,3.5740005330913363,41.45859172673632,3,0,0
99.45341351501963,1,0,0,33.08423139265536,0,15.445634683332784,64.77954218378535,4,1,0
57.92038748061541,1,0,0,30.76843532669003,0,19.609413046974606,46.49103204596143,2,1,0
65.40902689279307,1,0,0,58.79266569108573,0,11.906299458817696,27.223966132891075,1,0,0
37.21031674949132,1,0,0,0.1332325324794956,1,4.56742497084076,35.24314763623277,2,0,0
62.15057787878254,3,0,0,44.1863692070924,0,2.835670359918235,47.00024247994874,2,0,0
89.93141021158894,0,1,1,46.52939131370661,0,13.55146055953691,28.551978601104494,2,0,0
60.670092415436045,2,0,0,68.42471377822558,0,16.670408225186296,38.37620643808751,4,0,0
82.80959590401648,1,0,0,110.01517533487,0,7.24700239523532,40.76937225516278,4,0,0
66.18993788004377,2,0,0,29.007873805709643,0,4.980511069572787,33.93136496848228,5,0,0
76.48114056443121,1,0,0,20.96706374042225,1,1.6805216976297115,32.852011415899646,1,1,0
47.04617220368665,1,0,0,5.397102108333041,0,0.53190040375542,45.76815224527413,4,0,0
71.70418899267803,1,0,0,20.536636250660205,0,2.2350945433153666,55.99143729089069,4,0,0
10.177280581985535,2,0,0,3.547131289249235,0,27.102070819813623,28.663764379184123,2,1,0
66.2620768367603,2,0,1,81.18196516133348,1,8.432458411096553,48.60525739037349,2,0,0
37.3905351256972,2,0,0,82.25484723540549,0,13.621178176956713,7.690672823982638,3,0,0
94.11989033093633,2,0,0,26.99879105936125,0,14.192250746523868,37.263334712691076,3,1,0
85.54814705529023,1,0,0,15.031019559244987,0,15.36031418016055,0.0,3,0,0
79.33341963932162,1,0,0,6.279299225907127,0,11.196423466945022,18.395849249244726,4,0,0
100.0,2,0,0,95.27009797167366,0,2.3460263048443393,14.463033286029159,3,1,0
51.021669583503254,2,0,0,104.98028529737692,0,13.621178176956713,54.560366903001835,1,0,0
100.0,3,0,1,15.482044925840462,0,23.364494856346507,25.760111913966643,3,1,0
88.6438312852077,2,0,0,48.61139071288807,0,10.041584316104181,29.27203655698388,5,2,0
65.26889425562108,1,0,0,14.964368696569894,1,9.58703515927781,26.696059104291464,5,1,0
92.71240294365889,2,0,0,12.752782642052507,1,3.3905181863002043,8.30665312864237,2,0,0
47.87412975176731,2,1,0,1.0718086224445953,0,28.01186993131286,34.3031400088053,4,1,1
53.50971676944653,2,0,0,43.03800223482629,0,18.3045211937639,31.143710277078522,5,2,0
57.828205535205996,2,0,0,8.122507956981815,0,1.7939748693565032,17.81776017554602,1,3,1
59.420445838719694,2,0,0,0.6224171492368096,0,9.498344293163024,50.69656752571311,2,0,0
48.86884714479494,1,0,0,5.538263885134754,0,46.7768799868609,50.2279951766222,5,1,0
94.4616613419065,0,0,1,18.82706262166655,0,12.043276108917523,11.134840061980576,3,1,0
64.82291199260337,1,0,0,55.30650233328308,1,7.858703708677835,19.698534059099575,5,0,0
77.05009936713759,5,0,0,11.321387753874463,0,20.644364047121737,37.04759883527407,5,0,0
70.16436265519079,4,0,1,109.2803690902954,1,4.537318858611651,23.025164765037797,2,0,1
33.58793398902966,3,0,1,17.018178629697978,0,14.838489620943832,26.735852321602295,4,0,0
75.40114716782844,2,0,0,20.115476316649875,0,22.14434935882614,14.735780412925525,3,0,0
31.75490049160446,2,0,0,12.293567860775704,0,38.60366754796811,14.884408686662981,3,0,0
68.62731907829063,2,0,0,14.638438527746791,0,23.585883692140506,22.199159933081887,3,1,0
42.63369922334379,2,1,0,3.8513483513292623,0,9.703475839455644,31.96362825666765,3,0,0
100.0,0,1,0,17.46160544234165,0,29.203139125320895,32.97001356455816,4,0,0
88.22725444349443,1,1,1,98.16920756265421,1,45.73422071747701,17.748606560097507,3,0,1
72.11507582542961,1,0,0,58.30568636899728,0,12.992699345448841,12.767768352982987,4,0,0
95.27413355309338,0,0,0,104.07947388843728,0,0.09021889024264862,11.369423286332282,2,0,0
53.07368045068529,4,0,0,5.538702364002591,0,42.558863309530715,44.833274193428885,1,0,0
80.86958757340186,2,0,0,30.405077880501363,0,3.617060510890002,61.87785196784257,4,0,0
73.99620867437427,0,0,0,13.019876731164903,0,2.700948080480619,36.45270161409126,3,0,0
75.2804016266734,2,0,0,63.86582609375504,0,7.354098616713892,0.0,2,1,0
95.44707000213535,0,0,0,175.72584889001928,1,9.560191683499736,38.5238046983009,2,0,1
84.64984205559604,3,0,0,34.54584670920994,0,32.12652499230871,47.782809533200734,5,0,0
75.77447325650047,2,0,0,34.54584670920994,2,9.859170083254252,20.261484790306746,5,0,0
36.902251275434075,1,0,0,19.03811463050927,1,1.0010637223570202,43.19607741927961,1,1,0
50.79907409441073,1,0,0,1.449802089247895,0,20.20992284270655,46.072365869903315,1,0,0
67.54582132808552,3,0,0,2.0497966766605735,0,22.24739115433282,49.33661943621655,5,1,0
71.86744748553302,3,0,1,4.142745218635355,0,33.663941152157875,21.2114650821071,5,2,0
47.39592550652152,3,0,1,16.17077739658259,0,10.178750835007563,31.126520764312076,2,0,0
100.0,0,0,0,18.13484969533862,0,1.8000494891024545,32.72840489665476,4,0,0
100.0,0,1,0,25.579088248009175,1,16.106720355529532,49.77772946919267,5,0,1
82.04236640784967,3,1,0,25.95390362610108,0,2.5793480714773938,23.85612541284855,3,1,0
71.4407372256749,3,1,1,73.79104751423354,0,0.34445574862810974,44.127965649518856,4,3,1
65.75582060197696,1,0,0,7.622795047600758,2,30.154192172187408,34.08872076274102,4,0,0
50.96163079955529,4,0,0,8.583362747005014,1,10.330523499496696,44.39968901206744,3,1,1
71.54961037037725,0,0,0,49.253786383112036,1,14.88902727118547,41.372856947169254,3,0,0
75.15505080285502,1,0,0,42.40149083255009,0,21.744499583696744,20.165660800643924,3,0,0
45.16478849036751,3,0,0,8.362074071348792,0,10.250797401981345,34.03605280652187,2,0,0
76.68352834489795,2,0,0,95.61656355723659,3,1.0497030869348591,19.64280516601487,5,0,1
66.89481902350502,2,0,0,19.95373457681125,0,5.826939806877034,29.652445696275322,5,0,0
31.843848842452182,1,0,0,22.861663804502484,0,4.321898808267512,56.221258867072486,2,0,0
52.79229978440996,4,0,0,27.2760366521745,0,75.79081684794276,23.64530622850029,4,1,1
61.72788933156711,2,0,0,19.482186740937074,0,26.903467095317914,20.834810201940968,2,0,0
100.0,2,1,0,40.76066214538501,0,12.013183159160754,27.22833584834426,5,0,0
81.13106249067516,1,0,0,24.604096405680018,1,1.30928344616949,40.129529842534076,1,1,0
43.29036861800218,4,1,0,15.017075026849058,1,2.462582768396411,40.016894349173064,2,2,1
79.72072578835274,5,0,1,117.41829503925842,0,33.5221948714882,35.403341089328414,1,0,0
39.05392022123269,2,0,0,18.433815088491126,0,58.17241910474013,18.045378344522284,1,1,0
91.65382107774147,2,0,0,59.947426602139316,2,0.6370423979000939,26.274181873245748,3,0,1
60.57750696364243,0,0,0,21.326274234275704,0,48.2473569332559,51.114068486672565,3,0,0
70.16436265519079,3,0,1,28.565949048009642,0,9.578908593369853,7.241741046736074,3,0,0
96.5159329508438,2,0,0,13.455678514908273,0,4.806624857406838,33.879490599352955,1,1,0
44.256728628315,5,0,0,69.78282636501616,0,2.156879881295988,26.71314784969703,5,0,0
42.057636297740174,6,0,0,66.81871823471174,0,29.54618248088792,37.02481418098757,3,1,0
58.328013473079906,3,0,0,1.1245491205495792,0,12.656493882716278,32.02719426497469,3,0,0
90.76757702038634,3,0,0,3.1040925439637186,0,35.72633995981781,7.4814111115115125,4,1,0
39.61307849046315,3,0,1,127.79422397898263,1,5.1277293321733906,38.82753525417495,1,0,0
13.356888037788622,2,0,0,109.83331791550559,1,22.69938761635512,15.366237196171221,1,0,0
60.97682283182002,3,0,1,35.2698140486536,0,2.5140243974608416,12.280717641416583,3,0,0
81.0348159982184,2,0,0,33.9974719138058,0,1.880734870336923,30.760472197248934,4,1,0
94.00523499477659,0,0,1,83.6786056017101,0,2.8635519400708582,23.833488193673606,4,0,0
60.73677275829202,2,0,0,7.451117844106856,2,33.09930466824334,18.026905469200024,2,0,1
61.77146785767995,2,0,0,53.022364515718614,0,21.320176237637387,24.170694718821878,2,0,0
93.07801468511494,2,0,0,32.31155709595511,1,3.629571650340368,19.000638638866892,3,1,0
32.605166006091586,2,0,0,67.99840380752146,0,9.715253812459203,53.20134965386062,1,0,0
62.22958449633981,1,0,0,1.5282591762351567,0,28.85187782220019,34.7070464158528,4,0,0
73.80847779850116,2,0,0,44.913399789594095,0,6.728327667209549,27.624455411837623,4,1,0
78.98437442570068,5,0,0,40.67860936928469,0,50.83302282097169,41.38139787864059,4,0,0
59.80386613618235,1,0,0,91.89488147412226,0,49.20883728643999,27.168371227620398,1,0,0
70.68882023411683,0,0,0,56.47981327168116,0,16.09949685045066,26.10404873741377,2,0,0
20.23345293174021,2,0,0,106.08003749177514,0,19.99204844950507,43.999485180333295,3,1,0
56.83503175332304,0,0,1,109.13945829154643,0,21.18119915172821,19.589485603286406,2,1,0
79.07017425108936,3,0,1,26.22628555122241,0,5.980751597602504,14.660198618673267,4,0,0
50.35411931490641,2,0,0,34.54584670920994,0,9.092730643763998,39.83891339405674,4,1,0
71.17968443179194,3,0,0,49.75096023589148,0,2.922287066911701,32.45718943486934,1,0,0
78.93745001605396,4,0,0,103.4730153804605,1,51.77106381050627,32.31755069351163,1,1,1
63.1490159828447,1,0,0,3.8955552016666983,0,25.73618100059832,24.742938702343682,1,0,0
73.40927541993142,1,0,0,40.81359108316515,1,0.9493024414970818,38.935740053065494,3,1,0
50.74534869430775,1,0,0,6.108354956334701,1,15.942947996718495,9.446434825073485,5,1,1
65.86777440607906,2,0,0,1.3683538667057698,0,8.403669924588975,0.943794002154263,5,0,0
82.20432339178446,1,0,0,56.91477065061845,0,33.77913516193207,24.04394710403758,3,1,0
73.13945921936869,3,0,0,57.261554467587125,0,8.425795846137726,39.44299378402857,3,1,0
58.26937460872129,4,0,1,45.89685995242778,0,20.664926707739344,48.66897262420138,3,0,1
74.48432808581586,2,0,0,98.02884039524326,0,13.621178176956713,38.21943598465084,2,0,0
84.29219581273236,3,0,0,4.216735747487512,0,16.36312223886067,16.161218690581126,3,1,0
29.00117442845044,1,0,0,5.56111990952736,0,6.959564053566954,16.280867997185645,2,1,0
93.18148129911796,1,0,0,99.9522603886134,1,3.603798742905406,48.15706874483715,1,0,0
63.274905226378564,4,0,0,34.98610942002813,0,19.312726219321995,43.581914949457236,4,1,0
78.5097986648046,3,0,0,15.945072173966723,0,20.35767816943971,38.245799903826764,5,0,0
93.94493847290455,1,0,0,67.00050537001484,0,81.91144366936007,43.808502481009626,4,0,0
42.56652605539068,3,0,0,112.40660801334828,0,22.11914753776114,32.531151708649006,5,1,0
55.81117995144907,2,0,0,58.495203886159764,1,14.501425024211745,26.877297947021148,1,1,0
64.2290260824859,2,0,0,78.49465986722912,2,48.74997007983772,27.599881472696868,5,1,1
54.32492957751143,4,0,0,16.598924246895407,0,35.237896064298376,39.56078755061323,1,1,0
100.0,2,0,0,17.038347444225295,2,15.914510442901475,33.556991316560456,4,1,1
52.86455812346415,2,0,0,99.80058466572096,0,14.322138096751642,0.5180437208334325,2,0,0
58.88906441026267,4,0,0,47.707788543629945,0,56.93562257509261,43.238604908406344,5,2,0
74.08778063205953,4,0,0,13.339280068217835,0,19.201041045863047,38.78794585830236,3,1,0
45.95700947847823,2,0,0,37.13387154981579,2,25.019832606695903,34.88820008255321,2,2,1
62.08638576487472,1,0,0,57.895901670159674,1,1.813358363122759,51.137795256166704,2,0,0
70.16436265519079,1,0,0,34.54584670920994,0,25.33865118070726,17.88648127229868,1,1,0
63.342791912349774,2,0,0,53.19698090917036,0,6.149040113670131,14.008164636203093,4,0,0
68.13226282200104,2,0,0,2.152935633524912,0,2.4555128321072077,37.51425370186468,3,0,0
59.413357751032585,2,0,0,18.098132318905087,1,37.89793034650057,18.648302767549247,4,1,0
39.71059381638466,2,0,0,56.038571712784304,0,23.500651935631808,54.997640800473576,4,0,0
76.43186422678477,2,0,0,8.087670863552093,0,10.470259114519711,19.601951835647696,2,0,0
100.0,2,0,0,12.564230549004382,0,11.29214993347163,19.221240864586314,3,1,0
70.36803261566877,2,0,0,105.63680127260484,0,4.390943575673248,23.957432915570184,5,1,0
74.50528234495098,2,0,0,56.092167529819,0,0.19193797477189314,25.54145983091528,3,0,0
83.85445510233718,6,0,0,34.54934680412441,0,8.595949253743267,24.47053828231857,1,0,0
44.613390069066014,2,1,0,11.842692477732616,0,3.213104162179067,26.05310886751301,2,1,1
100.0,1,0,0,20.882678571721303,0,13.621178176956713,24.56544688243308,3,0,0
74.04657592845604,3,0,1,42.70460256954632,0,35.89428716390693,6.662854679030232,1,0,0
100.0,1,0,0,8.439432684113758,0,2.4378023401690054,37.569588040910475,5,0,0
55.33934008952021,5,1,0,32.86430522383359,0,1.9247914781403694,23.463954385700752,4,0,0
100.0,2,0,0,26.29479680914969,0,46.476628111024205,27.7049263743636,4,1,0
85.50310988069566,1,0,0,32.378808800045924,0,27.340783746574758,11.788596800046076,1,0,0
81.06080171704717,2,0,0,5.577918653437653,1,1.0905992849794732,7.132506282200257,2,0,0
74.68048908706297,1,0,0,5.630284211285874,0,1.6582970807123696,28.58962719565836,4,0,0
65.02942763851101,0,0,0,166.3661560232117,1,23.09884247047976,53.32114407978365,2,0,1
94.01063316947744,5,0,0,194.04495522761601,0,9.251639230338165,52.80924971109451,2,0,0
72.80719739696094,3,0,0,27.77063921442287,0,25.75964985746191,16.37047431508007,4,1,0
30.658605928256954,1,1,0,77.79377995298505,1,10.365535270459263,18.89941673240194,5,0,1
47.65627076585995,4,0,0,53.325374413029934,0,13.621178176956713,32.5527580051918,3,3,1
66.28308495614506,0,0,0,6.216796021554761,0,23.710651653179234,0.0,4,2,0
76.1999796633111,2,0,0,17.59706948343157,0,0.9547454348641755,21.208768341489424,3,0,0
68.86823022200208,0,0,0,18.818481482855752,0,8.02453529807029,33.33910840810635,2,0,0
94.37941579587326,4,0,0,45.28911136362825,1,16.5842040100829,26.55246664213125,5,3,1
30.977962719227506,4,0,0,43.37225611857672,0,3.0600783102657756,1.5107542812763555,2,2,1
72.87175873010321,2,1,0,128.52890938903985,1,0.05046962755758721,2.569086015795822,5,0,1
33.640415492256906,2,0,0,78.04103434571186,0,1.6525972297378884,8.533292839062227,1,0,0
85.19424590968336,3,0,0,97.19229666181462,0,14.857822051475583,28.837913007461285,5,0,0
68.11082571115995,1,0,0,110.92534859485998,0,20.007315258580597,17.460946189468945,5,0,0
78.39219944048236,4,0,1,80.79208679940099,1,1.9501260556338484,53.35754178949395,2,0,1
52.722340788204676,0,0,0,20.239361475272556,0,21.881841837695028,9.952597289339806,4,1,0
95.58929863315502,2,0,0,12.104404266462248,0,19.200890254676196,48.41956414583048,4,0,0
90.83449328117703,0,0,0,42.40443141721153,0,56.23390445166007,11.95492207710425,3,1,0
81.67088606023775,0,0,1,58.48957113001811,0,36.73624446133505,67.73892434421627,1,0,0
67.40965506273119,6,0,1,24.434290491236275,0,57.379125253173115,39.933041181061405,5,0,0
81.59714570590265,2,0,0,94.30526020123918,2,67.69130323528424,0.0,3,1,1
55.862148640253025,1,0,0,161.6570961959993,0,11.625267056128125,48.254004579012374,5,0,0
87.11111318041424,2,0,0,42.12828843675091,0,13.38512437056971,23.068596977564944,5,0,0
100.0,4,1,0,30.494748723546177,0,6.6151868385744015,43.91870589481343,1,0,0
91.41221119958372,1,0,1,92.53953658123164,2,14.203116319651858,29.835569441850666,1,0,1
55.40795060385181,5,1,0,1.2284452953240088,1,3.267202091944162,24.673322643032037,3,0,1
77.22834634546206,1,0,0,6.90638932724031,1,22.26016596038852,26.19328879134221,4,3,1
44.13716912482705,0,0,0,93.42910751484969,2,0.5049723032562807,12.429797147373655,5,0,0
81.44780622351351,1,0,1,65.84374835129059,0,5.3740075696174525,23.388680724195353,2,0,0
79.01206825725077,1,1,0,26.904419791039018,0,4.665688385699138,10.615721102361832,3,1,1
32.60367320935672,0,1,0,109.84456761907336,0,55.576666439683756,22.919067022459235,5,0,0
46.764323121752724,4,0,0,21.651447800358696,0,3.1307781272768063,32.92594349213695,1,0,0
64.33722206512466,1,0,1,50.23497576638493,2,44.286988625172334,45.8661007781971,1,0,1
63.98280505718348,2,0,0,50.30181083744048,0,2.655964003645535,52.298280320002334,1,2,0
45.810461291623895,4,0,1,10.187386895023744,0,21.03636724343093,29.813184494454237,1,1,0
77.77957458704367,2,1,0,16.763269788817425,0,7.709896020165814,13.111213870771294,4,0,0
75.02947217881024,4,0,0,123.85104482918025,0,7.5960164830716295,29.224422546064574,4,0,0
66.11461736042962,2,0,0,10.131204503272496,0,127.2053996221856,27.57269140373503,5,1,0
54.88416999683274,4,0,0,9.53228261820672,1,5.124775575019388,49.765821706644246,5,0,1
90.97414252833127,4,0,0,32.659363354692125,0,4.526975349076502,43.13162500924855,3,0,0
100.0,3,0,0,4.836414495447049,0,17.79953742083063,33.489695351611275,1,0,0
60.32877032306926,3,0,0,112.51205730433746,3,26.999433558541966,52.81055911034091,1,1,1
57.75666165690359,1,0,0,34.54584670920994,0,80.91625837040712,22.407393629504497,2,0,0
79.82415330823993,1,0,0,47.928277191450434,1,24.173930486728427,39.40318949600834,2,0,0
62.83941240506027,3,0,0,20.75924890170745,0,16.50484085265055,22.426694073555794,1,0,0
67.21205598673532,2,0,0,81.55169313376763,0,10.523243182059332,22.92682360060164,2,0,0
84.79306303449343,3,0,0,44.55683150486852,2,18.082935826970132,0.0,2,2,1
31.812878249854144,1,0,0,24.576167607439814,0,18.367608112079694,31.513501683838353,1,1,0
96.36604649705339,2,0,1,206.3629717320867,1,4.910633455975713,31.93750249351717,4,2,1
71.45361048658683,2,0,0,3.4263091165316366,1,22.246633097344763,27.945075090628524,4,0,0
61.770137108756394,2,0,0,43.112185133493334,0,4.5737727049059975,36.81093467173416,5,0,0
68.21531691557102,1,0,0,228.14535692559468,0,13.465119512183092,44.993016804770036,4,0,0
69.24858710041038,2,0,0,58.713037780846534,0,6.018575480901635,29.73642480586438,1,0,0
35.37597393110149,2,0,0,67.30940040579863,1,7.502627960494261,39.05161919863689,2,1,1
99.89876454906472,1,1,0,1.63086768810516,0,19.031987184265745,35.60465715855471,1,1,0
70.82651264541236,2,0,0,1.0797329192036735,1,1.3331644367382167,46.14568642460149,3,2,1
78.86004260894751,4,0,0,1.8389107471786337,0,0.24215640075130052,37.99722091879837,2,0,0
89.03099541148086,3,0,0,239.7191849496872,0,2.799499520900197,57.33834049307005,1,1,0
49.57675084879399,0,0,0,194.4147398151729,0,3.6954586530300118,33.974392490238806,5,0,0
79.46943798070457,4,0,1,20.361502667725624,0,13.621178176956713,15.940085584074142,5,0,0
64.64717818202413,2,0,0,17.19370528815662,0,29.738306543232646,48.92690497971512,2,0,0
86.93541550432988,2,0,0,7.8887889502087845,1,11.842809392765153,39.62157535305374,4,0,0
27.455451592970093,2,0,0,19.959762676853305,0,12.69515555030311,37.12944229708862,5,2,0
68.01811399517462,3,0,0,23.113673645757434,0,20.675272973071692,6.856411253543143,3,0,0
57.943586884320766,0,0,0,68.97245552173067,0,26.12075796251407,52.332351098287646,2,1,0
78.64525901268311,1,0,0,100.6054287770592,0,0.07029036487809981,45.02359864935737,3,1,0
79.40088374736405,1,0,0,68.66596901942576,0,38.85983524655422,34.71053497339245,2,0,0
55.84748210355948,1,0,0,51.99006803763802,0,89.1951755503098,0.0,4,0,0
55.756522716479125,2,0,0,72.60036190277938,0,2.597787678531337,24.92607820598784,1,1,0
67.78669262885342,1,0,1,67.0655677784384,0,21.058285643426174,58.689438391475484,2,2,0
52.06715545369583,1,0,1,34.54584670920994,0,0.048333444046268804,37.15517199856718,1,0,0
86.83967390904255,1,0,0,20.462468153471047,0,1.005444447172532,11.85023611066697,2,2,0
62.61585599105108,3,0,0,16.61868254694338,0,6.709483259658616,21.641031625777096,4,1,0
70.16436265519079,0,1,0,56.871105996239926,0,37.46860099791558,24.021839194112232,3,0,0
62.503558867563875,1,1,0,160.0814264694561,0,21.139864160921725,46.93835499276031,1,0,1
49.229123583120554,1,0,0,43.50074808533013,0,11.805348339496579,7.365550757856099,3,1,0
70.16436265519079,3,0,0,121.82097084474705,0,11.546377922906403,45.856547570874156,2,0,0
45.251467235548546,4,0,1,0.7165789601573216,0,12.549195431179301,41.84545079768229,2,1,0
72.18816943665941,1,0,0,79.1083208489325,1,7.451241221676584,63.63401174727235,4,0,0
96.57281656496463,2,0,0,96.07154165423815,0,42.027938967356675,37.99351263627715,2,1,0
76.26368947729961,4,0,0,49.84709678707323,0,16.7805359915336,11.411108666727607,4,1,0
57.869932235685205,2,0,0,135.9512598537813,2,13.231030965814288,29.27944834523278,2,1,1
79.11808390341406,0,0,1,44.56929646565164,0,12.512634516181688,15.128215407569137,3,1,0
60.81819379562016,0,0,0,13.757177302436402,0,54.923288205295805,35.833569818487376,2,0,0
56.10799261673711,2,0,0,12.149282346785064,0,13.621178176956713,56.14355585575521,1,0,0
46.91274663534031,4,0,0,40.57810079091403,0,3.128738769907814,17.129248040392135,5,0,0
34.96342386496562,0,0,1,118.48109955520698,0,11.488453362621465,43.97341731166243,1,0,0
62.201525868811096,0,0,0,3.7560059045366865,0,6.80400543393652,20.713129578968573,1,1,0
73.16106979840264,0,0,0,46.366384811613706,0,86.65506733317739,6.738342814152148,4,1,0
68.0675265997022,2,0,0,73.44109348055244,0,10.736401633487738,53.980140414590274,2,1,0
61.68066144105283,1,0,0,6.131102658290299,1,1.405661991533912,33.490551780794824,3,2,1
51.08507878606438,3,0,1,6.2084643233316905,0,10.593781893887401,37.371536492586,2,0,0
82.16492383369938,1,0,0,22.795411620919893,0,7.753003234298168,42.92560467048966,5,1,0
43.6573616010683,3,0,0,16.00208023768693,0,18.304957870295247,4.488717092191408,2,0,0
85.52055827686951,2,0,0,11.051923358824581,1,5.125688241626153,26.014713294819714,5,1,0
49.9556596214655,1,0,1,11.075629952719003,0,0.7327330081685319,5.3600486325145305,5,1,0
54.9512952529393,2,0,0,7.001568297749665,0,2.0158719796105595,22.149527825901455,1,0,0
40.66429618768646,2,0,0,47.19003590297227,0,6.657706054305762,47.23915837964329,5,1,0
59.97195706228727,1,0,0,58.25773739089924,0,8.56411346331577,36.74288011744737,5,0,0
89.50624916955958,3,0,0,60.69042194582109,0,35.969705542376694,20.74348757494723,3,0,0
80.31256176887914,1,0,1,38.002181425950184,0,6.296124139000286,30.370715466345818,4,0,0
89.5684422405607,1,0,0,152.7807700369411,0,0.6399924740896046,27.818322097921723,2,0,0
80.44285091867872,1,0,0,106.23566173457111,0,30.349346347979264,34.6636621314672,3,0,0
47.926603429392614,0,0,0,158.06708417327084,0,40.63857835409618,20.61947650692159,4,0,0
63.38421551344885,2,0,0,24.616182140253184,1,13.557536854140599,28.161653866571054,1,1,1
54.39601741765075,2,0,0,105.0979217248582,0,6.707419326021901,32.269040991871314,3,1,0
96.6114980807808,1,0,0,71.95832915354863,1,29.580466951856575,36.386891476906996,3,3,1
70.16436265519079,2,0,0,20.773719439768477,0,13.621178176956713,33.29155893455279,1,1,0
87.87395378778221,0,0,0,5.635666210260698,0,51.54786886650597,5.428683454845267,5,0,0
87.85907740217539,3,0,0,57.38297115132486,0,40.1285277104131,11.10062099741046,1,0,0
100.0,2,0,1,7.3353085276729635,0,15.741827113485616,39.35981654799596,2,1,0
61.80626814741005,1,0,1,17.39112690378256,0,6.503004722380364,26.185823874816272,1,1,0
84.24644319160325,3,0,0,34.69382997043894,0,0.6679277117125133,23.33299606313573,3,3,1
100.0,1,0,0,56.953363644193246,0,172.87216466442396,26.230373532566333,1,0,0
57.647166461326066,2,0,0,130.33856881931987,1,28.715888279262927,26.210274436860722,2,0,0
39.299195049352804,2,1,0,44.97660291591595,1,8.271252366868193,3.4875551291039457,5,0,0
32.399799321844725,0,0,0,55.64769696371591,0,0.38920194075854947,55.93946505088701,5,1,0
84.25424057722662,6,0,0,18.554187713743392,0,20.39371518855078,28.309699552344902,4,0,0
70.16436265519079,2,0,0,58.124370124015755,0,86.70897756216453,30.21817343507258,4,0,0
62.553618941241545,0,0,0,28.79400240727782,0,24.556617061797525,31.181495081822753,2,0,0
78.74626374077921,3,0,0,97.22147629526839,1,1.748543637285676,44.433494150680005,4,0,0
73.70351073659828,1,0,0,24.916082424330444,0,10.292602774393737,40.25458788113101,5,0,0
78.50889728368344,1,0,0,31.58116196559418,0,2.3123355850691816,28.877263752168393,5,0,0
74.44579711601708,2,0,0,28.333458965577602,0,48.644891161637595,16.91052786008548,4,1,0
95.57731626626787,2,0,0,83.33291960901857,0,8.02192742758759,48.55047229574282,1,0,0
50.95367238522406,1,0,0,153.62979874424732,0,26.438356762616554,30.84052913140644,5,0,0
56.460097230829376,3,0,0,19.821029243739545,0,1.7698572881154448,38.92385445294981,4,1,0
54.54681109458352,0,0,0,32.220508105571994,0,2.748830735290161,13.731180389853453,4,1,0
86.60383623725221,4,0,0,61.19623747632402,0,22.756690148413213,39.736326629821896,2,0,0
88.00797176790127,0,0,0,112.87180226098057,0,37.091423034559014,8.622909187888713,2,1,0
79.02450638637016,4,0,0,34.031363817862584,0,4.499152823896044,24.040133058763924,5,0,0
93.66987333779855,0,0,0,5.76456696334057,0,10.837289193577181,31.99356639325972,3,0,0
46.43918265247238,0,0,0,22.99643825795735,0,19.321021652362525,56.05958860102872,4,0,0
100.0,1,0,0,39.965610480941365,0,13.621178176956713,39.875449959957066,1,0,0
100.0,2,1,0,27.02341682181363,0,19.78780173902401,51.5611456729299,3,0,0
84.71243994491493,2,0,1,10.323892858737942,0,2.005821532156172,36.90017307392596,4,0,0
100.0,3,0,1,1.8845479490505672,0,15.653532468029825,13.350644250938146,3,0,0
36.867535846444525,3,1,0,58.142929198173775,0,43.18817649989603,13.435951260616783,4,1,0
59.51103727474696,3,0,0,246.24942898461413,0,40.50266154543495,41.42081144151822,4,1,1
55.29393078636095,0,0,0,125.79302097533005,0,17.590287369942747,14.973725485754581,3,2,0
84.42958647514686,1,0,0,57.48542394422663,0,108.9651699765696,6.841720807765018,2,0,0
48.99718520795709,1,0,1,34.54584670920994,0,2.2213961512778755,15.360157341184452,4,0,0
70.16436265519079,1,0,0,14.767410346903889,0,13.02457746804067,34.02277272268906,5,0,0
97.41072287993427,1,0,0,48.70055230555805,0,29.844090720942024,18.093564658162414,3,0,0
83.90405800167999,1,0,0,3.125919636527446,0,3.0406146593972068,48.82736031864208,2,1,0
75.67502047323002,3,0,0,61.410530267150165,0,72.0538600997685,36.40523526726537,1,0,0
50.24253318198502,2,0,0,175.11557799638368,0,8.740556583264624,32.83757107674429,4,0,0
53.0629806774927,5,0,1,98.59120932848178,0,8.619958906609858,35.81722395065279,4,0,0
94.99237810593334,1,0,0,38.22580879383065,0,4.795478988181589,39.05645856030036,5,0,0
85.58698007810665,2,0,0,77.7333357352754,0,6.794037921088022,39.274031481963036,2,0,0
69.21960961244912,1,0,0,144.02991268166434,1,17.235525373986274,17.744897354480518,4,2,1
70.16436265519079,0,0,0,12.168433986195797,2,11.219734661812062,48.90980320140713,2,2,1
29.48384253777246,2,0,0,78.81430605745847,1,4.298006860237637,39.42132041748426,4,2,1
48.58295162631123,1,0,0,15.725056009723623,0,33.12429582569299,24.075649181869856,1,0,0
100.0,1,0,0,104.75717755206179,0,1.2852097478306501,41.58989192603218,5,0,0
44.39088857995067,2,0,1,5.176692900113217,0,35.99414875637837,10.012868421334527,1,0,0
73.78959642442162,2,0,0,9.814031781073979,0,6.429982199437338,42.8266530538587,1,2,0
90.14887946390397,2,0,0,63.75848791377457,1,13.699744597783397,34.320427813898455,3,0,0
44.90154663995415,4,0,0,9.605111836045634,0,9.595085487925237,0.0,1,1,0
73.69420949562166,1,0,0,8.601987919539637,0,16.907426305537896,59.96818789326841,5,0,0
88.7583107502131,1,0,0,40.53653551332132,0,31.791724858199956,10.393599974636953,5,0,0
70.249986438145,3,0,0,90.08662304274728,0,90.78726216123366,38.61026698869608,4,0,0
100.0,3,1,1,15.630676405243953,0,7.307370927845781,51.21505260297218,1,0,0
36.62801482243609,2,0,0,91.98602641223647,1,16.139957715799166,0.0,2,0,0
91.17457059767759,2,0,0,82.50086050422874,0,12.547471528092542,33.48930137477332,3,0,0
66.5439652520707,1,0,0,43.26864176089692,0,136.7675568072658,43.29347406115787,3,1,0
85.43840309673351,4,0,0,52.002466522159395,1,33.10059513614993,46.74151228697788,3,0,0
78.82614303398492,2,1,0,2.0640834771017946,0,10.11954321762958,48.252288786162666,5,0,0
55.33687605780007,5,0,0,22.874951595518596,1,12.958851808468967,43.88893821107144,5,0,0
74.5799278491868,3,1,0,15.28516967686387,0,5.646106911152354,24.96030640557814,4,0,0
32.841970972034254,3,0,0,8.126173577020522,0,28.150140933126124,36.8896397810636,1,0,0
82.06495001142787,1,0,0,24.686900045653605,0,37.31394920241765,60.17151336828181,5,0,0
75.96316931981052,4,0,0,21.917822021079512,1,67.04061640844854,48.954014231046074,3,0,0
82.77320337286204,0,0,1,65.2618413133726,1,16.6863315122609,19.99697266100536,5,0,0
91.16236650174301,1,0,1,45.577143600585735,0,22.21468946136281,45.980424662405554,1,0,0
77.35239680419421,2,0,0,122.1499019224478,0,11.81393584446154,50.34435752372384,5,3,1
70.16436265519079,0,0,0,7.856531451697575,0,18.787528879223355,16.80433194971114,1,0,0
52.37863326677416,2,0,1,3.0803999164455242,0,8.577203936820277,29.68425810392989,4,0,0
55.755584727018984,1,0,0,38.24373805764003,0,26.764498009660393,25.71069405646388,5,2,0
93.73469240354662,2,0,0,0.05138332395707791,0,0.4592397177453196,43.8673618132517,1,1,0
70.16436265519079,6,0,0,77.4922071198984,1,0.5773918996436617,23.854184537350307,1,1,0
65.23779127375892,3,0,0,35.25824410478492,0,25.18413602230207,20.562343286363106,2,1,0
70.92005494506549,3,0,0,33.47793701917103,0,53.38124504837357,46.373383247547594,4,0,0
51.907712500124674,2,0,0,22.50973470429012,0,20.00698043966456,11.922559454384334,5,0,0
93.4551369053489,3,0,0,23.498088397997574,0,25.931142646449167,32.78293633320892,2,0,0
83.30833647383557,2,0,0,28.20549039358058,0,34.737960165373984,19.06485205812172,5,1,0
100.0,1,0,0,0.8081126410891086,2,8.978131373204933,46.363040842115,3,0,1
52.43353845640522,4,1,0,4.362158586208848,1,2.2883314661833114,20.82816951958508,3,0,1
62.439842019635655,4,0,0,35.16472656214722,1,54.08882061503229,30.55064710138656,1,1,1
74.62891845051145,5,0,0,8.133139063950496,0,55.79732322697691,0.0,2,1,0
82.92979075451541,0,0,0,75.42594917985,1,11.662212294302591,30.02708573188671,1,0,0
65.68664724904735,1,0,0,16.043688565562707,0,4.896785641372905,27.350236654288814,1,1,0
52.54077819092599,0,0,0,5.151474915622302,0,44.57821538289831,31.073631254854682,1,0,0
70.16436265519079,1,0,1,13.407694787970451,0,13.621178176956713,49.52915928505058,3,2,0
84.42270725091163,1,0,0,22.088166746540807,0,0.16524780558318664,38.97233143287092,1,1,0
51.6745179887255,1,0,0,1.797766164260663,0,2.2794991946302083,35.934646011592434,1,1,0
97.10885602210992,0,0,1,7.638653713952573,1,81.72710258424713,18.91926063785663,1,1,1
93.40397418393208,3,0,0,19.566776703530994,1,0.7774815839648679,62.05573649714312,1,0,0
72.68592994495586,2,0,0,18.588013140103516,0,6.641180075679086,2.425222680483973,2,0,0
71.59195724752072,0,0,0,34.54584670920994,0,15.903436205378252,12.054047800545664,5,0,0
81.08115542231815,1,0,0,92.65690151517218,1,4.075536463634612,18.532128797767907,2,0,0
52.76593859487484,2,0,0,10.747522775196357,0,5.280719465323756,32.852017175465576,4,1,0
70.60062958328164,7,0,0,6.616028236505682,0,8.70717466269791,30.652333405280046,2,0,0
26.952329107816396,5,0,0,50.27829951937293,1,6.2820067967265185,18.683267953059023,4,1,1
87.52911291005871,3,0,1,81.64135488970106,0,32.52722901359195,32.64245159066756,3,0,0
38.77013555116281,0,0,0,165.82870136970394,1,13.873925561432088,47.37280731926597,5,0,0
100.0,1,0,0,0.3409742332471468,2,6.531788786881663,30.83471914577302,1,0,0
63.39759812067099,2,1,0,26.69431728593073,0,7.511215665543027,11.112222774753207,4,0,0
65.76666036137647,1,0,0,66.21066173795236,0,0.8136267463428539,28.441205303974286,3,0,0
57.44532187830988,1,0,0,88.17589190991103,1,1.0130715847864133,17.73470881032857,5,0,0
64.23922252155847,1,0,0,3.215511289712028,1,25.310409657651512,9.031101812660395,4,1,0
98.37062690296074,5,0,1,57.06782513973474,0,2.396195596410056,30.580467273178073,3,0,0
20.24382686929841,2,0,0,17.0498330384003,0,12.917516705454645,16.430711244000612,1,0,0
95.53930772176375,1,0,0,3.8762958364042333,0,36.94954246266701,25.037925105669835,3,0,0
76.76046962203417,3,0,1,33.57932280022681,0,9.191674295334302,36.334123334885284,3,2,0
45.85956704285569,5,0,0,8.607869957246248,0,8.48538282983263,34.81102381546881,1,0,0
48.49375213901524,1,0,0,66.78149164994137,0,41.278967781919384,48.07478368864504,4,1,0
100.0,3,0,0,67.59692690727975,0,40.02745882297454,4.189595672305693,3,2,0
51.089862401145375,1,0,0,92.27946151408997,0,42.428083973545625,26.93326043954181,1,1,0
46.93298978808081,3,0,0,23.706099715883212,0,16.968621517483427,45.178761641343264,4,3,1
92.74629084729459,5,0,1,0.6699583229257567,0,60.85826955664668,4.807690065109963,1,1,1
76.77105752571829,2,0,1,15.037415820084894,0,34.18118168442539,27.439861820669456,2,0,0
51.24148846927203,1,0,0,31.537895200232185,1,10.74457021505001,33.01046753617456,4,0,0
74.33249950809238,0,0,0,59.210351927294994,1,19.861013529393034,13.550278186551765,2,0,0
49.48494632719445,1,0,0,24.06662481566278,1,2.5973697909498243,19.859887250422737,3,0,0
92.0164279684521,3,0,0,38.398751703226594,0,16.029450002655242,12.160887245072132,3,1,0
91.22741929746267,4,0,0,37.144566664439985,0,6.107393831783722,34.18452628381774,3,0,0
80.64012397643886,1,0,0,9.015120793083115,0,6.668858933450652,0.0,4,0,0
77.23322122494034,5,0,0,48.78207000508511,0,2.687051346562248,18.519437233527377,5,1,0
100.0,2,0,0,28.924159377000997,0,8.869546810876635,19.20338153521603,4,0,0
70.16436265519079,3,1,1,82.4918283840903,0,13.13207520545374,43.61415300860331,4,0,1
46.36251749158397,1,0,0,58.65782834337286,0,18.34354455325235,6.571169494727094,5,0,0
78.98947825664614,3,0,0,5.909297564411755,0,7.273108914404789,49.447787008077725,4,0,0
100.0,1,0,0,33.54565108548528,0,31.4282269234726,41.2076866085315,2,0,0
49.70481013628296,5,1,0,60.61610455657503,0,14.719421951966352,45.67614085138297,5,0,0
62.77074466612029,4,0,0,4.551612081606046,0,20.32510049818615,23.597119776313523,5,1,0
78.32892076202906,2,0,1,78.63048192408726,0,6.518581285516301,23.70157299114087,2,0,0
68.92190301988522,3,0,0,12.551727885270719,0,33.6547880912341,18.196070841238416,5,1,0
50.35392839245371,1,0,0,34.96679410385157,0,19.577926476654387,38.71078388949471,5,1,0
92.43715712460941,2,0,0,141.14047694224178,0,39.66063924860963,24.7254139591262,2,1,0
100.0,1,0,0,42.35388829308883,0,3.4859148937011653,17.88630333274523,1,0,0
73.92262918047814,5,0,0,27.587107848156382,0,9.582123178887592,24.688089542798327,1,0,0
51.91863420527999,1,0,0,0.34090590152308725,2,2.3985708535167047,35.56701462243697,1,0,1
39.0207894989305,2,0,0,34.54584670920994,0,4.854870411000437,11.048265897643901,2,2,0
75.15951962442362,0,1,0,43.216219557041974,0,10.035583480752518,15.731451633582402,3,1,1
92.07754686632515,1,0,0,34.043645000006975,0,44.99642007040236,50.24870823903751,4,1,0
79.50335492990763,0,0,0,22.614407997802818,0,16.285546338505508,16.397735813977885,5,0,0
69.95192318162292,3,0,0,128.33787506461556,0,8.020847975852973,51.712412833429276,2,0,0
58.21456696421387,0,0,0,20.20948639451452,0,27.47934607935027,22.092624337314113,4,1,0
48.1567273456382,4,0,0,38.517694289414806,1,0.3975798105992944,9.66545982404622,2,1,0
70.16436265519079,1,0,1,42.049123337781666,1,9.243636747222295,50.55447404046359,5,1,1
88.2754324277117,2,0,1,37.482531747519346,1,18.367442759624232,56.179248426544824,3,1,1
39.085404266185336,2,0,0,32.46468686419945,0,17.504765863549675,21.28837154971613,2,0,0
100.0,2,0,0,20.553821308264965,2,18.707324476513744,46.39086498046135,4,2,1
81.48142441788002,1,0,0,119.71508504276072,0,4.752476850815805,31.54659020221128,4,0,0
97.99189290291586,2,1,0,29.964927210791757,0,8.221993640744165,32.36592020694125,5,0,0
43.157445030297694,0,0,1,37.58638680072933,0,53.637549916463676,34.70759262784556,1,0,0
42.68351689169123,5,0,0,53.42520378603912,1,72.97436158327857,30.30299010507523,5,0,0
67.02061380465406,4,0,1,3.5026739597436762,0,7.480443716349347,31.535424169385784,5,2,1
80.05568853790388,4,0,0,76.00000649609451,0,20.68480894515908,30.091103518210332,1,2,0
100.0,1,0,0,35.923999185247006,0,5.522891828155396,21.35973845395916,3,0,0
84.12157827630263,1,0,0,53.52704064280155,1,9.194054665428135,19.382977828647846,2,0,0
65.14637446375933,3,0,1,73.92312849545155,0,31.43655229222601,12.761727757831327,4,0,0
49.47261584668216,1,0,0,103.61312494491928,1,13.910148475133123,1.7205214720447906,2,0,0
70.16436265519079,3,0,0,24.897149531409973,1,37.88780226643528,28.62983728113032,2,1,0
70.16436265519079,0,0,0,83.41427095649514,0,19.81706629782706,17.35688989315245,4,2,0
100.0,1,0,1,14.976728198070951,0,19.82681599954988,5.4349399188695,1,0,0
64.31230700786982,3,0,0,53.98986788407578,0,0.6893451603432766,17.66677275959904,4,0,0
100.0,2,0,0,5.418658049315798,0,27.699533332567277,22.031231509808464,1,2,0
83.57862580118557,3,0,0,1.0116898504519458,0,76.2132848778136,21.756701798442954,1,1,0
67.26009021115084,2,0,1,5.033196213850376,0,12.812178518770343,50.89063128124128,5,0,0
59.61207256347747,1,0,0,19.237739244811756,0,3.453287119588066,21.072207076151436,3,1,0
63.1818424530784,2,0,0,1.5794156272230477,0,75.42581448884069,51.684105311707384,5,1,0
78.56633384750475,1,0,0,49.77904591350175,0,6.853352262802072,18.732894264202756,3,2,0
71.54312992435433,1,0,0,19.029689358422218,0,10.525485363407764,37.232621663270535,1,0,0
58.1237718386259,3,1,0,66.661584515838,0,1.610462099783545,14.99130395888569,5,1,0
66.68737179364736,6,0,0,2.3501327898968105,0,2.3494911428948644,55.73364445731515,2,0,0
71.571540594383,1,0,0,12.212075727195879,0,4.881360752443943,48.38312894309483,4,1,0
27.42531811170376,2,0,0,26.21272150723834,1,15.90209497146838,41.22973704018837,4,1,1
79.16336229577398,5,0,0,24.116084280858118,1,16.319371834705734,59.66338457354104,4,0,0
50.40557550566386,2,0,0,7.020531324350135,0,18.640468018945445,43.05103708723515,3,1,0
46.9333519358851,0,0,1,256.9531032889647,1,17.53260216604748,36.577660031036345,4,1,1
36.2531130577858,4,0,0,16.734462013585453,0,13.673324665650357,9.672870257981451,3,0,0
34.1221500426422,1,0,0,63.83292512621992,0,32.39973256048722,0.0,3,1,0
42.89104993775422,1,0,0,12.424779353938696,0,54.331639076548996,10.583601500535245,3,0,0
55.81958084739019,0,0,0,105.1257696562584,0,6.2876771511956955,4.703362531235577,2,0,0
100.0,1,0,0,24.531407818668193,0,2.7896943091698354,18.001067379627585,1,0,0
59.482406482095925,3,0,1,115.58254769480303,0,11.070741303970939,46.41425848737194,2,0,0
73.55500212536063,3,0,0,20.91497485536042,1,0.5355543877353491,14.000078500667524,1,0,0
78.00962773012657,2,0,0,0.4340698001761971,0,42.96620962464931,23.063480185331947,2,0,0
72.62130372431697,0,0,0,36.38904632968678,1,5.481008413952618,30.852953832828078,3,0,0
68.45113078548013,2,0,0,37.199706218426,0,15.938917429948363,31.382551223760206,1,1,0
46.0941247280151,1,0,0,34.54584670920994,1,2.445499459023723,21.09817615310847,4,3,1
99.01855096558424,3,0,0,13.391591492192939,0,16.11545106308567,47.82608330153229,2,0,0
100.0,0,0,0,76.5072183382368,0,0.7954811447564818,30.365874294523913,1,1,0
36.346826117546286,1,0,0,1.872417117228211,0,29.290022055271123,32.56186491277719,4,1,0
49.51942818227241,3,0,1,33.62084591649435,0,13.621178176956713,67.1339612549938,5,1,0
64.40379315245988,4,0,0,37.79456545993566,1,7.333814841354755,56.0554256389407,3,0,0
50.70924410179617,0,0,0,58.35184726107872,0,5.9739062013740725,30.286683889525317,2,0,0
80.1193110691173,2,0,0,1.9087888692505388,0,11.883962466048049,38.19728473596139,2,0,0
55.434555951867736,1,0,1,44.051769372907756,1,19.350294270665966,16.171151881270315,5,1,1
100.0,1,0,0,0.15514227140333428,0,13.621178176956713,0.0,1,3,0
93.81097188687193,2,0,1,15.406374290198007,1,32.52232423142269,40.224230503538905,2,0,0
74.2514806126443,1,1,0,34.62579452492081,0,4.426274862455851,14.141511489864499,2,1,0
90.53972526639464,4,0,0,121.11425053668671,0,0.10978516867109486,38.46565760415057,2,0,0
92.11800848714617,3,0,0,6.767498891319061,0,14.857279989420032,62.21567045441061,2,3,0
58.72105023883513,3,0,0,9.273673683658641,0,2.446736268869386,1.8591037437432796,5,0,0
53.6756551091607,3,1,0,55.31963353235948,0,23.962381112331293,0.0,3,0,0
71.56286125939295,4,0,0,23.48911819212843,0,3.665720335564136,16.2233459650117,2,0,0
87.23272248995889,1,1,0,48.83142468482403,1,34.00699907210531,42.15208611403207,5,0,1
72.78120797306835,3,0,0,298.66487134127044,0,12.711462082153345,48.75454943873737,4,0,1
38.460070356180054,3,0,1,216.64910647156202,1,16.707025664014473,42.13027778080918,2,1,1
53.94351112098315,3,0,0,21.825624903286496,0,4.130280955766362,34.317792370398294,1,1,0
68.52054272811245,4,0,0,35.051443362987136,0,3.172602426948611,30.252683216857463,5,0,0
68.4866879134834,1,0,1,117.53111031930158,0,19.955030828091374,31.85551967473805,1,3,1
100.0,1,0,0,4.834778383024262,0,5.899790548803878,47.75958790630939,3,2,0
42.28024115202004,0,0,0,30.101735745487574,0,9.752782678877587,20.337260097754786,4,0,0
80.11178483671749,6,0,0,23.706795634355558,1,13.057354174750643,30.624674422763242,1,0,0
99.7822621665658,0,0,1,17.469560503968093,0,5.217780808020363,12.681183741587617,2,0,0
70.16436265519079,1,0,0,257.5311909372152,0,31.736296167679477,35.38807876391104,5,0,0
61.912051536320774,3,0,0,66.12830102431731,1,56.07726508646242,30.27313838214365,4,0,0
79.82858905440399,1,0,0,24.612215889229148,1,11.308915659684757,68.7962743522969,5,0,0
81.39520714397294,2,0,0,88.31098760550601,0,49.91087272678115,7.832223019717066,4,0,0
73.90963463106581,1,0,0,33.634503150154345,0,42.8574809866134,44.0617559224107,1,0,0
68.02309597521388,1,0,0,103.10932838131484,0,3.631570147754081,22.315348806132178,3,0,0
78.71950779000092,2,0,0,15.488194258825219,0,3.808250713025389,42.366241294842546,5,0,0
19.35507829560629,2,0,1,12.65438602804639,0,12.97897222227126,41.23274013168936,2,0,0
83.64138980125263,2,0,0,14.20354212310761,1,14.924933860689286,25.6591716495648,5,0,0
72.52355807323934,2,0,0,38.661556867758094,0,8.34457232274776,14.52692667065685,3,0,0
65.5505020644347,2,0,0,17.21709343617497,1,7.506119426106962,14.151605972159118,1,1,0
100.0,2,0,0,7.956802550114396,0,11.29041107621855,31.577133009310153,2,1,0
56.50131962418895,4,0,0,261.3269915122431,0,23.454604938612988,19.15566300786417,2,0,0
61.93848021869938,1,0,0,115.34633894504474,0,1.763374740617511,26.546755979797258,1,1,0
100.0,1,0,0,50.394600065186424,0,24.797665624090204,11.37872126460864,5,0,0
53.35877390300287,2,1,0,111.07001677336366,0,52.138844936270004,37.618273521938015,2,1,1
58.997694341269224,2,0,0,137.02562544676414,1,28.836708772900398,16.61044099477568,5,0,0
67.059491531383,3,0,0,56.36730266061525,1,4.255867402943591,23.75283784229403,5,0,0
86.81468964259099,2,0,1,36.56112448084718,0,1.8309315739845786,49.73783267941414,1,0,0
74.15605014706627,1,0,0,106.85429214458956,1,13.481814631301043,32.224298244435204,3,1,0
44.147493056954744,3,0,0,34.54584670920994,1,62.65675596898069,41.33330781908522,3,0,0
59.356628737456205,5,0,0,6.7795637994930145,1,34.19171712016835,15.671000184504173,5,0,0
57.85291133575577,2,0,0,22.852869764020085,0,16.54425495720115,34.15384187266992,1,0,0
68.4555790955391,3,0,0,29.522395800767637,0,3.0859136865418852,36.46818242988084,3,1,0
78.51687317259658,1,0,0,136.953067839679,1,25.02385878054978,15.516340259818557,5,1,0
78.36411511775944,4,0,1,53.82084283624587,1,33.53274485922054,30.915024415023478,2,0,1
34.47976491903196,3,0,0,104.08322565089621,0,54.688644249415326,23.687311054097542,2,0,0
91.27881975121713,2,0,0,70.85658939570285,0,18.940991136335857,34.0805205744551,4,1,0
75.05137691993247,3,0,0,18.543104398845383,0,14.450111621056063,10.15382164544997,4,1,0
97.69064095187812,2,0,0,63.4182766826595,0,19.30867645360049,14.2570798577904,4,0,0
78.88396654581344,1,0,0,10.864270683146458,0,57.382875170938576,9.103427454116218,3,1,0
92.02645915471524,1,0,0,26.22474890063212,1,19.784062251514346,12.743411730186036,2,0,0
79.33090622900254,3,0,0,82.01853612726629,0,5.957122376885277,20.615937072326084,2,0,0
96.92451512405496,4,0,0,47.328369181987036,0,20.220349075292184,37.69473660404216,3,1,0
80.44501272035558,5,0,0,87.2664632222779,1,42.362744767746186,31.381527117771885,2,2,1
68.04169507114192,3,0,0,14.698663184703028,0,16.740444719397512,31.333655352949258,2,0,0
100.0,2,0,0,69.2645097586248,0,13.971189131148387,15.356957639312304,5,0,0
87.78074244559784,0,0,0,11.302661606752629,2,26.437810693753484,29.662630091219082,2,0,1
81.47488842008826,3,0,0,39.406329717449815,1,21.634436490045722,48.848027624009745,5,1,1
44.47391166923328,3,0,0,28.41696336884273,0,1.167155339254314,34.42860327442998,4,1,0
44.233847650729246,3,0,0,40.65015215112713,0,25.8423248660241,42.1614919419682,1,1,0
75.85430964283707,1,0,0,7.282131872489804,0,10.469756715172931,22.41943560157405,5,0,0
72.91042395536482,2,0,0,22.4103750451225,0,56.569905045975105,22.809942760658252,2,0,0
57.71754869983368,3,0,0,54.96620172488057,0,70.67377836092093,37.82143021647941,4,0,0
72.8196539922412,1,0,0,40.88235050692898,0,11.910931356909915,15.92527954910717,1,1,0
100.0,4,0,0,39.811044415841934,0,69.34344053171077,28.189737884826776,1,0,0
83.90804949100597,2,0,0,35.752271544438294,0,7.445070822067245,32.80416221007241,4,0,0
47.179829804945236,2,0,0,144.01752596793997,0,22.954648696986958,24.143709300413317,4,1,0
70.16436265519079,2,0,0,136.33848967851634,1,13.621178176956713,17.32751395886672,1,0,0
53.90067038294878,1,0,0,22.325682414264193,1,3.132827044926112,20.246537874193642,1,0,0
62.24600167182878,2,0,0,21.68512882966856,0,39.97949636791954,9.332632969973904,2,1,0
61.72768668740714,1,0,1,40.4726417685216,0,44.845617847215394,34.160549617084925,5,0,0
60.447088347919895,5,0,0,5.024524350468539,0,15.211876046565289,42.51597540966793,5,2,0
44.8972925605321,3,0,0,18.048974099726696,1,8.303444207367633,22.42520048360535,1,0,0
67.4469063696362,1,1,0,13.124605409033743,1,11.994008599564225,71.06351939947541,1,2,1
58.7878472630538,2,0,0,12.640827902999598,0,40.746728946306554,18.622369953831452,3,0,0
11.411026199954641,3,1,0,50.87542617587443,0,4.73961243644727,18.874785589557227,1,1,1
100.0,3,0,0,24.25386009092228,0,6.987468480655048,41.54571672684588,5,0,0
91.77539308433344,5,0,0,9.386671213852209,0,30.783590704340007,39.31423270837739,2,1,0
62.47398550150008,1,0,0,109.2720441728521,0,13.621178176956713,40.04854515399894,3,2,1
70.37638099481197,0,0,0,103.63270659258082,1,1.9506544367832976,46.07042534400823,5,0,0
46.56691305364876,0,0,0,99.19308755927251,0,32.56959132481545,16.023221630270083,2,0,0
100.0,4,0,1,24.775914246187096,1,20.716598438262245,35.59452258187582,3,2,1
100.0,0,1,0,2.9335194713944737,0,5.2473454455055615,9.01070678689696,3,0,0
73.1338745649305,1,0,0,5.6439923046081955,0,28.196762803956233,45.983670456665735,3,0,0
90.47061288370689,1,0,0,16.15151486627291,1,26.032893514545357,44.93306752392175,3,0,0
73.50573557867848,2,0,0,12.421145188348373,0,3.063718509867888,45.651631598127175,3,0,0
43.26549122248139,1,0,0,103.56796263698098,2,13.953189208451729,29.20934176836671,3,1,1
61.763532620726856,3,0,1,214.73076164585953,1,28.400421969860616,45.40729839750385,4,2,1
72.63855933543914,4,0,0,84.82437241626197,0,4.252583601329103,32.51798807327274,2,2,0
60.909045625131114,2,0,1,65.438692853244,0,12.426431337504631,50.74732678689967,5,0,0
65.62693445129928,3,0,0,44.4123990497072,0,2.5735182700497994,25.36787705659278,1,1,0
68.17200884981771,2,0,0,73.46386751502055,0,7.329742066226171,25.155824604146048,5,0,0
68.38243004269077,2,0,0,146.90460474854598,0,4.916601634275199,36.41464624281708,4,1,0
71.04516980994967,2,0,0,45.98290348828809,0,13.621178176956713,11.069233945649657,4,0,0
48.78789867206798,2,1,0,8.398052847628234,1,3.044741384786927,26.45059217013187,3,0,1
55.659677017441275,4,0,0,8.947860165286965,0,9.662612421243512,29.236067113137466,4,0,0
44.308314686000614,1,0,1,43.83701364606642,0,6.436166918149084,9.95142754232128,5,2,0
89.55631099372401,1,0,0,20.28339691770199,0,27.412272122533686,31.482400752178357,4,1,0
27.887061163193508,1,0,0,120.53490034299902,1,24.05745306996646,37.42057164778638,5,0,0
93.0718068663385,5,0,0,47.291427198181154,0,1.994871508558142,42.54518580454271,3,1,0
97.72698794525687,4,0,0,56.426666599460795,1,61.359130583121306,7.530445186621833,3,2,1
63.95638826034757,1,0,0,34.54584670920994,0,27.304980955370212,45.198513516190616,4,0,0
17.937258243454025,2,0,0,34.542346614295475,0,19.140103380441175,0.0,1,1,0
62.77378876065419,4,0,0,28.208218977090855,0,12.990320109427728,16.39813032853229,3,0,0
68.71631677422361,0,0,0,61.18698726342466,0,3.9184101949697414,60.624573249503285,2,0,0
49.78803560142173,3,0,1,24.115039342126966,0,65.41179309378542,32.30915171372497,2,1,1
59.695632123835146,3,0,0,187.69764060517505,0,0.15778832932635278,14.321078531022874,3,0,0
100.0,3,0,0,55.4639257914899,1,23.584376830391367,9.564393271097341,4,3,1
83.29854324603482,4,0,0,53.92847467875407,0,14.162955562730744,11.004905958486965,3,0,0
51.508717712438,2,0,0,125.8763341012607,0,46.57486303155915,15.792447384451652,4,1,0
38.04801660809136,2,0,0,267.00734653257194,0,9.583221559007292,44.614643413631796,5,0,1
63.45965364780458,1,0,0,11.021155831605704,0,14.622980565698402,38.2185584062495,1,0,0
65.73086441299124,3,1,0,83.17705839934449,1,27.12224065173119,46.011242820846306,1,0,1
79.92398374726633,3,0,0,8.855925526601702,0,0.9747007235531218,14.12310552397642,5,1,0
59.293665748646816,2,0,0,30.536299314559912,0,1.1203041021608446,0.10432657591179151,5,1,0
80.22999150723723,2,0,0,5.278327084679414,0,4.75683963963585,39.58536114079159,5,0,0
100.0,2,0,0,48.82473018858296,2,3.166427584653728,29.03906134289611,1,1,1
86.31002044888525,5,0,0,31.60431278206118,1,0.1292863416613926,18.05869441147367,3,0,0
69.03822985338455,3,0,0,49.537104269594835,0,19.50966189665573,44.93538670525348,2,0,0
66.3369905789341,2,0,0,56.65409272888608,1,31.786625005264106,49.479150296712845,4,0,0
62.86653731640258,3,0,0,48.30455312109422,0,62.984652254580794,55.85600478220371,2,1,0
93.61281824904289,4,0,0,17.409064624589625,0,11.628549982682701,14.533102085590663,4,3,0
57.45373108097394,3,0,0,90.68772702526556,0,6.562323351005138,48.43892800358654,1,2,1
70.90445417999965,1,0,0,40.1130921971426,0,13.621178176956713,35.84470787220373,3,0,0
71.02395803762171,0,0,0,33.65263893060874,1,37.20876945031469,20.66030368030114,2,1,0
59.96431614376936,7,0,0,217.38630117316674,0,19.60822472432262,48.145677222320174,5,0,0
42.550689042317984,2,1,0,16.669403347740406,0,6.380676549491114,16.724981693547278,5,1,0
76.45949007235336,4,0,0,37.54202503721065,0,47.832172384909235,20.583707382575277,5,0,0
68.77992056289233,0,0,0,57.33625524523146,1,3.9300649461305137,43.549930558430184,2,1,0
80.0048093887314,1,1,1,6.689481751638793,1,0.892553364285369,20.77079201050681,3,0,1
59.32799387121666,2,0,0,21.86634670402942,1,13.621178176956713,36.0951334706028,3,0,0
94.41642597626095,1,0,0,80.8958670690283,0,16.586627394658166,22.519886988933997,5,1,0
52.464524375763105,0,0,0,13.509021814427019,1,5.659671012758723,32.60632507664595,2,0,0
100.0,1,0,1,33.99085756472285,0,22.22760885377741,33.69527223565776,5,0,0
35.047269803434766,1,0,0,49.79790339394995,1,13.621178176956713,15.621592730307585,4,0,0
78.69540129113783,0,0,1,55.60955625573809,0,37.228101961160974,33.11212097451005,4,1,0
79.50861365053247,2,0,0,65.15475977793099,1,6.629224700863161,22.111461467054156,2,1,0
54.088858641182355,3,0,1,100.48731087789172,1,0.5184100734683658,15.655419023432538,4,0,0
78.48787875722024,2,0,1,24.949747732607786,0,14.268582311209844,13.291626262782103,1,0,0
95.59037339520317,8,0,0,61.316361648832284,1,38.769758975404876,13.459659737992268,1,0,0
25.663623212918708,1,0,0,65.87100908427507,0,4.659366566855722,20.900921612125867,1,1,0
80.05489614981629,1,0,0,17.85333175534161,0,10.933390629769331,38.613028291376544,4,0,0
20.134583593398446,5,0,1,172.34837711515135,0,5.925598165063563,9.542619132227,3,0,0
50.68670392953584,2,0,1,100.20526637155469,1,0.26905470109216456,31.25266399752015,1,2,1
100.0,1,0,0,17.11475081634331,0,45.75867824135336,35.62136552128155,5,0,0
58.36435933215892,2,0,0,56.20707159325756,1,2.9017461542231593,45.00761726493984,3,0,0
46.52240071182055,2,0,0,63.257074391354585,0,29.114356427666863,21.82496226494971,2,0,0
66.04124542030637,3,0,0,28.236259108476336,0,8.511414518851645,32.44016170337264,4,0,0
100.0,3,0,0,99.66072845776925,0,6.5057933546030995,12.670418070548955,5,0,0
33.36635505587948,1,1,0,58.59615526781029,1,56.614151135128296,10.468255099331305,2,0,1
48.97380176721311,1,0,1,53.669847000214865,0,21.41213190007262,35.436636819399425,4,0,0
99.94863366359253,4,1,0,12.476967023825623,1,23.226100648999438,61.02928806562217,4,0,1
100.0,3,0,0,26.19911568018516,0,28.51342454464809,39.90508947769998,5,0,0
67.93137551419431,2,1,0,28.451213257960788,0,8.338611805959133,11.768168147314942,4,0,0
45.218945949467155,3,0,1,66.14928540657647,1,16.586875837767156,13.081848535366486,4,0,0
100.0,3,0,0,48.1684022555861,0,6.3003348480267505,39.238858603135874,4,2,0
100.0,1,0,0,4.488609624594629,0,35.980699288713545,40.81161697769403,3,1,0
83.57893975524466,3,1,0,18.386646644228218,0,18.29121355056465,30.821344669850717,1,0,0
53.751953021251595,0,0,0,32.03224378985003,1,5.578591776370219,26.84026092533706,5,0,0
69.01941318323927,1,0,0,66.72931734985161,1,46.003441397903785,37.83382175089295,3,0,0
66.79279837910339,3,0,0,68.04480818388244,1,17.390051430594657,14.529202830698818,5,0,0
76.61702609231156,0,0,0,33.720521601777584,0,13.665145080420158,45.41161138001607,3,0,0
99.02002876262672,2,0,0,6.217675201442076,0,0.7019264011376027,35.30567435055782,4,0,0
87.58834082274807,3,1,1,17.329399676285508,2,48.11496164645308,17.90330450059031,4,0,1
48.45247846030483,4,0,0,14.697911804543292,0,60.845543936463784,28.73444280865916,3,0,0
97.52992900039075,1,0,0,75.94020757262999,1,13.621178176956713,82.05550245611894,4,0,0
76.26264280026311,3,0,0,9.921712431305544,0,11.686334572131695,25.59738757723441,1,0,0
83.74131591717833,0,0,0,31.26706475332893,3,8.912154981472785,38.44532467357976,5,1,1
99.33081718557206,1,0,0,55.54215963505692,1,6.240806341638639,42.51523716398321,4,0,0
47.76839500972898,1,0,0,167.31579458156585,0,17.091185647137223,32.88465856725227,2,2,0
69.28348842587074,3,0,0,359.1477934736591,0,2.741497335307288,23.970504227038095,3,0,0
59.3709089728157,2,0,0,152.7976263845568,1,50.3090347231561,19.080217649060067,3,0,0
38.64281149269088,0,0,0,63.335397892734115,2,3.8706935030767475,27.38028226018372,4,0,1
76.93419955209839,2,0,1,68.60790414385913,2,27.37013111437648,27.85842380860251,3,1,1
100.0,2,0,0,71.19152500094867,0,7.3312669653974,49.12500816114745,2,1,0
33.19844510988494,4,0,0,99.24471957135026,0,5.125504824707824,54.00186260336744,3,1,0
69.3543877790106,3,0,0,151.6047351410648,0,16.32298932771483,57.16795856107322,2,1,0
82.81085870149548,5,0,0,29.50301539034681,1,28.97403482067049,24.736171777676574,3,0,0
72.46156403312362,2,0,0,26.93647350875117,2,25.94638732143718,45.74349317186353,3,0,1
67.73743894968518,4,0,1,30.85233125256956,0,5.325101600990641,34.18805629211119,2,0,0
44.01567273108351,3,0,0,53.913603744371194,0,8.02455248683825,13.820714818056977,5,1,0
74.65573485880327,5,0,0,74.68181888334284,0,40.625554596428124,7.738900248562356,1,1,0
54.86472045968147,0,0,0,102.22086217451243,0,25.692362085508613,25.159348558937282,2,1,0
26.201565900428932,1,0,0,30.4596761575909,0,13.621178176956713,27.869405462719076,1,0,0
93.89184441027462,2,0,0,22.578538251370293,0,6.264239462471851,16.587400919104113,3,3,0
89.16771639684085,2,0,0,204.77510570301934,0,31.404758189370426,48.54784523872995,5,0,0
71.0332195370216,1,0,0,13.190961486284067,1,8.876359176752183,52.31657456566784,2,0,0
74.58149376411406,3,0,0,12.551748490026785,0,10.262916940043699,27.196855080472645,5,0,0
91.48636025431122,6,0,1,62.834839385949145,0,6.781222189270254,52.95807825637108,2,0,0
74.48679313556165,5,0,0,9.901654692063588,0,2.5882889386423753,36.38609711336382,4,0,0
88.08035109522629,0,0,0,25.492055406872787,0,10.908119253098059,0.5680951028198677,2,1,0
64.050355982523,2,0,0,17.292884689895644,0,0.3416923279496456,0.0,1,0,0
96.23967477147893,0,0,0,9.238855866241012,0,12.17282089369079,35.115633656531045,4,0,0
76.41571451865367,3,0,0,43.34018803820785,0,25.82015185747613,27.68585624460199,3,0,0
73.88103887211749,1,0,0,23.381242300138467,0,64.75354577979274,16.020447082620926,2,0,0
44.59877822575936,4,1,0,31.016603954672128,0,1.637505848898651,36.55016302764064,1,1,1
75.73911708603417,2,0,0,10.89928161550877,0,6.605966407411285,62.82902336170195,3,0,0
53.360901650110975,3,0,0,73.02219728242503,0,13.629552770395623,31.06860494173937,1,2,0
57.23434546943012,0,0,0,18.895810644884715,0,3.7359419107059146,23.64079279061825,3,2,0
53.69248743367758,2,0,0,20.982120060899856,0,2.484717959966486,19.488828037972553,2,0,0
48.6753013620155,2,0,0,14.527907693927542,1,12.041212899584675,12.229966502569965,5,0,0
100.0,1,0,1,28.493724002371472,1,17.384828732867412,42.218975131328634,3,1,1
96.62678123976806,4,0,0,34.54584670920994,0,34.31906261746669,23.599496804901456,5,1,0
100.0,1,1,0,37.71570733093274,0,122.41708980875535,27.93955377161861,3,0,0
45.54209960888872,1,0,0,171.4309191934679,1,29.76838279182962,23.867226642588275,5,0,0
71.42507499821785,1,1,0,117.5319756184978,0,5.0036273164790535,54.06501301870482,2,1,1
44.129847495918085,3,0,0,47.0026197418479,0,27.564783330645707,8.699356998807161,1,0,0
56.08610245605872,2,0,0,1.9840212639165644,0,15.407201638788399,40.28467953719236,2,0,0
51.63746033166851,0,0,1,47.371057310442986,0,11.986200819425548,43.05386891733876,3,2,1
94.79168012883123,6,1,0,4.697328868668736,1,54.892777720722,18.929039753787677,4,0,0
62.0754064379648,2,0,0,61.953104522699846,0,24.219450702270105,39.09184400881793,1,0,0
91.36758667388033,1,0,0,24.721180969685424,1,22.894783683031616,27.453409387425225,5,1,0
82.08241779177035,1,0,0,90.91435938710882,0,0.23651224940005394,42.21328069951663,1,0,0
100.0,4,0,0,142.82395369365366,0,40.060204131787145,15.461671800912216,1,0,0
40.41111553720552,4,0,0,26.987868774705102,0,31.52978243948891,34.042394573388584,2,1,0
70.16436265519079,2,0,0,30.86074967320248,0,7.1032896460793085,31.088619148298434,3,0,0
92.92881740801455,5,0,0,44.597906888627094,0,6.909427705519542,38.131654501179284,2,1,0
50.532423239459305,1,0,1,10.978293060458705,0,1.0992310223761352,0.0,3,0,0
90.1426667294632,0,0,1,131.09328636463837,0,1.0439039928723144,19.221529143738547,4,0,0
76.72289926052457,4,0,0,28.36979228135923,0,22.08825236978126,38.7849847340619,2,0,0
65.45047480093184,7,0,0,9.125298844875267,1,4.12173726684143,56.270149013507066,4,0,0
53.52129026056001,3,0,0,71.92821364770707,0,51.42180443869114,45.71553018404239,3,0,0
55.61781097101628,2,0,0,12.368698333901678,0,36.95446397116208,36.056864916002816,1,0,0
100.0,1,0,0,7.746757084375979,0,8.581384937013368,17.28683188248472,4,1,0
70.01365637914965,2,0,0,41.37646966506454,0,13.621178176956713,34.47688957888551,4,0,0
85.64260003062918,1,0,0,55.660199880248896,1,7.928419423448011,38.78304415438897,3,2,0
54.182012366648934,1,0,1,34.54584670920994,0,1.9389184282283072,56.71294532370547,3,0,0
54.40294107556723,3,0,0,53.42995845513254,0,0.6386936959263112,16.722181559748762,2,1,0
91.63969618499884,3,0,0,6.1379956819860855,2,12.034460224644807,24.319010552131232,2,0,0
43.008475768969355,6,0,0,32.314900934827406,0,57.308160438273894,60.15746344904454,3,0,0
61.69572464189457,3,0,0,22.08197753184824,0,49.83846114269808,27.020576355780968,4,0,0
70.16436265519079,1,0,0,181.28324590312528,1,33.1976567169981,37.35780745630412,5,1,1
72.22745203680105,4,0,0,2.544875698025104,0,19.809239444439438,14.110835881928573,2,0,0
66.41813429967688,3,0,0,17.712052773907967,0,38.78975328549187,24.864610607251038,3,0,0
77.91639562191847,2,0,0,142.246956131961,0,14.474953433960946,34.87576625751671,5,0,0
83.85711511635623,7,0,0,205.20818013323003,0,3.9729248393155396,24.2925493094218,5,0,0
84.6927509091866,1,0,0,87.12036107489759,0,23.051045720618482,32.72039958913398,5,0,0
50.283923826643466,0,0,0,3.952065346355862,1,50.67673734026889,33.832010270511894,5,0,0
64.31689804142405,1,0,1,41.2032456849103,0,0.39599653307926475,31.064569686755693,1,1,0
93.89525723753876,2,1,0,25.5515316281485,0,5.792186627332948,18.756418501589835,2,0,0
87.89294375147745,5,0,1,82.11163341810838,0,6.169622723095922,42.423905045620025,5,1,0
42.542810970378724,1,0,0,2.8297998962246163,0,2.0858781074720665,32.7193148190836,5,1,0
77.02959800704403,2,0,1,10.97804580891165,1,5.110603161590305,20.015670152151365,3,0,0
30.435495012503793,1,0,0,33.58837479741872,1,9.689584431444068,17.919208651425947,3,1,1
70.93869804120739,2,0,0,8.57784498553199,0,56.21343105007061,14.543967844346238,1,0,0
100.0,1,0,0,58.99900438219714,0,39.36026022860478,48.07335018507152,5,0,0
51.04214565462027,0,1,0,85.95349387110284,1,58.377730063676324,19.30073637400499,1,0,1
53.31353909016836,1,0,0,60.957688316158276,0,2.5696665792372126,16.35079370833942,3,0,0
85.28059563145719,4,0,0,29.016262756700602,0,0.5689866679522237,15.164706621911831,2,1,0
39.14396969580708,0,0,0,105.34584428751288,0,2.3280509785861083,0.1632850569720894,4,0,0
57.34489940229922,2,0,0,7.40679791292674,0,49.1370303893401,63.056276977451226,4,2,1
81.92882275163505,3,0,0,15.078137164970837,0,3.427362628576072,31.333982571694232,1,0,0
57.31428304621194,1,0,0,33.62211912028214,0,17.002416464050267,16.71570571118182,3,0,0
65.28060025578057,2,0,0,3.165022999476171,0,5.16459807093681,24.839336065227894,4,2,0
84.8837142063007,3,0,0,5.028919611078799,0,0.4170262077453174,11.150558822314842,5,1,0
78.43092167073122,4,0,1,25.328681459573275,1,1.768349311764312,32.76625681862872,2,0,0
75.33636792590804,3,0,0,144.0187615650054,0,24.743493600529554,27.72871597703111,3,0,0
63.21755441459923,5,0,1,119.52367542001842,1,4.026820562023691,46.70399675629471,1,1,1
77.40122230537911,1,0,0,31.365617962731218,0,5.2049494702928225,19.513926797359208,3,0,0
67.52534639800487,2,0,1,7.666799019042325,0,9.472411275845253,35.42180593566496,2,1,0
79.1561121985157,2,1,0,9.807293041116052,0,21.4145867375679,30.27825206863336,3,0,0
60.06135949764044,2,0,0,23.70428183440046,0,12.67389617556756,17.14700664820368,1,1,0
66.34862051240918,3,1,0,11.79081278814972,0,57.86720212906235,35.39488652987431,5,1,1
50.20084414895972,2,0,0,4.331059622823693,0,11.389662887268372,28.7960836739758,3,0,0
69.29984779987528,2,0,0,56.00877822839997,0,4.441155824238728,44.933312656284954,1,0,0
53.7799827274231,5,0,0,43.54778336472839,1,15.363572354066644,36.033341448443295,5,0,0
47.71907099676014,2,0,0,17.215919928615268,1,11.989115845651487,22.80968592824795,4,1,0
75.17322295710777,2,0,0,75.46795208121277,0,30.942256019286873,43.33437212557013,3,1,0
74.25479551715321,3,0,0,74.79405366357501,0,54.704696714927444,34.341127862173146,5,0,0
85.65747469897146,1,0,0,33.76555665955468,0,36.19381288734334,22.19620386773075,4,1,0
61.37748860849802,3,0,0,5.075760113150628,0,9.85446676339188,44.19958766205383,3,0,0
78.16105693673512,1,0,0,125.33884351616595,1,4.8698876953882895,43.01085942990319,3,0,0
81.01595144547326,2,0,0,55.23059102723684,0,49.182190395196564,16.44067645326094,2,2,0
78.8954761566319,2,0,0,14.187877118666806,0,9.753241362065697,19.08529736619152,3,0,0
53.48692634395716,2,0,0,47.138736240190916,0,29.411494732982767,31.8603609684162,3,1,0
72.98726964542378,2,0,1,25.961500076525716,0,91.17974685930844,24.69475696013655,5,2,0
77.28280592109323,5,0,0,50.44081507901198,1,17.228603526679574,25.15558426150707,1,1,0
70.14356933815884,3,0,0,32.11043254914643,0,13.073932506020212,18.08307002179245,2,0,0
28.27044683257831,0,1,0,33.22527977077157,0,24.070843439974645,32.58330680701097,3,0,0
73.2097924794696,1,0,0,34.54584670920994,1,4.311718167366027,33.33427839002093,5,2,1
100.0,1,0,0,47.560382968986374,0,13.39798006884499,8.52177802472173,5,1,0
62.79921462486035,0,0,0,4.166509385026066,0,7.488946165214938,24.20597107629842,1,0,0
55.43845804289358,2,1,0,3.380418505766878,0,3.5879855126131384,21.554066687188193,4,0,0
77.46697119422797,4,0,0,18.192836243393522,1,18.839174537743155,34.15449124266418,3,1,0
76.24756420933143,3,0,0,28.127529209145543,0,17.146577384489035,38.573615378026695,4,0,0
93.85470330832828,0,0,0,16.094532471661694,0,28.642879437521028,40.85158596560685,1,3,1
44.842636881822244,1,1,0,52.70009352682716,0,41.26665955989292,24.446497048114498,5,2,1
84.62760505149984,3,1,1,10.852354361522307,0,4.978870177480844,38.0285302085605,4,2,1
81.80844122502927,3,0,0,60.8936307659384,1,13.621178176956713,7.494555865431952,1,0,0
67.15706926118908,2,0,0,74.1734771635869,0,9.157870216684504,49.98151709117994,4,0,0
76.7737463584338,1,0,0,6.637688044103786,1,19.820587384445673,19.57886656713115,5,1,1
90.58914963196715,1,0,0,52.606416711143964,0,37.974429010395475,9.790123348629336,3,1,0
70.16436265519079,0,0,0,162.7717727623992,1,5.919261719512814,19.666238026713803,2,1,1
47.13961375852543,3,0,0,10.710665820150398,1,18.37393668265127,51.69647495465865,5,0,1
86.40316373510969,2,0,1,120.0114568209138,0,13.090797617824318,39.52476608451792,4,0,0
68.70622789934963,2,0,0,34.54584670920994,0,31.268011003630008,56.85638435046061,3,0,0
71.4574819603103,3,0,0,44.69526666619464,0,23.896383137659956,34.51525695528689,2,0,0
71.46393982003389,1,0,0,2.665961065979271,0,29.361530727421016,50.35520282363741,1,0,0
66.9951402240348,1,0,0,68.9759241433052,0,6.79194993214268,24.62719015528485,3,0,0
93.8341499421413,3,0,0,32.530545866128215,2,24.372004918584285,10.391563249392114,5,1,0
68.32564080301576,3,0,1,63.85843764667054,0,18.618235721971885,35.48872746527447,4,2,0
47.609077432336626,3,0,1,82.82152431660712,0,12.201153067936314,31.11640674916105,2,0,0
62.129402880605426,1,0,0,37.095486459623736,0,9.507357916414742,37.50508413420615,3,1,0
73.5738943362095,0,0,0,15.302100349415445,1,8.057370566685101,42.484010343678136,2,0,0
94.58429568594102,3,0,1,7.6326520902709705,0,13.621178176956713,36.03431671740031,2,0,0
82.06189369897668,2,0,0,8.747626420918653,0,3.715957073731812,28.575807671369645,3,0,0
52.98929442505912,2,0,0,100.84574738522802,0,1.2157797162165105,29.264245057568548,4,0,0
100.0,3,0,0,6.59538389988053,0,37.72459566348568,37.22437597483001,1,0,0
75.2955062195596,2,0,0,24.281784632913688,0,39.33495693231257,8.049715328456742,3,0,0
95.50781475998029,6,0,0,20.343903765493696,0,37.44117796663916,19.46990917526476,1,0,0
66.96571132845541,1,0,0,34.54584670920994,0,34.06615667708894,61.48290270974821,2,1,0
80.66718489410898,3,1,0,32.47503499957976,0,5.003370506576027,22.84362136154209,2,0,0
86.7893700903681,3,0,0,281.989949334238,1,13.537060072930146,40.16345670466295,4,0,1
94.36389423508513,1,0,0,66.7904714660654,0,47.68540022697357,24.091943594554063,3,1,0
91.1473661075645,1,0,0,95.16480938918754,0,28.52415154467589,26.933173596056168,3,0,0
87.44394000145955,1,0,0,5.194317140719497,0,0.03643889376114918,0.0,5,0,0
63.69826537611783,1,0,0,14.591349556206895,1,12.302496145750862,39.35592963097283,4,0,0
58.565079160878774,3,0,0,7.277086908445014,2,0.21455068099188923,21.94565162104975,3,2,1
76.65215020648395,2,0,0,31.145804556452212,0,6.588452190191793,0.0,2,0,0
88.66256144682139,2,0,0,63.34340948077346,0,11.445598253338796,8.935323079246242,4,0,0
65.54558598446786,0,0,0,9.260099154257539,0,44.67971393955372,31.63718527218184,5,1,0
91.30343931428773,1,0,0,6.972790774598719,1,21.24855537950815,19.690282584254874,5,1,0
99.05233490972358,5,0,0,34.54584670920994,0,9.003535824928278,17.81095485955644,2,0,0
51.67358161853161,0,0,0,13.088551018201406,1,13.49259001824445,23.516620283967367,3,0,0
53.2615859240744,2,0,0,32.63146850330716,0,34.00799494583478,0.0,2,0,0
67.19249882189327,5,0,0,2.6235271287605832,1,7.123661273310943,5.777493095421196,5,0,0
76.15225336378393,1,0,0,57.06755784641636,1,13.621178176956713,39.6032212455562,4,0,0
59.50865972465898,1,0,0,38.96972956053338,0,6.082920827259876,37.725042622163485,3,0,0
97.04405357734288,2,1,0,52.12429771442238,0,13.077123136941822,38.39908011259663,2,0,0
78.48133723036902,1,0,0,16.10721527501152,0,0.4993523310321943,39.118184441021654,3,0,0
70.78894096481478,0,0,1,34.54584670920994,1,38.248100089980035,36.56265888772953,4,1,1
41.281809522629445,3,0,0,80.8131910744399,0,0.9911346198901677,51.57602427818455,5,0,0
43.683683671449856,0,1,0,63.39221082103636,0,5.081348567771517,39.01988282946259,2,0,0
75.62018500563613,1,0,0,43.342735387122524,0,8.114659248322852,30.550695221879792,5,1,0
27.348087476903274,2,0,0,49.462359334590765,0,19.6251798009589,53.10135814926304,2,0,0
90.25274819288143,2,0,0,4.938236868718835,1,25.461704057337485,38.02216121558425,3,0,0
66.83692311255359,0,0,0,96.95661509018267,0,1.6774398502233168,38.60757318602938,1,0,0
100.0,3,1,0,73.46359237151866,0,0.8887681398823797,22.482083882460692,2,0,0
100.0,2,0,1,44.639885073945536,0,32.08800113823921,30.476817087288136,2,0,0
66.37101861504966,0,0,0,125.41600966386439,0,24.90746417631302,12.89445408248648,5,0,0
67.8732599493737,3,0,1,9.2344924111405,0,35.62236824314704,7.283414911866846,1,1,0
89.9116302800406,3,0,0,58.02290368924695,2,22.573489139883456,4.226934765689389,1,0,1
100.0,2,0,1,164.8172495843332,0,27.807033245448615,26.688475659871077,1,0,0
37.239418851279666,4,1,1,18.553833680277528,1,9.529720148167755,50.526260993744614,1,0,1
34.27249069290627,1,0,1,0.7705223702214646,1,17.84095564611999,36.52049331334332,4,0,0
57.55930388891237,2,0,0,66.3762726685891,0,32.735395239156055,43.01067905693073,3,1,0
81.65475166347728,3,0,1,0.3502400444843004,0,3.777681688780479,17.010887255762213,2,0,0
79.93747181015195,2,0,1,102.99514321848203,1,10.9921246508962,34.535216943460625,3,1,0
91.395429099677,4,0,0,2.8974143379141766,0,26.979182986603583,60.494078891192,3,0,0
46.006049432693835,1,0,0,52.88763584424475,0,15.212962101006767,41.982240778886585,3,0,0
23.677122740622465,1,0,0,23.67521904046736,2,22.892545678019154,24.389114466038663,3,0,1
87.1602839060429,5,0,0,11.366405576634039,1,6.930792345856894,4.598417722318409,4,1,0
53.43607454069531,3,0,0,114.26595059565874,0,0.6575405264009221,10.300031705434769,5,0,0
29.630242712227243,2,1,0,68.56947008367474,1,0.5915791118325848,39.849332073737614,4,0,1
72.90127491918763,5,0,0,20.809159565739986,0,57.21744706189184,33.312642376211784,2,0,0
85.86351376437355,4,0,0,16.714447586163526,0,57.841880641399975,56.952130596385075,1,1,0
67.55885735757445,4,0,0,66.59263728561876,0,4.746937349891019,30.970404367306575,5,2,0
70.16436265519079,5,0,0,90.56875905723726,0,3.190835734615778,7.731304014378839,2,0,0
66.81275535708187,3,0,0,62.912732261086134,0,0.3661275561365662,26.585402078511983,1,0,0
62.588344751984344,3,1,0,51.08106587618073,0,5.259967573705162,30.638317343184216,4,0,0
43.03905776119666,1,0,0,12.933661373923218,1,8.139868742801822,24.224329950984426,3,2,1
55.70638646019137,5,1,0,95.79950666778095,0,5.521464562116237,29.952146011308173,2,0,0
80.42559810027629,8,0,0,69.24716040858938,0,31.92886818825965,35.59357163281222,3,2,0
76.43357082753,0,0,0,36.41533371770049,1,27.680378978730857,0.0,3,0,0
73.3611961193364,2,1,0,35.829774013784004,0,1.6896909626645447,19.931619462046616,3,1,0
50.097030362932415,0,0,0,42.10243630566248,0,23.901689000970457,48.93072158856007,5,0,0
66.36993675728665,0,0,0,88.09345187927401,0,14.703778368625127,54.18791090665424,1,0,0
26.458699071142902,2,0,0,67.79011018338807,0,2.8350989885212137,10.853322346125374,3,0,0
73.56953327770779,0,0,1,96.98223875933768,0,26.905768732176917,10.879627460345834,2,0,0
98.57715415627135,2,0,0,35.39099214199142,0,1.7994912251770054,41.45301384840602,5,0,0
40.517357359157884,2,0,0,48.99469240107179,0,3.899643281634116,60.40433336420951,1,2,1
58.281446533644896,3,0,1,96.4036416188099,0,3.2321864322865212,33.29670025114518,2,0,0
76.5821355742026,1,0,1,13.219118885928502,2,55.94858348176352,31.632361173281797,5,0,1
95.05685268854967,1,0,1,29.351209006436683,0,23.956899239534508,19.369260733232295,5,1,0
70.16436265519079,0,1,0,48.46509570450298,0,10.596293233917308,45.19141213977616,1,2,1
56.154993414682075,4,0,0,123.34130896771201,0,34.54238603562313,25.458399974754634,3,0,0
30.62153715167834,1,0,1,0.7981370187214507,1,4.8658897280678755,53.54816050405181,2,1,1
72.06876258616212,1,0,1,11.949240593267183,2,53.50003118409237,35.40966889069804,4,2,1
100.0,2,0,0,13.358070624732285,0,23.88027263057396,33.885516729858985,3,1,0
75.54716923929352,0,0,0,19.77173013200241,0,16.40055834705047,17.666237977386544,4,1,0
69.55442041632574,2,0,0,16.549428402065764,0,31.66063768410053,18.199235923881652,2,0,0
76.44164621533972,2,0,0,44.59683389798093,1,20.70041452024971,20.73098902298242,4,2,1
69.77815992102796,2,1,0,108.41156754103207,0,43.62669927282546,28.607474616055242,4,0,1
53.73971255479741,0,0,0,50.664570135133644,2,35.33969740380807,46.57836817950396,1,0,1
86.46559831355411,4,0,0,13.822374795396177,1,4.408707061933837,42.32822009560101,1,1,0
74.51523046223508,5,0,0,99.66423818015706,1,5.479891516254582,22.95222985867084,1,4,1
70.35226503867315,2,0,0,49.989838779308876,1,1.3462588195495315,0.0,4,0,0
50.492679454435006,1,0,0,12.35658173921323,0,4.974328276771142,19.126742062178348,4,2,0
96.07015863869518,1,0,0,22.444723158160112,0,8.416312482624747,32.30409360978411,5,0,0
83.2940549066622,2,0,0,78.02400876761884,0,0.5850205087470481,33.47461082679684,5,0,0
58.941583252653956,1,0,0,67.14856169758772,0,7.565635302997016,57.495534108878054,1,0,0
90.03649707363874,2,0,0,42.96981404343821,1,29.528394171757107,51.45967586802729,5,1,0
60.048583232295854,3,0,0,7.819096019574647,1,36.69262100603348,41.91360130051877,3,0,0
54.35993014977926,2,0,0,81.30105719274374,2,0.17825784132455738,20.258129510450633,5,0,1
54.805937650394256,2,0,0,18.375422793953195,1,0.14345401387802212,34.22624599707607,5,1,0
34.578628938238175,1,0,0,73.83238887972978,1,3.163675228088626,37.697794712088786,3,0,0
79.43084760836412,5,0,0,52.14464730605655,0,41.204869900355575,49.76740897312884,3,0,0
33.377102433233,0,1,0,15.337827397501124,0,12.670340633398222,15.163841713525743,2,2,1
45.431123374684745,3,0,0,11.936293127730853,0,81.37596472353864,43.3669989223572,4,0,0
28.488239818429335,0,0,1,7.015425172941791,0,43.666101925406025,38.934656359235056,4,0,0
68.27860614418213,2,0,0,13.850048393550987,1,44.168805197584284,22.367338214958473,1,0,0
66.99359079456256,3,0,0,8.588611206482542,0,2.750247425534547,49.55579480551325,2,0,0
63.46607573627272,2,0,0,47.992705249434074,0,12.895879349659866,1.5511632081258284,2,1,0
49.14844610658847,2,0,0,45.6626573725829,0,100.99978395459856,62.5944589001737,2,2,1
46.5553249312672,2,0,1,44.11524978648394,0,3.2279025242711663,49.74626333398081,2,0,0
79.28739727093148,3,0,0,51.34572722396984,0,17.07728192230252,27.08878119039423,5,1,0
58.98896136583025,2,0,1,84.31177251731337,0,8.44042796304009,23.655221402298302,2,1,0
76.3271664307229,0,0,0,122.411021643584,0,9.815824519566116,29.483881696111297,1,1,0
52.29502627751555,1,0,1,13.092629733255217,0,44.290111474189814,18.72185847374375,4,0,0
73.62125485542165,4,0,0,44.30923627086156,1,13.621178176956713,26.605896112813156,2,0,0
96.06556074632127,2,0,1,4.0787393529616045,0,13.621178176956713,42.314723811329486,4,0,0
81.72331600785567,2,0,0,6.399762318931813,0,22.37024354058862,19.376616272600444,3,0,0
61.751723635670395,1,0,0,53.11488291989489,0,15.058609976653141,44.10350537219935,1,0,0
75.14397940711855,1,0,0,33.333107467109485,0,31.376593897206266,26.294868924269895,3,0,0
65.18669650939574,2,0,0,71.00953774411965,0,70.6258292537405,46.398290228798686,2,0,0
70.15760369389456,1,0,0,27.728208032527867,1,68.1158910229045,50.44220119695402,5,0,0
63.48777895702993,1,0,0,6.825270923379234,0,31.16083256137417,15.012757514850751,5,0,0
66.71329588229217,3,0,0,102.8072136746189,0,13.621178176956713,0.0,1,1,0
74.2418670614835,3,0,0,4.326309525326337,0,3.562422838610988,32.48185359316145,2,1,0
50.132826008360986,1,0,0,10.47218142250426,0,0.909793025596583,33.84731059517402,2,0,0
49.68242346020043,3,0,0,16.215703002438076,0,5.26486218828663,11.652368031150967,2,1,0
42.229148923375774,3,0,0,267.80375516064396,1,8.318128577348599,55.01863670753887,2,1,1
37.9945779099258,2,0,0,26.96638379334026,0,2.781784540093035,24.568140440680583,1,2,0
45.65434615559042,1,0,0,34.82850465013456,1,5.09178989927095,39.594011424035834,1,1,0
73.18925013608258,3,0,0,73.41791822279585,0,1.744856393100363,19.007893967156765,1,1,0
52.14424969016232,2,0,0,50.58718907828169,0,14.833180495924376,7.605081833752557,5,1,0
80.27228928462192,2,1,0,92.07502222527705,0,2.700780654825983,47.51549460085865,2,0,0
70.69427497505124,2,1,0,33.3187836977039,1,27.15558652831951,16.11075246445844,3,0,0
30.629915731238924,3,0,0,179.09584860228762,0,8.088806012378202,41.78614288665304,4,1,1
83.09951168443379,1,0,0,79.68126998532978,0,22.298657814858196,17.586962097361585,1,0,0
86.2159729118342,3,0,0,25.655193208737302,0,42.829647280365435,26.700822840762704,1,1,0
50.122746503302935,1,1,0,24.004461756383925,0,1.7988561349517402,27.613887392230495,5,0,0
78.40383085789983,5,0,0,132.60088207123496,0,90.19863183439257,29.608157270715676,5,0,0
52.87003525181602,2,0,0,57.66646171884372,1,20.726463920105772,20.362502929373505,4,0,0
71.95340753496671,1,0,1,48.568194168264306,0,1.0968535185912693,40.79637243954543,5,0,0
44.710031860900685,2,0,0,70.9058976144077,0,7.537618095964622,44.14039250470139,1,0,0
34.137870949308464,2,0,0,41.14387069327235,0,43.4741915078381,48.32087990592321,2,0,0
62.34365620774063,1,0,0,8.668097099314428,1,18.138375938108567,23.301720694472753,2,0,0
67.52542107450327,0,0,0,19.225470680597684,1,6.771715654598795,13.216862477003744,5,0,0
62.04640612770792,2,0,0,34.54584670920994,1,56.433759041202364,33.207152214527305,4,0,1
46.31938883554881,3,1,0,0.9167441153374123,0,30.952991868490784,35.5580975777847,2,1,1
62.00201875737726,1,0,0,28.754938336038038,1,26.60119162752399,35.64468460424945,1,0,0
75.38589505161468,2,0,0,70.48897540108972,0,43.86154538759175,53.00329217844986,2,1,0
69.10213939754927,4,0,0,8.97033073939647,0,29.374393306553053,31.66163578663023,4,0,0
73.65002061198427,2,0,0,3.336857492600277,0,6.758139196458344,61.47766787300064,5,0,0
56.59769599091534,2,0,0,90.4033277155112,0,17.53592398606472,43.19341369570873,3,0,0
93.43435829432319,2,0,1,48.02178034208878,0,36.93946153013694,43.6563561169916,2,2,1
46.47653326890439,2,1,0,9.714381627686661,0,3.9897150089622997,31.313180744569163,1,0,0
79.75120594173437,3,0,1,82.07352108855929,0,3.559180438071774,25.327069876404327,4,0,0
93.63782185919924,2,0,1,53.66615925979432,0,3.462707526587929,20.844762732152365,2,0,0
79.61816185497791,1,0,1,20.33223540176681,0,4.319766091696067,32.746775440310095,3,1,0
65.9495154587034,2,0,1,23.595974924525525,1,2.179135391198032,43.14027926872834,5,0,0
59.43405906674042,2,0,1,8.473514254619072,0,36.35743123165858,27.047022765662927,2,0,0
90.72175302092512,1,0,0,90.16800309597608,1,34.109971719491455,24.440549210684352,4,0,0
70.16436265519079,2,0,0,35.566234920765524,0,3.2826161306323733,14.533619849593881,2,0,0
50.597514792407125,0,0,0,34.54584670920994,0,24.452050411329523,37.680539035396535,5,0,0
62.04884469016557,4,0,0,107.48973054700237,0,19.722226731573663,13.973818091317973,4,2,1
94.75307515023997,3,1,0,0.7978629496482724,0,6.4646449054079245,35.96953870567874,3,5,1
77.59535272081791,2,0,0,3.4633809536498723,0,5.159059446812689,34.2488067464603,1,0,0
50.639084829795095,5,0,0,8.811744819149773,1,5.769270361362362,27.916346466656723,5,0,0
63.793845892301924,4,0,1,1.5249095404823505,1,26.233432745981034,48.07911337695593,2,0,1
57.713537118074115,2,1,0,53.670062225462146,0,7.693173411857295,53.85091153274639,3,2,1
55.8042201553293,1,0,0,50.239633895274395,0,6.513474789759791,0.0,4,1,0
89.57779117113559,0,0,0,11.836895802459294,0,0.4547530427360108,7.694305203075412,4,0,0
42.56513741472989,0,0,0,8.091043653128484,1,47.7708119217182,38.77003665385175,4,0,0
100.0,2,0,1,7.872747560424457,0,27.9433972701461,55.397951844135875,2,0,0
86.56459380369246,0,0,0,153.13786838923158,0,12.802886646508275,9.574722095036858,5,0,0
91.81723341207396,4,0,0,59.12761494998323,0,57.26845466444132,36.322436254806384,3,1,0
60.741209759494836,1,0,0,34.54584670920994,1,6.949553427024208,3.8177201742409785,4,2,0
70.16436265519079,2,0,0,19.466317450328287,1,22.460458975979847,2.205504835136608,1,1,0
41.33696370950576,3,0,0,28.373608247236724,0,7.28119655179259,61.02845826423829,5,0,0
59.50675185866394,2,0,0,4.682900735008409,0,7.554248782534084,35.8321637558773,3,3,1
70.16436265519079,5,0,0,314.6795365649695,0,37.2491115284903,6.935118265011724,3,0,0
95.92126123562792,1,0,0,70.34229800988471,0,30.93132372904639,26.761568265446314,4,1,0
47.85686366395097,0,0,1,48.57077268655862,3,6.96584442275059,18.286668696235658,1,0,1
62.68988126029468,3,0,0,44.3083514546235,0,1.6978618754562604,23.594189828155596,4,0,0
66.97401559534956,2,0,0,35.090668389279706,1,8.850388547009963,25.299937120045968,5,0,0
42.084215956150295,3,0,0,14.88173362880571,0,28.547122311381486,33.16722630874568,2,1,0
81.826984835168,2,0,0,12.834396493914255,0,2.119310888238682,36.739927408737415,5,0,0
55.52019336514782,0,0,1,39.87346257820805,1,22.30098464580804,19.70718788873166,1,3,1
66.09219297645951,2,0,0,3.6393322891600537,0,44.10250086432585,18.943318749883577,2,0,0
60.961012561762445,1,1,1,3.869479786527524,1,13.621178176956713,36.065293682477815,3,1,1
54.21322988560651,3,0,0,41.14156809268974,0,39.63966603563579,20.237909738780523,4,0,0
69.85910029038891,3,0,0,126.16910012276112,0,1.0545998337428313,20.124172502419178,5,0,0
65.68780842863956,1,0,0,122.82870245404646,0,21.985065366467488,31.58450558197244,4,0,0
62.56284235442669,0,0,0,0.5443676694548739,0,31.31214532505808,30.458424965105884,5,0,0
55.43076756639314,3,0,0,5.680512323338516,0,11.767316887619506,23.336871796044637,4,1,0
76.39049341565911,1,0,0,43.742769525520266,0,4.556306310952362,45.78461115309963,2,0,0
100.0,6,0,0,94.35047073835915,0,51.733339452752354,37.40804085473421,4,1,0
72.79774465678254,2,0,0,154.4462302017728,1,0.4034188218122198,60.27137712454761,1,0,1
89.92236429822258,1,0,0,98.51401427625824,1,16.196821506242365,26.27424957251144,1,0,0
42.19556149693075,2,0,0,56.60015057071579,0,9.331371793665596,40.57949855088023,4,0,0
73.1552287858754,2,0,0,11.19000568953669,0,13.621178176956713,51.86555367574668,3,0,0
48.05263362057867,0,0,0,3.7696731163661505,0,15.381785251474142,16.604207684644763,1,0,0
40.461501449361975,3,0,0,2.4340870933634595,1,15.30354844377044,24.621961156158555,5,0,0
55.21257185081927,1,0,0,47.34739287312305,1,4.553668412788285,48.39383606519212,4,0,0
93.83798668827146,2,0,0,1.8429825415930314,1,22.77008949313921,40.09987662677674,4,3,1
89.00031657339291,2,0,0,67.20773339868182,0,0.3866798827568523,29.657021006411494,1,0,0
74.860094441088,3,0,0,62.32153203986095,0,0.4282339450458495,9.27586968818959,3,1,0
39.34598880220138,1,0,1,4.147934091911926,0,13.621178176956713,10.530927963707697,5,1,0
66.07438697224126,1,0,1,118.55517083882572,0,15.6134813107227,23.202317661949014,1,0,0
76.03400017803472,2,0,1,36.89983128426367,0,6.428623934219752,17.957838678399078,1,0,0
73.51072459157196,1,0,0,117.39929821784997,0,16.044761068324135,18.308509754939514,2,0,0
33.12412833038508,3,0,0,115.9408338591098,0,14.517921714472557,2.5063603429575636,1,2,0
70.16436265519079,1,0,0,10.97214933580657,1,8.591689759814882,9.651979562224355,5,1,1
68.71844471702566,4,0,0,23.94839465838862,0,21.098108253456623,16.783697619715724,2,0,0
80.7258181903438,0,0,0,7.229694046999989,0,63.371838654830256,31.76022941076717,3,2,0
26.077443578001073,2,0,0,74.57785744128927,1,13.498394075995945,24.83962319984371,3,0,0
66.75752049040283,5,0,0,35.0715614909082,0,30.840329699374074,30.876877378051,1,0,0
72.86097539757904,3,0,0,132.11844311107998,0,5.689652285566616,30.22478359361131,5,1,0
86.99223977032426,3,0,0,11.673283002475559,0,28.705540730996955,4.491237627456421,3,1,0
83.85715168474873,2,0,0,58.29655941699004,0,20.934023110258554,45.95589678552038,5,1,0
81.6514263761761,4,0,0,226.58124755178216,0,20.41624199032052,40.99562975406741,5,0,0
54.001189865961315,3,0,1,54.73817451335008,0,44.70513567165942,30.640994619006513,2,0,0
31.839957257533847,0,0,0,3.562660465129853,0,5.314504753068775,22.05848462550862,1,1,0
62.13894485877198,1,0,0,44.38812177048364,0,9.191566983293185,50.402116390156706,5,1,0
90.0326365041712,6,0,0,9.912959421384137,0,1.734427442959854,14.763131532876866,5,0,0
97.86909055048864,4,0,0,1.5488834549557347,0,25.901302798164668,44.686700993343564,5,1,0
84.2109820459557,5,0,0,20.395456913802743,0,37.14097796287665,16.970643809013815,1,2,0
78.58681645603468,3,0,0,15.469403147426267,0,10.411914039583543,49.74530853605857,2,2,0
77.5927929677193,3,0,0,77.74059734720127,0,13.621178176956713,36.968904881783395,5,0,0
58.87762506478439,0,0,0,23.394736014162724,0,21.49704743893657,43.42683834774698,4,0,0
67.3987941289276,2,0,0,66.01761259587772,0,1.5720016256268876,33.18108857959757,2,0,0
100.0,2,0,0,0.8186144713404543,1,6.958322468214437,36.70444252321195,1,1,0
51.14883988416247,3,0,0,0.7461464258715288,0,9.12084050526708,30.468284407565154,3,0,0
100.0,1,0,1,1.4875841057827626,0,14.62073142201097,14.752083910542025,5,0,0
63.55943691015883,5,0,0,12.381959341988418,0,12.947009636111481,46.41220978966447,4,1,1
96.50864218190156,7,0,1,23.41926976692412,1,4.681067521748959,26.01094305809447,3,2,1
41.86369981004923,3,0,0,46.805007857071004,0,15.564860544667912,31.46326846957814,3,0,0
81.71808402329299,2,0,0,213.1282888633006,0,52.038346215478,6.200635050288323,5,0,0
55.26459728104756,4,0,0,21.879499046581603,1,0.5492306012237373,27.3387269443317,5,0,0
41.69465616151625,1,0,1,2.8633925255990564,0,22.807855623308452,35.95683026211392,3,1,0
74.37068084821891,0,0,0,10.839449323920949,0,19.601072531743515,55.887684191242286,4,0,0
90.18943577191938,2,0,1,114.06654550282337,0,51.653112063571214,29.02690247403392,2,0,0
53.10117122813007,2,0,0,60.09527881702624,0,20.732192499917687,24.862255952597298,5,1,1
40.01968079083198,0,0,0,78.08022553807474,0,19.608198151308706,20.115287801436203,5,1,0
68.1631047133009,2,0,0,6.629061104565674,0,29.376627414775523,20.486141933414924,1,0,0
68.25129342445638,0,0,0,7.250536510337429,0,6.23419405823978,56.785634851014436,5,1,0
80.96639255108997,1,0,0,5.9530304947464,0,18.113558075377462,14.02921024135071,1,0,0
88.99189142728977,0,1,0,97.30471580898559,0,14.65527759155842,23.7844281225503,3,1,1
68.81169637455012,2,0,0,11.78406663539747,0,11.54189083794438,51.35219373651823,4,0,0
100.0,1,0,0,51.52223223254616,1,1.6564867494263569,47.290077762137884,1,0,0
74.48469489070584,1,0,0,36.30070815692045,0,6.923995950392153,64.74124570055324,1,0,0
63.07146987986201,0,0,0,34.54584670920994,1,6.569573401173293,46.09315042787195,2,0,0
37.76865281794344,0,0,0,10.872698286783102,1,25.765281839683993,33.6747697908508,3,0,0
64.74680959367664,1,1,0,50.42661907175297,0,50.67928306681801,39.29642652358364,1,0,0
63.272261091777274,0,0,0,2.2028472364046947,0,5.24775308961877,14.825238070865257,1,0,0
89.2060959256294,7,0,1,251.58484905463717,1,1.551101430797793,28.495188393123993,3,0,1
79.24967248133709,1,0,0,1.3561721911587281,0,201.06499627090673,15.519119443681316,5,1,0
46.41261756734765,4,0,1,2.5729043833062284,1,23.501574435545898,51.449587016118755,4,1,1
73.44508772822076,2,0,0,19.626019179045816,0,43.51391240661631,7.970536870502755,3,0,0
83.43062343458107,4,0,0,89.07818786066187,0,3.106880868871012,26.312755201833532,2,0,0
100.0,2,0,0,14.865696294180713,0,32.26571021084712,14.252134792574395,2,0,0
87.75007934828119,2,0,0,31.926796145446186,0,33.56758848923874,45.1297008693485,4,0,0
85.21693308622956,2,0,0,0.9070443276074048,0,3.28544286230028,32.549398064032914,2,0,0
71.20171989230327,4,0,0,4.108210800285825,0,3.5205285773615307,29.553643483879846,3,1,0
77.76624010846899,1,0,0,46.82034160383179,0,7.003954078794791,12.278313470615128,5,0,0
94.99009801412318,2,0,0,10.805819329229962,1,13.621178176956713,51.39150541193101,2,0,0
43.34445205040701,3,0,0,59.25012142737809,0,74.108233674085,16.06549724650734,3,2,0
63.01121345566088,5,0,0,76.94691633457676,0,13.621178176956713,23.924862429898624,2,0,0
54.548625024875186,1,0,0,94.96752335223354,1,28.651492143859105,29.93595481571767,1,0,0
77.58306237452248,2,0,1,7.181934297172181,0,32.700325700855515,38.0573551806482,1,0,0
94.60444351301575,0,0,0,30.395151871690125,2,9.75328160953495,25.676517855152458,5,1,1
58.06051426557852,3,0,0,146.95006690712842,0,22.950939185348993,51.553512355468314,1,0,0
70.16436265519079,3,0,0,73.93880657016064,2,2.2813022841485635,30.83254466016272,1,0,0
70.16436265519079,0,0,0,6.219260585664735,0,10.11550302738727,54.99305979732927,2,0,0
88.26947464034814,1,0,0,34.908010744144796,0,68.41412502026722,16.201010982064364,2,0,0
80.75259805899759,0,0,0,127.79688245303475,0,3.691216936596036,37.9209130855803,4,1,0
78.56372495621153,0,0,0,28.99438966155546,0,9.745805471092913,18.915737821286882,5,3,1
64.40013396251041,1,0,0,90.82851915938579,0,31.26268434813593,27.65810041812537,1,0,0
44.41938527560427,3,0,0,34.24344909839386,0,21.89777986947369,10.015092396092395,4,0,0
80.30588643248934,2,0,0,5.647891629830759,0,19.967300955951,50.62210749012907,2,0,0
53.3143637993075,5,1,0,7.999924603492442,0,38.38151303675753,50.6139183975111,4,1,1
100.0,2,0,0,2.3900097399719487,0,0.5905092222354905,48.38827938352805,1,0,0
81.41014416709032,2,0,0,10.865203004922146,0,29.49502596262757,44.425109423177446,4,0,0
58.38703394892098,2,0,0,112.03411142175459,0,42.834687750860276,71.18753918110116,3,0,0
57.772295052227435,1,0,0,52.51940651009254,1,0.3261342436123701,33.172961922326515,5,0,0
68.14111586772823,2,0,0,67.13434398117205,0,16.372527919389604,55.294301631192134,1,0,0
65.209961559565,1,0,1,48.59829357341255,0,8.572274186183645,29.85210676284488,3,1,0
92.3366755105991,0,0,0,24.43195313737362,0,1.0419293645600083,39.15405173708418,4,0,0
73.72832339488093,4,0,0,12.222262298275902,0,10.81704280396492,42.35200888038782,1,0,0
55.36736522182944,1,1,0,129.92476889976768,0,20.65818435855311,2.8056950278654256,4,0,0
100.0,3,0,0,36.16277418795076,0,50.26948859398645,28.309416860809378,5,0,0
70.98616663040445,1,0,0,32.80219318389614,0,19.379620373926556,26.67254414014451,5,0,0
85.37679351937794,2,0,0,277.39138165384264,0,38.86231256520466,29.62512202167106,2,1,0
57.83546985110482,2,0,0,24.219733334668483,0,2.5924154199264167,19.231757194604185,3,1,0
77.26231255489047,1,0,0,96.25036735110297,1,4.7276451389625915,32.47947613546572,5,2,1
76.2221998228639,2,0,0,99.14989488511483,0,70.3273599979209,35.353466912369,3,0,0
32.207014158076944,0,0,1,13.241929828454277,2,43.67839386918273,14.930597542015652,4,0,1
100.0,2,0,1,4.9821607722086405,0,5.363523195708919,30.562957714195072,3,0,0
95.81288921845095,1,0,0,185.69984506420874,1,19.403003256225666,26.275401024564765,1,1,1
62.05609367708025,1,0,0,27.747310979830825,0,9.008185446170586,48.082280920952456,2,0,0
47.95460519088289,0,0,0,0.1111395289899915,1,12.644748787081351,38.6800017187224,3,2,1
76.95123227607104,3,0,0,34.55923874979143,1,39.44810209255235,18.46043487323892,3,0,0
71.73395398828794,1,0,0,48.28722855320989,0,26.6143633989601,44.667687284944336,5,0,0
77.11337897126458,2,0,1,74.82516332860123,0,5.447793633561087,29.22920476858837,1,2,1
73.83154792388179,1,0,0,143.18445283137498,0,7.595744733973619,30.9473847139109,5,1,0
80.12481978611852,5,0,1,123.35567196883702,0,6.841651780080302,16.14400949792899,3,1,0
98.94611398783613,1,0,0,140.7838475154851,0,30.34289817104661,33.033272525869236,4,0,0
81.36206410257293,4,1,0,1.6326242727827023,0,13.470358861460207,44.170647891280424,5,1,1
49.006890021801176,1,0,0,62.2005424341169,0,60.20648725220397,26.390808299668905,5,3,1
97.25125705424904,0,0,0,12.79999558207249,0,33.93122342954234,53.70659906493404,1,1,0
100.0,3,0,0,10.385210633619895,0,4.744708308860057,43.54599248526389,5,0,0
100.0,3,0,0,80.5516012676731,0,30.830239765085633,17.483902251909768,5,1,0
47.53011933520804,2,1,0,26.989528439454375,1,14.107607931716643,33.92149548337902,2,0,1
74.8576402630055,3,0,1,124.20539391394749,0,5.852823668982311,9.350305116706018,3,2,0
28.35802593622026,2,0,1,2.1680884966651885,1,9.030130968417918,15.505909422738226,1,1,0
81.06298312758418,2,0,0,81.02009729101435,0,71.60130225091173,3.895862775518566,5,0,0
59.03599403666455,1,0,0,7.35743653090233,0,13.231475852361447,5.9091014249500695,3,2,0
100.0,2,0,0,9.714274093234906,0,25.43117971407171,25.555418759171616,1,0,0
54.507700599628365,3,0,1,32.44232686834903,0,12.966738329657801,27.15245556159129,5,2,0
36.21633924065477,1,0,0,25.175120277995166,0,9.290207658842544,33.407990573606966,4,0,0
60.5747251859496,2,0,0,33.29336478295057,0,31.833926412985303,16.552934891449,2,1,0
30.49024457565725,2,0,0,140.69264241683592,0,37.72021862774314,42.506226922244416,1,1,0
70.16436265519079,2,0,0,53.55796990595366,0,1.4920823955569271,26.794168264723762,4,0,0
28.698339074873587,2,0,0,17.146307649311616,0,6.54170118290237,34.65323580622602,1,1,0
70.56915162366317,1,0,0,9.492010295614566,0,14.180289970407454,0.0,1,0,0
28.44376360287606,2,0,0,27.240348166657373,0,7.610506544091842,30.045237501680134,2,2,0
63.594043909267164,0,0,0,30.041257338084538,1,30.610963995840734,41.80731808837659,4,1,0
100.0,3,0,1,45.976600193712386,0,2.437327841253893,0.0,5,3,0
77.2129578287159,3,0,0,15.462496683554573,0,31.969789941865404,30.494567046135003,3,1,0
52.73012790070132,1,0,0,34.54584670920994,1,19.24074754770616,18.163423467795873,4,0,0
69.37593022121833,3,0,0,5.182556955923672,0,6.832003359373651,53.10942007097405,1,1,0
70.36033744088893,6,1,0,41.10057275437309,0,8.44575705964673,10.692528446444584,4,0,0
79.45260691686812,4,0,0,48.846065381899265,0,4.039855171218522,62.41686028189823,3,1,0
42.66283273438347,1,0,0,11.58598489429948,0,5.822383458349178,49.38405833074451,4,2,0
81.85134547694662,1,0,1,87.43826073258998,1,25.26517800029278,31.703809018697125,3,1,1
15.912167367944498,0,1,0,47.78174890986529,0,9.428385112760683,8.466366465455721,2,0,1
57.40230895272379,0,0,0,51.88369845918109,0,23.262001097845797,23.11786305103179,1,1,0
60.23452315096911,2,0,0,34.43221725419282,0,14.435359151087304,40.29298389098182,5,0,0
82.66653652142477,1,1,0,120.17235221708313,0,3.140042317887821,31.654382667659082,4,0,0
70.45261705353738,2,0,0,59.196677161229736,0,13.825804028257211,13.52261169005504,2,1,0
41.88873892287427,5,0,1,24.05003903479985,0,28.250290155027184,46.61283335130446,4,0,0
50.3001374836597,5,0,0,13.630208395162901,0,7.067194755514413,28.559421092525707,2,1,0
73.97360019094813,2,0,0,3.685646538599226,0,20.887122645043124,34.24062822621484,3,0,0
68.41865316270888,3,0,0,9.037789393329259,0,4.438701999257926,44.92185537579856,2,0,0
58.41751780728507,2,0,0,245.877416123485,0,2.916682850560889,43.23371188732844,3,0,0
60.38332420976042,2,0,0,26.108393223114888,0,8.932809883275711,46.20016538920912,2,2,0
83.92335994318577,0,0,0,114.47713937975259,1,9.859831784994263,40.47935413538608,4,0,0
59.646148542615705,2,0,0,9.350789286448112,0,28.626640445709818,19.95533058126429,5,0,0
68.23817511941853,1,0,1,27.70065187707412,1,12.326639714800635,29.365468402800115,1,1,1
100.0,4,0,1,161.59611181153383,1,1.6944957626796562,50.24352099443158,5,0,1
41.526347262321536,0,0,0,4.777784324992872,0,20.102411499360727,9.766121782601168,2,2,0
32.96314536850683,4,0,0,45.06817051540943,0,12.669406408335615,13.079702836592649,3,0,0
85.67179329597214,6,0,0,125.77153051256124,0,8.058662343047505,38.118416757713035,4,1,0
56.427138774117935,3,0,0,149.47098494644953,0,32.41187906698165,28.64655875369565,1,0,0
63.63524944514759,2,0,0,93.54256152105476,1,3.353817152580168,4.8687109783275275,1,3,1
54.37687243737771,2,0,0,96.87433761027339,0,48.88581758313133,40.4844107017515,4,1,1
64.80399718464975,1,0,0,52.80393338374266,0,8.13115881015384,36.7938194408044,2,1,0
100.0,2,0,0,12.450197637566914,0,12.358621546361334,69.51536134400185,1,0,0
86.04256917236239,2,1,0,65.59248054559832,0,52.96724851796279,32.906406998298465,4,0,0
87.24447023773953,2,0,1,191.71714923988273,0,28.64591421895851,61.80052097442666,2,0,0
41.67545888414709,2,0,0,37.32038513599198,0,1.544154001262913,44.75417270442367,4,1,0
46.976925268942615,3,0,0,15.1023957115681,0,17.269073385084283,1.7708274238406858,1,0,0
13.218426810291461,2,0,0,42.60375389633999,2,7.431794414017945,30.458812251120893,5,0,1
53.81238357834492,1,1,0,58.65769067078532,0,14.205388658953119,29.03649682729204,1,1,0
89.13406372771317,2,0,0,11.677393792762,0,27.171174815484864,28.664222895124198,1,0,0
80.33893031496741,2,0,0,63.5037335843074,1,13.621178176956713,17.036248373135955,5,0,0
65.56973474095753,3,0,0,44.26781600557684,0,1.4734017872763772,42.02846198332531,2,0,0
69.55399432563894,2,0,1,47.38260869756397,0,15.099622707408408,24.83702794120154,4,1,0
56.22228914849189,3,0,0,18.26329631604312,0,0.48851112954354337,47.638135398899024,2,0,0
70.16436265519079,1,0,0,8.436722654794394,1,8.566775258931795,45.43416633525586,2,0,0
85.3175655896123,3,0,0,48.83520801995572,0,13.00292331685014,26.417914815803385,4,0,0
37.68226425179054,3,0,0,44.12261196526863,0,20.69436744480572,20.901230283569994,2,1,0
75.99295375674696,4,0,1,20.62540668292086,0,14.112768957108926,21.62441599381471,3,0,0
88.64869741909334,3,0,0,34.54584670920994,0,3.2962384349181484,30.404284577964763,1,0,0
61.69799422073261,2,0,0,21.327629340790615,3,53.82904346138091,34.833026204842575,3,1,1
84.01401224241167,1,0,0,33.65579156905403,0,21.013573982287884,23.278300567460654,4,1,0
100.0,5,0,0,184.08473653051792,1,7.624265075917094,23.77541330654951,5,2,1
67.91314414026216,0,0,0,72.1040175813829,0,67.59245305698708,34.27819508642159,5,0,0
77.86614100010647,0,0,0,95.43930152252163,0,42.83955333362794,45.49660280791304,4,0,0
55.23885832677217,3,0,0,35.22553192961528,1,3.0977877879438336,33.64887425315313,4,1,0
73.625023252041,4,0,0,37.340438782031086,0,21.30910779973394,29.58172976645126,2,1,0
79.20543249964608,2,0,0,11.428202123234286,0,16.422768203600256,33.55706365481415,1,1,0
73.89684680540276,5,0,0,63.835389923748906,1,4.283897282489839,3.061520228883566,3,0,0
49.60609360582286,1,0,1,27.373097800704492,0,5.317762973931086,26.52329208146455,4,0,0
74.12723542650902,0,0,0,67.82646033234904,0,16.59188604392392,11.150123712926632,5,2,0
99.24391877435274,3,0,0,26.301648688583512,0,7.751176270001113,21.821666123141974,1,2,0
78.97271529029055,2,0,0,5.743456042420809,0,36.015773937274226,16.276916370707873,1,0,0
89.23974378143683,2,0,0,9.500775239556521,1,2.0570340917392875,16.073271858157305,2,0,0
65.25976059974745,1,0,0,83.45145540954962,0,49.0753174939172,15.223938920394186,5,0,0
84.9980047884742,2,0,0,14.96186148114067,0,36.720817445694244,64.8800827961917,1,1,0
75.58535676433051,2,0,1,15.350341431888195,0,26.835866355275936,29.153007283661342,5,0,0
50.981785406255355,5,0,0,132.5136626813332,0,6.09160765269421,48.06603591084314,3,0,0
76.3704200959775,3,0,0,53.59398394367979,1,25.10236472218551,41.40982110160343,5,0,0
50.166066731193794,0,0,0,6.069275745982068,0,11.552481652577708,40.32683396586026,1,1,0
57.34239450230416,4,0,0,7.7500261330997215,0,20.089213625675715,38.1567136515281,5,1,0
73.78656614584749,1,0,0,15.897953673609374,1,7.4954520973981476,61.28951538342659,5,0,0
75.94488546760248,5,0,1,45.06957491600701,0,36.14044962983096,36.4128384554442,5,1,0
46.215350698457414,1,0,0,69.88302961529635,0,0.8284455622313824,3.2936711388001108,1,2,0
91.07971542365752,5,0,0,16.044465223447066,0,23.51805926844401,27.387013721187614,3,0,0
81.44012556600946,1,1,0,102.25859068991956,0,35.27875110755812,14.30571923483345,5,1,0
55.90543128778232,1,0,0,5.780654646530434,0,20.793369251799092,8.999957383452273,3,0,0
39.24830407101649,3,0,0,11.634395711901213,1,4.263660997614463,36.47474254744391,1,1,1
67.10190841837138,1,0,0,176.1088304135725,1,6.708917104464458,0.0,4,0,0
61.0811257227768,1,0,0,7.2365430113667015,0,14.468222760813651,31.629676165953878,5,0,0
72.26280914106046,2,0,0,109.51253604075697,0,7.993112396393075,5.286879185988774,3,1,0
62.73766677688867,3,0,0,60.85882544292579,0,0.0985709413395961,27.368444397872732,5,0,0
29.850862785099807,1,0,0,3.7947833371031177,0,0.8305722248959446,41.648306614005456,2,0,0
62.233061233976834,4,0,0,33.0540256898166,0,29.200405258605624,20.2049536559175,2,2,0
63.88761777863374,0,0,0,36.59225424713743,0,1.7483858947650264,12.260533870334733,1,0,0
82.67322049548117,2,0,0,134.51515440514478,0,13.621178176956713,24.89144769455491,3,0,0
56.03600650777901,1,0,0,27.331673103736943,2,11.694339676222425,39.28938645911491,3,0,1
100.0,2,0,0,29.598495516043403,1,28.391781665783157,34.55130548327574,5,1,0
31.76718898696486,2,0,0,5.966422666701913,0,2.6821648038071655,28.92522009965673,2,1,0
96.22334995605249,2,0,0,50.96777249988275,0,52.21141662577156,17.450287596060857,5,0,0
65.51362058243791,3,0,1,11.842919555401624,1,0.6878713126972185,23.89572503100006,5,0,0
87.19169744687113,3,0,0,4.035197799618731,0,0.8610137060172075,40.34516155165712,1,0,0
71.59602968117466,3,1,0,289.12505411726113,0,1.122642394181249,27.99419617386242,4,0,0
92.79111072050938,2,0,1,15.710175727383824,0,2.1830909885044676,33.63048179465146,1,1,0
62.252760708943775,4,0,0,7.602412539889243,0,13.343026161817457,24.597473374735053,1,1,0
48.027591496443755,3,0,0,60.11377471146355,0,31.049476549242677,13.047751153487123,1,2,0
98.41008574542127,6,0,0,86.20938400816212,0,6.707995519033222,60.03874958294905,5,0,0
67.73038708235718,3,0,0,3.3111298866813925,0,27.39085486010186,41.76235125715439,5,1,0
70.16436265519079,1,0,0,5.56855534902529,0,29.74980231946207,34.15952840161718,5,0,0
94.6950382808959,2,0,0,4.725085632112039,0,47.77971418928235,27.53411742486468,5,0,0
49.360895158111305,7,0,0,2.404883624289554,0,3.23513546255527,51.32532829964428,2,0,0
81.90981795278515,2,0,0,53.86061727541578,0,2.912877851337215,18.052562085396758,3,1,0
58.20210487074218,1,0,0,44.37461939890392,0,2.6043390982848624,40.04717004269949,2,0,0
67.35661288711256,5,0,0,54.35493968685534,0,8.904210180208489,30.56697272928789,3,0,0
71.44557930768578,3,0,0,35.22731150566602,0,13.443871541036573,26.062343851313074,5,0,0
70.16436265519079,5,0,0,85.0523609328862,1,12.383417527775775,25.838159027138218,2,0,0
54.42325914359131,2,1,0,39.55655986896998,0,5.942496475272647,49.587497504077845,3,2,1
97.02145784826278,0,0,1,125.50933664704012,1,19.456143678498755,1.9312479152284148,4,2,1
87.72382377169592,0,0,0,33.24242291506746,0,8.258062958404405,54.97759456626035,1,0,0
68.7472084534553,1,0,0,78.18945796467636,1,9.116744582740456,45.35718983801305,3,0,0
74.86246917025787,2,0,0,26.158437187897217,0,2.2304797019481324,30.560907477384745,2,0,0
64.11514988727085,3,0,0,28.566295015678488,0,17.941105263084857,26.443713636786125,2,0,0
97.13166771655963,2,0,0,94.52113815055934,0,21.300477483536078,29.842160045162696,4,0,0
65.99294844411672,2,0,0,5.6953934300926905,0,28.3722374681396,37.26926787270365,3,0,0
74.63684184269697,3,0,0,41.61100983803126,0,46.87006124388969,48.51621924557715,1,1,0
92.92060288284131,1,0,0,64.79279558895352,1,29.049064101500463,37.258448306202695,2,2,0
54.45257030308187,7,0,0,69.39891198581228,0,5.377040611559546,34.16941278555836,5,1,0
100.0,2,0,0,44.76237597232392,1,5.37472459382305,30.397021888823097,5,3,1
39.39077180513246,6,0,0,29.716202932924084,0,49.32260758311271,2.3518551929630007,3,0,0
100.0,1,0,0,15.108150437822088,1,31.225679909223043,5.099807729711916,4,0,0
62.546488320960506,0,0,0,120.07953406563736,0,30.487825397267372,46.50526682340007,1,0,0
65.14602504349436,1,0,0,23.084946249734465,0,25.438871117861993,37.08525826314535,3,0,0
32.19979657634114,6,0,0,80.22055055835243,0,6.217703658964165,42.41090530808937,3,0,0
60.90410565244614,2,0,0,1.6088905101158653,0,37.60005874097607,42.13527337081524,1,1,0
49.20386937946232,2,0,1,13.209295086711595,0,3.08365609540145,39.19609738861638,2,1,0
57.84707309253055,1,0,0,21.20066278529225,1,8.61620015373944,43.03232463613854,5,0,0
67.2537806842224,1,0,0,55.67219627822861,0,8.507475742607335,17.165353712556104,2,0,0
89.15583228945812,1,0,0,19.233942880653395,0,16.42561838478495,38.49481355481546,4,0,0
74.15206702801251,1,0,0,2.1121815209659536,0,12.451670292171578,36.79319174631432,1,1,0
76.15353306802228,2,0,0,9.550006306809463,2,12.316617869136488,49.84505157113843,2,0,1
48.08961222308875,2,0,1,14.998891309205545,0,16.129562238715124,0.0,3,0,0
52.3849182079454,2,0,0,9.682118600708447,1,10.737179904937715,65.8485385953562,3,1,1
100.0,0,0,1,11.390506150943375,0,5.753194289174069,42.71251298942168,4,0,0
55.29597930473507,1,0,0,73.25755909099799,0,21.820069252891535,33.84365069416068,4,0,0
100.0,4,0,0,26.554277516166152,1,13.621178176956713,15.70994203113505,1,0,0
65.13877602238267,5,0,0,25.974758518229997,0,13.039946543457885,25.625047338672843,2,2,0
70.04575872287008,2,0,0,34.54584670920994,0,13.621178176956713,35.2029763996466,3,1,0
91.40730320459859,4,0,1,29.592912543480093,0,15.329988599258,55.05621781026504,1,0,0
95.43784843877313,0,0,0,131.31761188230863,1,1.2161670927989547,52.88520006748621,1,1,0
67.78374879441824,3,0,1,17.76687038601075,0,11.001195007741362,39.28052556203321,3,0,0
62.235138929569224,6,0,0,25.593496768827332,0,0.19802713138765096,40.960642631919455,2,0,0
68.88159102955574,0,0,1,25.23251618432272,1,21.687045641487973,32.982710002096844,5,0,1
76.75915056464237,6,0,0,39.491586773871724,0,14.192096143571668,14.761313044510121,4,0,0
87.8260737373951,2,0,0,43.88323223219931,0,2.7125353891308404,18.25962106310356,2,0,0
70.08459717988303,3,0,0,14.259261543982674,0,15.626087492932337,44.469029430642195,5,0,0
82.37772596046307,3,0,0,78.8931471083641,2,45.73935423819287,40.60027226737942,5,0,1
100.0,0,0,0,34.311155833308874,0,8.325186071060319,20.754697143481135,3,0,0
77.6261922452957,1,0,0,0.35342382207359513,0,80.76166607814554,18.655436113134062,5,0,0
76.23305712009557,1,0,0,44.74366571209445,0,64.06984853945099,39.70428456046804,4,0,0
39.621783498198646,1,0,0,79.98909449405484,0,30.771188359647006,25.484087767424278,1,1,0
17.38539726341873,2,0,0,14.415229162935539,0,33.61867590028682,18.14825777233509,2,0,0
77.76751458460336,6,0,0,1.9303375701388923,1,10.571150177383299,35.129025948430694,4,2,0
68.10351537438255,2,0,0,82.29955978637435,1,10.301395525634742,40.14395204834267,5,1,0
59.70434650170516,3,0,0,187.06491323365637,1,61.75579262796889,13.46298765532044,1,1,1
74.87060408372689,2,0,0,3.9826683015237814,0,9.120318286912092,24.920365307618503,1,1,0
68.79192541606183,7,0,0,139.06073683853464,3,2.037839406510073,40.968717149927485,5,1,1
92.55560501267797,3,0,1,22.25770067644996,1,3.3140348016623355,53.61703634546811,4,1,1
71.72221736517956,1,0,0,141.88483627024127,1,24.785020904961993,34.38377062674268,5,1,1
55.06153429859665,2,0,0,52.325569694226935,0,9.657107123712784,22.357220783389366,2,0,0
70.16436265519079,2,0,0,110.4749202788055,1,4.446448763202897,17.553291631351783,1,0,0
65.65737850107595,2,0,0,77.04996557166272,0,33.61718840090617,29.970382562235894,3,1,0
80.53073367344615,1,0,0,1.4198576161696543,1,13.414938626540211,29.425929478093323,1,1,0
60.45178587614399,1,0,0,3.38410631186115,1,16.76998981869763,0.0,5,0,0
57.003462290051274,1,0,0,34.54584670920994,0,3.343521133758811,4.555172349176651,5,1,0
71.68336460371393,1,0,0,6.9412127481546655,1,4.282541479210079,0.0,3,0,0
70.2565728708737,2,0,0,34.54584670920994,2,13.621178176956713,30.220349915232052,3,0,1
79.59654070733666,2,0,0,154.6455382993114,0,14.45328300198835,45.78523779386718,1,0,0
64.62708493380515,2,0,0,34.54584670920994,2,29.891584011374697,43.670823868715395,5,0,1
33.27280432459205,0,0,0,33.560744445747744,0,26.356664162553407,10.806533269856335,1,0,0
61.34452232823223,2,1,0,24.246494083920226,0,6.055394970615318,16.247562144954912,4,3,1
85.87636934287632,5,0,0,49.689235923538035,0,38.15016687114374,10.470688495847803,5,1,0
64.05247841513787,2,0,1,10.773958062412607,1,2.2334042250591537,31.3343741622662,1,0,0
65.07233194970904,2,0,0,15.051152789498559,0,2.4218945921982695,43.87793355193001,5,0,0
89.72753011811875,2,0,1,97.86751491402529,1,37.84985183660702,47.06288117436959,5,0,0
55.76053545482154,2,0,1,83.38944051894714,1,5.60538063917357,19.80468451314549,2,0,0
39.14393563514201,2,0,0,77.83982746176474,0,24.627965673016377,31.655226827719034,1,2,1
66.78737760949011,4,0,0,73.68411430091666,0,0.1824212526403561,18.83729060307829,5,0,0
60.316520975025256,4,0,0,30.757250140990955,0,1.9655154061039413,30.34572193528804,3,1,0
50.67507360493492,3,0,0,65.2616742959974,0,18.79572754433162,20.485418682629366,3,2,1
66.49243088202618,2,0,0,24.486226132475856,1,4.02803148012509,21.605155841551216,2,0,0
79.83011294493568,1,0,0,5.307462452950435,0,0.5723868115205082,10.16712694196588,5,0,0
69.81422876864369,1,0,0,24.99219402638601,1,12.582679323060583,0.0,1,1,0
76.13962145372476,2,0,0,8.638151920280993,1,8.025094662152076,24.27185415864247,1,1,0
100.0,3,0,0,24.78467475826341,0,32.41573415005112,35.08149286906214,3,0,0
63.14242276884872,2,0,0,17.650171422035893,0,34.166277864503584,33.06070483041391,4,0,0
75.56697269289339,2,0,0,45.70972989842192,0,19.060293593712608,7.548908139817442,5,1,0
59.81573274801731,2,0,0,22.434845154144252,0,6.93544691947265,0.0,2,1,0
53.072805602260544,4,0,0,61.139039096968226,0,12.384060054715235,28.803566821501818,2,0,0
58.301846931644604,4,0,0,35.88702471141496,0,24.230426262330763,12.606068361365498,5,3,1
60.42482856956623,4,0,0,125.97010900471012,1,1.4365495571332618,23.244476851516765,5,0,0
77.1895159509425,4,0,0,4.771908343987344,0,8.084230533240058,12.46470992517812,2,0,0
100.0,1,0,1,58.19102188043029,0,34.5610171997241,6.660140099913107,2,0,0
55.6791312744832,1,0,0,55.797619791082965,0,10.4184802338976,47.55683301060557,1,1,0
61.66749388769075,0,0,0,150.4171198128012,0,19.59888683005349,36.898671183251196,2,3,1
68.73753973777504,1,0,0,23.225088974317085,1,2.02591728746978,29.62735017279559,3,1,0
77.91597697419495,2,0,0,18.22369021535241,0,30.01579391043863,43.328911511878616,2,1,0
75.2710162390957,4,1,0,9.460870584949129,0,2.11755720997948,30.262191806872547,2,1,1
95.68191587896234,2,0,0,15.413869736541367,0,39.54134625922884,24.32305608853853,3,0,0
21.472158589295837,2,0,0,34.84679470950999,1,2.2544407926031536,54.869953768915146,3,1,1
22.261402596086548,4,0,0,90.91943359264305,1,44.30848112518728,55.846245461506534,5,2,1
60.08243655979702,1,0,1,16.723773817371658,0,9.043898962231962,14.862444587992895,2,0,0
91.94600375087418,1,0,0,8.58345184393277,0,19.59157306804665,34.09082723405885,3,1,0
38.687039367888076,3,0,0,15.881535880703076,1,37.48768185659428,32.155420991620666,1,1,0
9.847353206124858,1,0,0,5.31955093488072,0,0.20588450357032123,42.94279680049086,4,0,0
81.42358812438417,2,0,1,130.65660693647308,0,6.1765660297846114,14.114621781883113,3,0,0
74.87314447405429,1,0,0,103.03065650643535,0,47.79301771128913,49.1394620944412,4,0,0
48.1958318640114,0,0,0,18.444007480978303,1,9.82621437103954,16.128541182596265,2,0,0
50.2892079855814,4,0,0,14.18369353058889,0,24.509099780024357,27.977702081063164,1,0,0
50.60512560730651,1,0,0,117.90347053894523,0,3.0167381723198012,12.953573302712172,1,1,0
72.2107063494788,2,0,0,0.08867615418485175,0,22.687168830128886,21.975375476147434,5,0,0
57.47369447633986,0,0,0,45.88677975824723,1,1.5195080441186701,14.47756574258186,5,0,0
79.88127837951039,1,0,0,123.84916271519577,0,25.26915891193694,15.675261281159544,2,0,0
12.907466741912181,1,0,1,35.52051562373821,0,7.82547431084046,41.58384840934071,3,2,1
52.86296269744402,0,0,0,0.1485684874792416,0,12.541483844638648,29.34316620930781,1,0,0
47.478920781778996,0,0,0,12.350775981247958,0,3.636677857635971,59.91226595618687,2,0,0
64.87318643255016,4,0,0,127.83619996281845,1,13.621178176956713,26.7263527614439,2,0,0
59.23904483019723,1,0,0,0.8584485539358669,0,8.23673615022452,18.21301188765039,3,0,0
85.95687559791533,0,0,0,25.10814320777877,0,9.669884584773298,22.136024918958135,1,1,0
32.81326456679885,0,0,1,77.97164488020341,0,21.122146699726528,27.684244646084313,1,0,0
70.90982952661504,4,0,0,91.0360395484974,0,3.9412736677271103,34.67898592250038,1,0,0
81.16672846423411,4,0,0,32.46684430529317,1,38.21206197455899,23.994948039783765,5,0,0
100.0,2,0,0,13.2297814682113,0,26.88665627099208,10.672535289227845,1,0,0
60.364680578130496,2,0,0,45.77763992147112,1,17.24220733085327,44.00528935833466,4,0,0
76.48917208705033,1,0,0,15.31118090818163,0,2.7469577140184898,48.28334700405216,3,0,0
33.9227441487527,1,0,0,14.736291612297316,0,23.23805222421102,23.612647852120613,1,0,0
22.160875913739524,1,1,1,82.40887555030166,0,0.36530338643883503,52.28906799003134,3,2,1
86.895487515634,5,0,1,8.377509743710657,1,32.63324114122782,22.428064354313264,3,0,0
69.8887941270386,0,0,0,0.27683890539246964,0,7.2422999074852745,45.63838938695248,4,0,0
93.57025379596845,5,0,0,34.54584670920994,0,2.4933937731399665,15.754070711557493,1,1,0
42.53194222060502,1,0,0,33.76280473860972,0,3.594234205509812,65.60140361959805,3,0,0
80.39804279057505,1,0,1,61.05262373403261,0,66.00952743224683,3.6232578963249047,1,0,0
100.0,0,0,0,75.96049890677982,1,29.72940395199773,13.495887219147214,4,0,0
78.39411216714532,1,0,0,54.46071112815788,0,5.432814468280714,62.96899037731612,5,3,0
75.53163011182097,2,0,0,49.24305253204254,0,66.19037218319873,4.325832843725905,5,0,0
70.171121616487,2,0,0,54.793112023882614,0,3.0191945089591536,26.28906636211651,5,0,0
38.582370857481756,0,0,0,15.840202712898716,0,26.44966298075691,22.07385284928254,5,0,0
97.11145871420696,3,1,0,24.09258287494404,0,21.385320288084422,30.466381690131133,2,0,0
57.78284720389868,3,0,0,47.912504715258855,1,34.4607311907348,33.822973701168266,3,2,1
80.08966512766034,3,0,0,3.3909633975591706,0,9.615588666321855,26.418578580184036,2,0,0
38.739313868574925,1,0,0,17.500953607342623,0,10.27778819105557,41.10996505432583,1,1,0
46.410806709844394,1,0,0,34.54584670920994,0,19.593506031679123,51.17886509223871,5,1,0
98.70174798444471,2,0,0,38.118505659796966,0,10.156793621505102,21.284957406267935,1,0,0
63.05395422084314,0,0,0,33.32352028716926,0,0.8446033085163644,3.188139645006274,4,1,0
99.0655095208509,2,0,0,63.315798522807555,0,26.165050811521393,19.88348972119671,3,1,0
68.43538681882964,2,0,0,32.06823445700267,0,20.485653191856194,34.49794232426055,4,0,0
33.16204454084285,1,0,0,117.23810015875371,0,11.022983071502278,32.43078993436296,3,0,0
87.84135199463441,0,1,0,23.927469394537248,0,7.214507313232003,43.23028848800729,4,0,0
58.202153644887844,3,0,0,37.26116603047199,2,7.734609204079277,57.94922407547314,4,0,1
83.97377627034086,2,0,0,0.16077769793760402,0,27.020754793034683,33.17482844784839,3,0,0
70.50421735080164,1,0,0,18.587830595673392,0,26.124605675059986,23.901131761891477,1,0,0
39.13763544114259,1,0,1,100.71002985771437,0,34.176152658234585,19.095816541239486,4,0,0
73.28589530741138,1,0,0,20.291488324119285,0,28.72485989295123,27.20118585381081,3,1,0
100.0,0,0,1,14.596978358866702,1,28.37174019185872,42.769058461249124,3,0,0
79.85972917028919,3,0,0,39.212377571530084,1,5.80098367849574,20.94373258801683,4,1,0
68.84964493989074,3,1,0,4.100111646767191,1,2.1430770010620384,38.9472806478575,1,1,1
91.50686803913796,2,0,1,37.92218015098487,0,13.621178176956713,13.731864665510287,5,0,0
74.21336930406221,2,0,0,18.096277947771398,0,2.0765231933684163,29.72075355100408,2,2,0
74.19068460525588,1,0,0,24.152651364389484,0,80.47183873060203,6.762396487828617,5,0,0
48.16749655681795,6,0,0,78.3584493021564,0,41.60311872798086,21.485574659014162,4,0,0
74.67696051579196,1,0,0,54.23014676802694,0,15.248299021757257,52.16949633522387,4,0,0
70.16436265519079,3,0,0,29.539105720385255,0,8.682958044794342,33.9081644124013,3,1,0
53.278756957999505,1,0,0,43.08022218911272,1,14.966561952965332,28.00000896802516,1,0,0
98.48991642493895,2,0,0,72.80554043696392,0,26.507886507744335,34.056014490332295,1,0,0
68.16587951709748,1,0,0,68.47849886654616,0,28.238806802362987,37.71613023777287,4,1,0
52.244609769229186,0,0,0,10.248099027149676,1,1.5304083353443207,34.865334830685846,1,0,0
70.16436265519079,2,0,0,17.899449059611495,0,32.68015537790504,33.426779796318584,2,1,0
64.26411528523461,1,0,1,21.403708707509924,0,20.516369573662814,15.039954895889126,1,0,0
85.19029774972216,2,0,0,10.384570768489079,1,0.8285188268802958,7.816544377427725,1,0,0
64.16482735482926,1,0,0,0.6118004787045374,1,7.513113322688327,40.900594154612946,3,0,0
68.80347712940193,3,1,0,9.556044004129452,0,14.293193219170952,10.36981332743165,4,0,0
79.87120408668584,1,0,0,82.57666270998554,0,4.176222366864187,35.479546121252355,1,0,0
75.81794115180011,2,0,0,39.47414395461646,1,3.374066834020473,45.1165614550678,4,1,1
30.08936439096523,3,0,1,20.90153834186809,1,0.28768243673706423,14.53938232666738,1,0,0
47.57512519811216,6,0,0,46.86862566471926,0,48.50650040178956,20.15503083644789,1,0,0
88.58819969581631,4,0,0,67.3217935976779,0,1.1548695703657836,27.696414297423843,1,1,0
67.35726822196905,2,0,1,21.88090986856687,0,9.114486792693448,16.693492685096825,3,1,0
59.52537394457156,2,0,1,31.3749801265733,0,4.607684971953242,16.455131529724586,1,1,0
42.82851969485051,0,0,0,3.3183812020815537,1,27.02110066402271,22.00123181521071,5,0,0
48.40527357448303,2,0,0,45.452169894419946,0,24.56426197912154,18.43724040728539,2,0,0
29.564027200761053,4,0,0,22.034444435527515,0,32.82088462023021,37.294195277948745,1,1,0
70.16436265519079,1,0,0,28.41599713615096,0,19.18439792153435,31.173617500223123,5,2,0
58.03124838837906,2,0,0,27.461054098857996,2,13.621178176956713,8.300768805496705,4,2,1
50.668242180293696,1,1,0,50.03925787169804,0,10.454952028311567,55.92171047496853,3,0,0
68.63753149664093,3,0,0,42.48599694064348,1,20.231746741400055,25.524020349263367,4,1,0
77.27941261705476,4,0,0,27.418245040249662,1,2.4479992071470575,28.961697128083717,3,2,0
100.0,1,0,0,0.855020175712101,0,23.072746486061323,22.14969112625105,4,0,0
39.76233160873573,1,0,1,48.506021831548104,0,2.1940152597879985,29.83452571553733,4,2,1
93.18762086601043,2,0,0,105.83743354344664,0,39.57237207016839,16.4015420886089,2,1,0
89.46203122030144,3,0,0,73.38640897564898,1,14.09155748761053,9.697596477749244,2,0,0
54.41814521246599,1,0,0,199.81272771363112,0,15.11564488197861,25.016418771566855,2,0,0
70.16436265519079,3,0,0,7.4874139493792455,1,17.582673807796404,51.5168763526364,4,1,1
60.847335013247694,5,0,1,12.584871331418263,0,29.926872500749347,38.44726897964013,3,0,0
73.71377160837478,4,0,0,38.74687946105747,0,13.019793406250354,48.27355394335107,2,0,0
100.0,1,0,0,13.451633096897167,0,11.157927916407978,21.373681569815915,3,1,0
82.11212465262626,2,0,1,1.758036927407967,0,6.8029163087784355,17.752675376271867,3,1,0
70.16436265519079,1,0,1,25.732335421351294,0,2.7402196612224916,22.272100283070344,1,0,0
61.39381360090715,2,0,0,16.958926156444267,0,4.222880219525255,37.70631992543353,5,2,0
40.3188667015133,1,0,0,15.310013753534651,0,0.010559660887050681,45.30269993002595,4,0,0
65.83063578919185,1,0,0,153.06457059307127,0,13.621178176956713,25.85298524989284,5,1,0
94.1321630972783,5,0,0,13.62024270251955,0,13.621178176956713,8.932695482814285,4,0,0
39.45664286820705,1,0,1,6.930503145430814,0,4.93547181119861,44.611790643072155,3,1,0
48.8982126364661,3,0,0,6.694816269239219,0,0.047859028427275005,46.64814527900122,5,0,0
72.52535472468136,3,0,0,82.0784499314557,0,13.550056083894827,37.67105866307374,1,1,0
50.30690430305475,4,0,0,34.54584670920994,0,10.640072706104316,51.43159746227766,5,0,0
54.14953105769575,7,0,0,6.933583092457833,0,29.92277574253503,1.2617331736002697,5,0,0
61.528028365436455,2,0,0,12.407244754876718,1,10.313263004963783,16.1483836258058,1,1,0
42.68765191619701,4,0,0,68.7861237366948,0,39.918604090614295,30.30996327311766,1,0,0
50.51756307567263,2,0,0,16.052732880995077,0,2.0149396890114395,14.134172761583848,2,0,0
84.06855833574618,2,0,1,199.6130734975356,0,9.109650217493616,43.76090492650755,4,0,0
43.85260435538072,2,0,0,38.888441664922404,1,54.344109258756006,12.358049053271294,3,0,0
38.04255731010325,1,0,0,34.54584670920994,0,0.23597914120614574,50.168507768580945,5,1,0
57.399500409322116,1,0,0,97.88189159340723,0,9.911825953008739,17.265567194407126,5,0,0
84.63911005019692,6,0,0,19.244576102180318,0,6.014083465056098,50.996520580078375,3,0,0
66.0615638400622,2,1,0,17.04059683012396,0,15.179788514434268,17.6362141682023,1,2,1
60.708378437687635,1,0,0,19.833289306088723,1,6.535855094234276,0.0,1,0,0
70.88717595031214,1,0,0,73.09342384027192,0,40.79027471942738,32.117604392302056,5,0,0
35.08585134280696,6,0,0,9.51040568749744,0,55.336349074925046,40.216258907757656,5,1,0
70.16436265519079,4,0,0,24.04601238530567,1,37.82730444999969,14.432209715786898,3,2,1
77.66870062807288,2,0,0,1.5659052437607457,1,10.168830866509628,53.776106901145795,3,0,0
61.813830518085574,1,0,0,87.61538645056591,2,91.97137156501182,50.528930826787686,4,1,1
90.11849023592833,2,0,0,20.83025386277803,1,26.56325012504315,27.348630964970067,1,1,0
47.45007802093923,0,0,0,14.262446401387447,0,8.788989918284889,34.77706966889307,2,0,0
70.16436265519079,0,0,0,43.36232075919856,0,1.967539619079606,30.233457516212724,2,0,0
73.08987331190502,5,0,0,61.03762051567912,0,21.995043745017956,39.834791201848134,3,0,0
63.26894820243653,0,0,0,83.80454328588209,0,26.08083167689571,42.76983117062883,4,0,0
69.60252729263377,0,0,0,21.36904666242642,0,2.6126350503937132,5.15281789719031,5,2,0
67.85470468378116,4,0,0,83.6457432348526,0,15.958439657682309,55.154464165565486,3,0,0
94.40565792835434,1,0,0,31.263306380380623,1,86.99193864932356,47.80639883156637,3,1,1
48.466417450579726,2,0,0,5.331525395903766,0,7.897688702389663,14.30804189943266,3,0,0
54.74961521706803,3,0,0,93.64006567624794,0,7.187715797354107,51.78139232851022,2,0,0
90.7260578414496,3,0,0,39.66327106081144,0,46.72328553815685,58.6642815143814,3,1,0
58.089301296322816,2,0,0,46.12418996287027,0,2.498027223511513,4.276270824117773,4,1,0
88.01066154663184,5,0,0,138.62245235552862,1,54.2193400292001,40.3102957345636,2,0,0
100.0,3,0,0,40.952698290483426,0,30.235978045002156,43.78342972720612,4,0,0
61.96409946116733,0,0,0,0.27995884265922466,0,9.913499826102596,35.47345863100696,2,0,0
83.6272465315061,5,0,1,102.24846616446881,0,1.7449034394888043,47.55533911897467,4,0,0
46.926154373202834,2,0,0,16.75623287334217,0,0.3872151402818743,32.992515248264866,1,0,0
85.09466596135618,3,0,0,34.83436404477061,0,9.426688573341037,37.42081480826782,1,2,0
73.98847971973534,1,1,0,11.463526810607833,0,24.43958465948933,1.498530412574823,2,2,1
79.4607656432043,2,0,0,17.618750699043133,0,13.37023142969568,20.147767627474515,1,0,0
57.088558559292096,0,0,0,58.021541306597236,0,26.83804032570417,48.98067076028829,5,0,0
36.77833168865655,2,0,0,28.068534559706627,0,22.20787934110161,19.5584160212564,4,0,0
80.0650412949901,1,1,0,49.32635683570848,0,17.015078685249993,29.15207334479418,2,1,0
28.731936950410912,2,0,0,86.74316702776213,1,68.52973809314751,13.061435055887191,1,0,0
63.652990155149304,3,0,0,20.838085419389706,0,26.067351480347632,20.038849282233073,2,0,0
88.8236373283994,2,0,1,34.54584670920994,0,49.21133350299642,35.0755736961643,5,0,0
73.83795471746072,2,0,0,75.16116409077202,1,5.545674841156828,27.918886284248607,2,0,0
100.0,1,0,1,62.784922374694574,1,25.010084302414835,2.7269875747843884,2,0,0
70.16436265519079,2,0,0,38.80942454229789,1,18.21625842100459,18.66141862780324,3,0,0
56.92203223348847,2,0,0,24.175401081777732,0,51.61851117909039,50.900706375798066,3,0,0
70.54626759702877,4,0,1,26.17038749158178,3,14.285496825580617,46.04545542337525,3,0,1
69.05258594911128,1,0,0,28.381723641094258,1,6.5601221258660605,30.479917660448205,3,0,0
38.35646473307746,3,0,0,21.450419109792797,0,9.717423848202444,35.040826139871754,4,0,0
51.19202167031294,1,0,0,60.04481622561799,1,4.9392446818980655,20.302907398145106,5,0,0
58.784781860402795,2,0,0,6.700303964768202,0,4.96853487457268,50.78443113031206,2,0,0
29.27558994288127,2,0,1,171.25522574392485,1,12.713480686075993,26.060000183745917,5,0,1
70.94986936503285,0,0,0,75.47634888386825,1,44.61809929637714,11.527267920587093,2,0,0
65.01856310693918,1,0,0,17.70270849892815,0,4.2606305830830395,4.471592486246426,3,0,0
36.542121973768516,3,0,0,2.1739619930932808,0,6.789896339842426,3.880656372618372,4,1,0
78.08425730554664,3,0,0,62.118909043503756,0,38.3448386782056,18.10912261324939,2,1,0
84.31745489381919,2,0,0,66.28048375557117,0,8.287784524039855,54.705309330462725,2,1,0
74.54068957729778,1,0,0,165.69039328422207,0,65.62215456042628,70.10264649996039,1,0,0
63.518636495820594,1,0,0,14.631753085523853,0,6.264655285073614,46.029960268043766,4,1,0
81.8288430350371,0,0,0,4.317402953728988,0,11.673067555437399,3.852875824421041,4,0,0
83.60440720953382,1,0,0,123.33453327335377,0,2.0098905691638853,13.274256389573722,4,0,0
76.14807139439377,2,0,0,14.964056415862864,0,97.01066366650431,13.354843109253313,5,1,0
53.50775499130478,0,0,0,63.92250713863594,0,44.17134129418245,25.70747884850785,3,1,0
75.53201531022361,3,0,0,3.1288696212192155,0,13.621178176956713,17.383411747382,1,2,0
93.90961301650958,2,0,1,71.47780082974913,1,3.4238931134250263,39.34329759726874,5,1,0
58.067418827765394,4,0,0,6.792469405767135,0,69.7077109990773,25.71792634422925,3,0,0
100.0,1,0,0,59.468390262695316,0,52.94416919031468,43.12185138595408,2,0,0
59.487381320292315,4,0,0,38.00101300400755,1,11.442372949009336,38.929361431595574,1,1,0
70.64814026680273,2,0,0,155.5999697151776,1,22.891262621773237,49.66081454630667,5,2,1
56.550288079873276,1,1,0,1.880817481670667,0,97.74649179590325,19.05155588880939,1,1,0
74.46541671840522,5,0,0,17.269001882938472,0,10.544020078761152,44.301480297095225,3,2,1
35.15556614729449,5,0,0,3.602139316242154,0,2.3992361528612265,18.694869494326078,5,0,0
59.07916402366558,2,0,0,105.67997089214427,1,40.46561554584805,29.176356881643414,5,1,0
48.15757599302866,2,0,1,45.05793425620151,0,12.9437964406329,17.47709758296998,1,0,0
72.70676695784582,3,0,0,38.28262628810123,0,86.80918133428835,35.313471550460946,2,1,0
89.88894751017816,3,0,1,7.046960550889095,0,16.009876029051817,49.875126225614174,2,1,0
82.92012374229103,2,0,0,33.57244083140979,0,0.5984159890301487,47.55545985254479,2,0,0
22.566812782822154,3,0,0,25.433368987203643,1,13.534730051418567,35.39255086731278,3,0,0
100.0,2,0,0,18.9717330632299,0,25.321370981733832,27.892187599811646,1,1,0
75.90559881241737,0,0,0,73.96193729097313,0,0.5274961118427693,29.73170409044196,3,1,0
54.47001719014,2,0,0,3.1616907562872996,0,10.66990342338499,52.91383793930491,3,0,0
73.14255837981882,4,0,1,34.54584670920994,0,13.621178176956713,17.37603052194263,2,1,0
73.52379645005385,0,0,0,86.5783087722219,0,20.605814826572022,36.99226076097527,2,2,0
56.66302566096873,4,0,0,118.92326866270828,1,63.09261354991695,46.87058062298931,2,1,1
73.95833334684151,0,0,0,68.50463493797973,1,19.59445888022755,29.86454040309445,1,1,0
57.850554247593855,2,0,0,16.59602808149844,0,23.740852401391184,43.900618435326,1,2,0
70.16436265519079,0,0,0,45.87800943013777,1,10.102269398676235,63.25888357729632,2,1,0
56.27441728489831,1,0,0,7.622816439222106,0,16.56288980869995,28.613607736318087,3,0,0
41.34657420520695,2,0,0,6.224936864887347,0,15.69900955959138,26.179489888245314,1,2,0
72.91672940430767,1,0,0,50.891835238339155,1,28.5095494258964,33.31543986422032,5,2,0
81.70598873032677,4,0,1,95.22658740818197,1,38.88585973019771,37.35449599569687,3,0,1
80.29767192152744,2,0,0,3.48080287240061,0,21.746679232506345,49.99624088817548,3,2,0
86.39850505270468,0,1,0,5.602683923154239,0,78.05017016701767,48.87040105141779,4,0,0
76.48680420029737,1,0,0,41.69031661973429,1,35.23877820256813,34.941332795034526,1,0,0
59.34549003566193,4,0,0,12.308574858122137,0,13.621178176956713,0.48867495976886843,5,1,0
86.79327728862378,6,0,0,47.314064673139825,0,14.164217342043807,8.257295956867313,1,0,0
42.8496492031613,1,0,0,12.07453078284327,0,46.70962135906532,44.54549040067085,3,1,0
51.986572349750396,3,0,1,6.192179241704608,0,57.6248241140845,20.557016860316917,1,0,0
50.71599857153511,2,0,0,39.43611781175974,0,13.621178176956713,45.647073192106866,3,0,0
91.6011211827862,0,0,0,99.09583191214224,0,25.870953759786826,42.37152465192697,5,0,0
88.85577028280152,4,0,1,57.77849641595846,0,10.571154365747953,27.22316770961365,3,0,0
79.7461047408999,3,0,0,85.38704112196169,1,2.640016369406492,17.62548161881176,2,1,0
91.43859730423594,0,0,0,15.485149775909262,0,43.18897785278772,27.458756330936247,3,1,0
52.414344351760235,0,0,0,108.56847893980084,1,53.751168788716974,33.03913614388644,2,0,0
76.97190239721961,2,0,0,23.66358213557541,0,14.053873322530578,9.254298179355374,5,1,0
67.49651143233672,3,0,0,95.67861859684818,1,0.3695417130271452,43.92886892249771,5,1,0
86.93764207769829,2,0,0,31.85494153358877,0,33.86033110873346,40.523456815793644,3,0,0
67.69551534895605,2,0,0,15.589015655441488,0,13.621178176956713,32.80638431548962,2,0,0
62.30114223179838,1,0,0,15.072746281306182,0,1.559843974826739,32.86104645114416,3,1,0
80.8181703712198,3,0,0,41.928059995491346,0,4.199401153055398,51.33172935156469,5,0,0
87.52338334382466,3,0,0,4.115319696825144,0,3.3003076899526844,19.01521663099816,2,1,0
56.63309610306396,1,0,0,133.0031569584452,0,23.18501593950101,24.654268583477453,4,1,0
68.77848657295247,1,0,0,15.835877287323253,0,13.621178176956713,30.93693424004965,4,1,0
48.831187327166944,2,0,1,20.445412785613655,1,2.732220133984024,21.302158699450565,5,0,0
20.03877965014121,3,0,0,13.283085747511544,0,49.935251382010925,28.08578897568557,2,0,0
74.00919262827458,2,0,0,0.1506246783219654,0,62.71417192540891,6.367369713475711,3,1,0
82.17810712509264,2,0,1,58.9721788409054,1,2.9833659485766373,24.289258299997865,5,1,0
75.24133618173451,1,0,0,44.647378424440085,0,5.2334222810918005,28.192797066117837,5,0,0
31.008765644912657,4,1,1,82.94310567986851,0,17.935680594955677,18.769970647733626,1,0,1
62.98301139847051,1,0,0,2.0937719104352364,1,3.2623315610460795,49.41294911551107,3,0,0
25.633044798978375,0,0,0,132.01185257400087,0,3.4535646985780186,36.557130876765434,3,0,0
97.3940221530837,3,0,0,20.090111735876643,0,8.206820775340839,28.357714837765055,4,0,0
48.27890835763828,0,0,0,122.13252501133178,0,59.5855019239448,21.032936860577472,1,0,0
70.16436265519079,2,0,1,5.665797265190082,2,65.637482045817,6.904842949094736,3,0,1
88.91739287368291,3,0,0,68.11338269896565,1,36.876419044617144,19.763700246205204,3,0,0
51.98819294927877,3,0,0,43.298685677040055,1,23.795673485504686,30.995110464615042,4,0,0
47.3443009746451,3,0,0,22.17324313643969,0,25.507469004729852,28.92557633949447,1,1,0
77.00740432772676,1,0,0,4.122493240689022,3,12.681452812111843,18.750159334954454,1,1,1
53.11351925633858,2,1,0,46.41013363949804,0,15.107032689695012,55.07266575563088,2,0,1
72.04969284316415,2,0,0,1.3397851342798912,0,20.127189739840034,46.442258695857326,5,0,0
60.34344818386163,0,0,1,34.78573360195977,0,26.282200687894004,23.43146374562194,2,2,0
34.376831710687334,0,0,0,34.54584670920994,0,2.037247769585258,38.77113170744479,1,0,0
25.39063961751082,2,0,0,65.93622457467127,0,13.621178176956713,49.44723600569137,4,2,1
74.53368496989194,2,0,0,237.42105718810816,0,65.90606347231562,35.215501041561176,2,3,1
58.768845073387496,3,1,0,15.061587033939283,0,8.163643884732867,27.510325849282747,4,0,0
58.93820366171735,3,0,0,19.459155708566733,0,6.252456078512818,2.800984202877352,1,0,0
83.9172767818757,1,0,0,20.862616271018613,0,10.960559656981593,28.9918881691623,4,0,0
93.4688455326489,2,0,0,65.76062320533181,0,6.8757596431342725,18.6417600674689,2,0,0
64.54910557276382,1,0,1,134.27966399000545,0,1.9121687217069694,21.087913597378083,1,0,0
63.18802586180277,1,0,0,183.10944112820357,1,4.662896249867231,25.19639696889767,1,0,0
80.00286066227767,0,0,0,145.76420538122278,0,20.44190456499967,26.69093597184912,2,1,0
42.86128860600849,3,0,0,105.75675533653362,0,5.05099814763312,24.348584667122903,5,1,0
74.46306109495394,2,0,0,235.40099182888247,1,20.863581722368437,9.98704513620445,2,1,1
81.03771943644308,2,0,0,23.575896908407714,1,2.109008058472867,3.767203764002229,2,0,0
83.60460416835258,0,0,0,148.1354980802311,0,0.8555687586734467,42.35312423963185,3,1,0
31.2649459499507,3,0,0,71.56876276040461,0,39.54747512518585,55.483439791826406,1,0,0
54.772894603821186,2,0,0,34.54584670920994,1,28.544510193752394,31.564921285039443,3,0,0
52.43473494353067,3,0,0,2.3265582450866926,0,21.933943444279524,13.57193648811905,3,0,0
71.99773908818426,2,0,0,34.54584670920994,0,0.6277336344161559,44.849580169290526,3,3,0
79.61489159535968,5,0,0,75.42335383165015,0,5.47174242991245,61.06565350080018,4,0,0
99.93420814891962,3,0,0,49.94244937702954,1,33.459733367259076,48.202573538536996,2,0,0
60.10069039263854,0,0,0,12.70309793669982,0,3.1253037946014977,50.183284880960215,3,0,0
60.04855003381572,3,0,0,67.7245650179746,0,33.51726450421586,12.482847421779532,4,4,1
92.99344037757494,2,0,0,7.618078030026937,0,17.552631878897433,21.542216437537682,4,0,0
75.9315387706061,4,0,0,34.54584670920994,0,26.969829035895444,48.10508380120761,1,2,1
95.35303022375948,2,1,0,79.03304262122668,0,20.68499882384262,11.886983071572022,2,1,0
75.77456006019672,4,0,0,179.81678341903276,0,10.791004397293978,21.695504092489003,5,2,1
46.85766762573458,4,0,0,8.142394158050132,1,6.905583854334899,32.835812562012045,2,1,1
43.33743290444387,2,1,0,34.54584670920994,2,22.339345016505913,38.07094221909537,4,0,1
38.96975501882142,2,0,0,20.859377187525702,0,32.89227604621898,25.874290941444098,2,0,0
70.16436265519079,3,0,0,26.897840480969293,1,0.9152803109863215,30.154535877602747,1,1,0
93.77193646174015,2,0,0,34.54584670920994,0,9.557778612767505,32.47815083917759,2,0,0
100.0,2,0,0,49.29598311981666,0,8.638125834695122,26.594903097763797,4,0,0
86.86210664646481,3,0,0,262.60385699292885,0,16.395572786694185,22.46456028277342,4,0,0
93.25677155069971,3,0,1,45.80938724077936,0,2.419074909690756,28.172020264671815,3,1,0
58.399673346926306,2,0,0,130.67055666789298,0,54.18684374892872,21.880601459711208,4,1,0
46.871683665122866,2,0,0,14.720445823319045,0,15.904052986315516,43.39392263486894,1,2,0
87.00158664835106,2,0,1,25.409094560026585,1,51.475492833262145,34.584095299797816,4,0,1
78.35361504478801,4,0,0,35.1093487771339,0,33.95892711245587,28.90121060344418,2,1,0
72.14888748681786,4,0,0,19.496962259218524,0,4.254927354687458,26.42010060990826,5,0,0
77.7474296126598,3,0,0,188.3249780222443,0,2.839084155415785,45.64643522031166,4,0,0
76.46370964916412,2,0,0,64.67364631044774,1,39.50166512187017,24.48336648842235,1,0,0
95.67633719707123,4,0,1,32.58887661099691,1,15.361734940706608,40.876327127794426,1,0,0
95.89971169633912,2,0,1,69.57634157434623,0,0.39880479240355304,47.776588358205125,1,1,0
80.88440704680694,2,0,0,31.503220214245864,0,54.430840690708536,37.385446347507056,1,0,0
86.91605745125857,6,0,0,0.8687704644908282,1,12.81217241368443,5.810149465506331,2,1,0
80.28125104849552,1,1,0,39.17475947530737,1,7.160268264424508,23.643678122378436,3,3,1
60.776605359307624,0,0,0,49.066164586264726,0,14.538128137107169,17.18320883918627,5,1,0
85.1312934982628,1,0,0,198.71465498578797,1,34.622891633508075,12.062919189285509,3,0,0
42.11009862281477,1,0,0,2.082410967740994,1,2.3372557226231767,46.371556315170466,3,0,0
91.07783104591766,2,0,0,35.881928808941694,1,8.89242304806144,35.6776110261729,3,0,0
46.1095412046793,0,0,1,5.1656172134775264,0,7.679944223033328,0.0,2,1,0
75.71606573589466,5,0,0,8.06691672025186,1,36.60786719142335,29.831804687656525,5,0,1
53.09692083147682,4,0,0,47.139864739240224,0,30.143699243146077,20.049865580081764,4,0,0
81.06777966148853,3,0,0,13.170141476799218,0,10.219980595229895,43.900990830722655,4,0,0
69.32149548144183,2,0,1,69.14981255245783,0,21.841969573209926,20.087948549760064,5,2,0
38.10488083673335,1,0,0,36.09777855884981,1,10.032213650876528,34.75330321745029,5,1,1
78.41399262036958,2,0,0,34.54584670920994,1,16.940603712396726,34.586369586281585,1,0,0
58.44158446334579,3,0,0,34.040349503796506,0,94.69486190396985,17.68646432157148,3,1,0
87.62293441626738,4,0,1,0.044105792896972834,0,15.339081011137266,14.890949794728698,1,2,0
70.02651377468814,1,0,1,99.29393297842203,0,89.43855915673859,60.40794093619614,2,0,0
77.90841970776076,0,0,0,0.6379716758251466,1,27.50306162741048,35.87771107007751,2,0,0
50.84862089969576,1,0,0,0.35172886071823767,1,2.5730898585550923,30.755400342756595,5,0,0
58.213355371452764,0,0,0,47.27361294902527,0,31.789389173870134,48.148920642636384,2,2,0
60.82722727797831,2,0,0,181.57002551928224,0,3.517701703095772,56.361356127603415,5,0,0
87.13404960485111,2,0,1,96.87400859235915,0,15.199787687255693,52.516383978393904,4,0,0
70.16436265519079,0,0,0,14.518879276890384,0,18.999289352051974,9.378770035126294,3,1,0
53.896564965142474,0,0,0,10.949286050872658,1,44.555203527438536,30.48924507644829,2,0,0
91.5369628931536,0,0,0,49.18997373894322,0,4.725189055055754,25.843308655974493,1,1,0
26.60645164548596,0,0,0,86.47805054511217,0,41.74013328211294,58.42935064271326,2,0,0
70.16436265519079,2,1,0,22.477015593060823,0,54.512202346359864,40.684627826514344,3,2,1
50.8244308762645,3,0,0,28.31291670097083,0,13.621178176956713,10.574572171576442,2,1,0
42.94982621118555,2,0,0,6.136045490138697,0,43.30611032403056,2.3787438959248206,5,1,0
38.3282322042484,2,0,0,8.292483587164497,0,5.999953275757395,54.32451685986055,2,1,0
78.25997824275595,3,1,0,42.00719497455393,0,1.6894037937396185,29.814323667066724,4,1,0
65.71864604544277,2,0,1,5.415807615275853,1,63.67710335301912,29.434090287752998,4,0,0
77.58810795210219,3,0,0,11.285224184947893,0,9.95830272022235,24.84283377626331,2,1,0
83.80945372243026,3,0,0,13.37286717094682,0,19.509326790778474,17.534260309319265,1,2,0
75.31233986345067,3,0,0,29.342563115604886,1,16.098257526265126,30.58900048702473,2,1,0
83.15526352300748,2,0,0,2.3342472015511713,0,4.79516438995101,42.10151707492333,5,0,0
68.60935427515462,0,0,0,34.63446144108643,1,22.146950288136175,29.578545119839397,5,1,0
46.26013223388511,4,0,0,132.02500296833242,0,0.9442429669838981,45.71157918017305,5,0,0
91.15628361641592,1,0,1,1.2383934034521715,0,4.540394236348333,40.31707085326355,1,0,0
58.21775734437746,2,0,0,49.84588100424023,0,57.886541734342465,43.541055398084794,4,0,0
51.28807402475148,3,0,0,90.3464062351537,0,61.36929597278459,32.74724035149874,5,0,0
66.44164248391203,5,1,0,18.73182473856264,0,13.180913727602178,27.5454718952471,5,0,0
51.74378161406974,1,0,0,7.050452322920083,0,3.704236325386008,12.738482882510489,2,0,0
61.651392360211354,2,0,0,2.2153502774615124,0,10.950485848189281,44.779738456138254,4,0,0
76.88107843126933,2,0,1,51.62761401213805,0,41.92293939828968,33.83994782539948,5,0,0
76.96683478492254,3,0,0,40.174267681128896,0,1.4573083690291064,26.17846467206206,5,0,0
52.04339867148741,3,0,0,13.022479177451443,0,2.7363030433477027,12.957918163215815,2,0,0
60.24589254102511,1,0,0,89.07579796832185,0,45.20063836099798,49.02025422140983,2,0,0
91.48666009540487,4,0,0,66.49690218355026,0,10.735980648180002,29.793560217061632,3,1,0
79.92800235467882,2,0,1,16.17781532496633,0,1.7429609296759834,58.24042856204709,2,3,1
100.0,3,0,0,69.99188758304831,0,2.9980726934868,0.0,2,0,0
93.60256347483056,1,0,0,14.051493276254757,0,42.817520079906615,34.692937666949575,3,0,0
92.88586137119879,3,0,0,56.2376697529173,0,13.47094526535754,9.642735857135929,5,1,0
42.24262899088396,1,0,0,6.309068719639802,0,3.5584881574422305,19.013782927096607,2,0,0
85.27720703266846,1,1,0,58.921663837808666,0,44.897601391202016,25.84893318446074,1,0,0
68.93786396606178,1,0,0,13.641276897666266,1,37.32262135489477,39.36424273616338,3,0,0
58.98036392923501,4,0,0,42.48646535951725,0,0.46585055449550333,34.08066982455638,3,0,0
73.36030681065057,2,0,0,9.465125362421748,0,13.621178176956713,21.778672736690126,5,1,0
88.90423069222967,0,0,0,64.72532752775774,0,5.60318613433176,19.967513284961115,2,0,0
80.01663182008423,1,0,0,3.140577960717683,0,15.234337631090257,4.267480805996353,1,0,0
52.4305239731588,4,0,0,9.041201141057845,0,6.549767553774029,20.82184397892574,5,0,0
84.84917827185241,1,0,0,10.175409637516832,1,7.592330036534535,18.84001532622902,2,0,0
57.24824915848072,1,0,0,2.111127171454105,0,18.41865641595338,47.861391169040594,5,0,0
74.33366237928573,3,0,0,68.32704090048377,0,15.481036228252837,24.031264432004118,3,0,0
63.932998650457314,0,0,0,198.04098342325833,2,10.056897687778939,24.156549913272475,3,1,1
65.62267496528749,1,0,0,75.34356720335616,0,2.2760985428128473,33.147493398887995,2,1,0
85.32485950081019,1,0,0,98.531854523155,0,69.75073148993032,50.500660288629724,5,0,0
49.19612560368204,2,0,0,0.30128894665012274,0,3.837877725366972,50.19451436219511,2,0,0
100.0,2,0,0,6.27079002402183,0,20.054259010290703,65.86737529771487,4,0,0
33.578278614110076,1,0,0,40.93782627244592,1,1.7273901196559014,8.993673431529775,2,1,0
58.04664633490286,2,0,0,190.53853663969144,0,23.315105251926727,32.45764011532931,4,2,1
77.40423779883481,1,0,0,54.04543594383241,0,1.9928663203226336,28.437989325563848,3,1,0
81.6862833287062,2,0,1,23.431164616507218,0,5.214529007505783,2.6489452328717036,1,2,0
67.9904855885659,2,0,0,7.899946562639548,0,20.82490589640515,12.495562314715052,3,1,0
68.85218593996915,4,0,0,8.293030888111804,0,6.651781093259983,43.65103816140151,1,0,0
78.21100170655234,1,0,0,22.5299130475612,0,15.222132373659749,37.900430074340015,5,0,0
65.3786104508464,4,0,0,62.55500213136773,0,2.659325751384385,37.78702759476429,1,1,0
97.86362515869811,3,1,0,1.6168263151562414,0,4.52297472891648,36.71187799136624,5,0,0
86.78698228463205,3,0,0,95.58718340167988,1,13.621178176956713,4.7323415940392835,4,1,0
87.45648702011269,1,0,0,141.98040770327842,0,0.715421693255916,13.53060964705432,5,0,0
50.67686553259166,3,0,0,109.82864672395165,0,2.371171447929144,21.955920669855004,2,1,0
68.41223151188595,2,1,0,122.10782557921416,0,4.840310710432068,42.44500340707238,2,1,1
63.99068102558593,2,0,0,0.7729071627573745,2,0.4079434858117698,31.97579878499362,2,2,1
49.887972486210685,1,0,0,190.36584608047204,0,2.004777484909491,43.56281659441274,3,0,0
77.20328367891534,1,0,0,22.81348779701422,0,6.608770893924279,59.338114194144666,2,2,0
59.24708484440367,0,0,0,101.73531016660928,0,1.9504364084180013,6.1655118286997705,5,1,0
83.10807659700474,3,0,0,10.339455283679433,1,40.21614290654174,28.209370331236467,5,0,0
48.59616874211336,3,1,0,29.577001839494006,0,1.3671569740854141,28.27578114920766,5,1,1
100.0,3,0,0,2.25846676721092,0,39.46328161256567,17.568779841466103,2,0,0
52.07334682815876,1,1,0,2.0450580515892884,0,34.61630768865475,36.60179378221466,4,0,0
74.38604674400872,1,0,0,143.4779826937479,0,2.1241418016479106,72.83282716255101,4,1,0
85.83718620776135,1,0,0,83.19645059378713,1,0.5102809400793975,15.779016003905056,3,1,0
58.58719139599774,6,0,0,37.732626724318926,1,1.0256977809904342,39.0327895046422,5,0,0
87.04937286865902,3,0,1,37.27027581877812,1,13.621178176956713,14.319683327323114,5,0,0
45.416328043991676,1,0,0,69.0662600886287,0,22.19469576886611,2.9234919265262356,3,0,0
99.04235398365121,4,1,0,20.902355141616074,0,19.386099137233217,20.79505065605717,5,0,0
70.28298529931517,1,1,0,71.74677475075421,0,15.594890043474965,34.09372611386819,1,0,0
70.16436265519079,1,0,0,33.180232514119275,0,3.8397809098735367,35.98737449958494,3,1,0
64.01636455145132,2,0,0,50.794146221501876,0,36.77122295895954,56.661757379435016,5,2,0
86.17838538785439,0,0,0,167.3773098611596,0,7.936697211958982,34.178566955775906,3,0,0
58.31089416299123,2,1,0,31.868177108122666,0,85.63015883745918,30.204246118470397,1,1,1
70.16436265519079,0,0,1,27.099018236930668,1,9.718036299344934,42.49375894099462,1,1,1
65.56926804832524,1,0,0,118.08978440722528,0,6.1034791874240995,33.72237867755724,2,1,0
46.46075774460064,3,0,1,116.43644154250539,0,44.93370312841877,29.64381607492777,5,0,0
100.0,3,0,0,244.1035419236354,2,16.759490113835348,27.29483854996201,1,1,1
58.67210817570553,2,0,1,40.0213656872904,1,25.591926499411777,39.54059662307591,1,0,0
86.63233572360807,1,0,1,21.099663006280267,0,10.498449831351222,37.92464970189308,1,0,0
74.18940167295546,0,0,0,13.747510923915563,0,43.592400093437355,26.035773847991965,2,1,0
50.30931899036064,2,1,0,1.7345599070993347,0,49.95381145688705,51.62108288899671,5,0,0
69.88090581574541,1,0,0,64.86449635143164,0,11.481306214791635,42.63473789654015,3,0,0
85.68005558621496,2,0,0,13.294474832975428,0,5.507794289919304,44.43587756085204,2,1,0
66.23477329827386,4,0,1,46.65161531510597,0,20.86381943872642,16.300215936905797,5,0,0
93.86225891702055,1,0,0,124.20077157069227,0,61.83796326850222,22.300650893618585,1,1,0
90.43030785563728,4,0,0,150.00067865712822,0,19.480857828079618,52.74845318091481,2,0,0
88.3782970931666,0,0,0,0.220994365369436,1,61.679224589581565,45.59740401267677,4,0,0
60.80686455454006,1,0,0,19.068514052409718,0,8.426035931094622,8.779721099556909,4,0,0
48.40315104437026,0,0,0,90.81634854281373,1,49.32069400284712,35.028780198995754,1,0,1
57.72824789274411,1,0,0,38.44153408286451,0,2.388441291988764,44.368401870347476,5,1,0
73.92481881333441,1,0,0,82.38522475109733,0,8.889350772592342,14.60883079234801,5,0,0
80.9157342706471,5,0,0,95.97621584903891,1,13.643006741548529,45.1602599421274,2,0,0
26.56857190479105,1,0,1,29.225960238159697,0,21.17497054546417,30.770961854828094,4,0,0
69.837735967765,1,0,0,22.234960233483424,1,6.966745834940193,52.58456225158187,5,0,0
73.16178450646369,0,0,0,30.388239203243018,0,51.60351192335307,28.086781828973045,2,0,0
64.44911487368897,3,0,0,52.89202394824891,0,46.76345976893356,8.319777728015378,2,1,0
95.82547678031759,2,0,0,22.87681574061749,0,32.12252932314379,37.926944918388976,4,1,0
78.43560148501741,2,0,0,74.58014139500365,0,2.42895165059352,13.144115564139941,1,0,0
96.20383816161794,2,0,0,117.16660122752893,1,1.630513409052636,21.411571169502093,2,0,0
65.68078959299535,3,0,0,16.58596165409608,0,13.788341127399752,2.7444958674634705,1,2,0
88.7495498501385,1,0,0,167.60556902603906,0,28.992672519108616,17.879810119454923,4,0,0
100.0,1,0,0,48.739078422225,0,2.63034599769158,50.15425055260785,2,0,0
96.23386898545323,1,0,0,105.25592813215268,0,20.513044088148973,32.20908527430895,3,0,0
48.15716813142534,3,0,1,5.486080307540138,0,15.009399310730076,26.513892678945183,4,1,0
64.92647844915238,4,0,0,14.484146111282096,1,25.891771184628837,16.852120499836097,4,0,0
63.09670589100407,3,0,0,19.358112556492866,2,13.621178176956713,33.11074567163665,3,1,1
79.78509070152656,0,0,0,18.03573687312524,0,23.637482262154535,26.6825893901396,4,1,0
83.72707110029066,3,0,1,9.428722669350337,0,3.477752566927443,65.84040158413931,3,0,0
53.22214651948528,3,0,1,101.32384230252956,0,4.831096906678159,30.336073138158643,3,1,0
71.35677027833876,0,0,1,27.11685869631873,0,46.72988402789752,36.804485717253826,4,1,0
29.601453356877272,3,0,0,165.01814146726295,0,7.990905557534106,20.47548911184812,3,1,0
98.83890011603779,4,0,0,43.79012366669552,0,84.68015466394633,29.741861270793944,3,1,0
70.16436265519079,1,0,0,7.447896356020799,0,0.9461218695981394,36.94019599850105,4,1,0
71.11727879688993,3,0,1,39.472410636554386,0,13.698652847180606,16.165484815305778,3,0,0
63.80700572023878,2,0,0,252.1461570094103,0,7.8604714531073805,38.89973023423179,1,1,0
92.9205515002683,1,0,1,41.64020043940608,0,110.25516319374249,31.94458424853329,4,0,0
13.249871172052423,5,0,0,0.09355472678359017,0,92.17303753012742,0.0,4,0,0
69.66779315348182,1,0,0,135.21279810976907,1,5.363950486066691,42.3591101241282,1,0,0
67.88362485004605,0,0,0,13.38707117380251,1,6.21920176576695,37.322302946048985,5,1,1
60.92727224816635,2,0,0,58.322460669177,0,27.699681895241515,33.571300406724895,2,0,0
100.0,1,0,0,36.18858348261363,0,44.086391398489475,20.480806672391623,3,1,0
52.253410822884575,4,0,0,19.684269869723643,1,21.794854071111832,66.97870682941141,3,3,1
85.43592354471322,1,0,0,16.608840417167247,1,40.00653865404275,21.17842927092473,2,0,0
77.12505577412168,1,0,0,132.0849445283408,0,1.3076832869693513,0.0,3,0,0
95.23038505071031,2,0,0,121.47883635221466,0,20.462406599695978,37.760169474568116,3,0,0
56.656218304449894,1,0,0,35.98840365990679,1,24.09085194392107,27.967013384295395,1,0,0
55.34062201752482,3,0,1,14.95368190194751,0,4.222300278695535,8.358637681035873,1,1,0
91.92139814954797,5,0,0,5.398308269270644,1,30.098874277626457,26.206792463217393,1,1,0
78.50642616660221,1,0,0,8.514296788021854,0,57.74300015869841,28.992494108583774,1,0,0
39.10125306646483,2,0,0,36.93356540467553,0,45.64908025133431,18.66477317264072,4,0,0
59.213899710734594,3,0,0,18.396181592123362,0,5.619887511651918,31.657972007980412,3,0,0
77.72765307696122,3,0,0,2.1489316624396677,0,7.831026248495714,35.33317826849879,2,1,0
86.75528443093178,3,0,0,30.363833025192992,1,13.847404407283936,29.306378160875802,3,0,0
56.4153869361409,2,0,0,34.54584670920994,1,3.4480863344524124,16.16112374348846,4,1,0
11.714880203661181,0,0,0,111.14025143348387,1,61.561924147512514,37.02985066093844,4,1,1
80.46446371474066,2,0,0,44.00807202608234,0,13.621178176956713,5.728199710601693,3,0,0
45.59358620112049,3,0,1,64.23964639922427,0,28.66125987043271,36.09617883967902,3,1,0
29.653224037551773,2,0,0,22.63337625139486,1,8.353633078234207,34.62604026370748,1,1,1
13.353481500317187,0,0,0,34.28258502111214,0,17.053214858567888,26.753071886994718,4,0,0
86.27961720395483,3,0,1,65.3976130579428,0,0.9664557804058839,22.338658667380102,3,1,0
72.57234900809934,4,0,0,65.03487422146821,0,4.5885615916064975,11.585248814079698,2,0,0
65.48687238575496,1,0,0,27.628084484437554,0,11.753817969321055,22.01866209768351,2,0,0
97.78048725925524,4,1,0,39.226661065367665,0,22.613902698070216,17.797758653954027,1,0,0
82.74649366046145,0,0,0,128.75601604782625,0,30.062130723259052,14.874781472924429,1,0,0
100.0,3,0,0,49.98329162639774,1,0.6120816330394293,11.935223122796632,3,0,0
42.14529055666007,3,0,1,51.44143409086182,0,3.3090579068872534,49.70962438315334,2,1,0
69.30898752092072,3,0,0,76.76763633074354,0,26.171245582484588,41.461086189451535,4,1,0
37.66573250103971,3,1,0,6.120976297018118,1,33.538862015556205,66.63512141530853,5,0,1
70.16436265519079,2,0,1,36.99981211752462,1,5.398716842499267,33.538203211557196,2,0,0
65.02768292466645,1,0,1,160.23845997990287,1,13.621178176956713,40.80582969868034,4,0,1
82.53227274526142,3,1,0,22.444241829733468,0,1.8429513910581097,28.92311696433712,2,0,1
70.91127762283797,1,0,0,17.472636240419302,0,3.257296859249539,52.67834899382873,3,1,0
82.46814276559832,3,0,0,45.96576075138154,0,0.1609638373634674,29.22556530937308,5,0,0
84.06880266277788,3,0,0,12.49487749128371,0,17.82373187348491,44.61649061703729,5,3,1
100.0,3,0,0,40.59036014174561,0,46.84551790303885,32.786861034052386,3,0,0
63.69406689427751,2,1,0,8.459527997598478,1,3.2404069476964765,57.596427601797345,3,0,1
51.17954598667242,3,0,0,43.35044641680418,0,27.841715053296184,22.770684710520438,1,2,0
74.92167230632818,1,0,0,46.11282252765175,0,17.05030095382148,47.21885140600662,4,2,0
53.954399457209135,2,1,0,27.098658818717382,0,56.24219547146491,28.3754377598067,4,0,0
99.63921536873072,1,0,0,24.123767983289053,0,32.001886249747486,17.456581020410198,1,0,0
64.33563922109535,4,0,0,14.082235264288002,0,38.30962013114069,29.23132592119229,4,0,0
58.688472642520196,3,0,1,20.092754690416673,2,20.38542344167555,0.0,5,0,1
60.57368557697764,4,0,0,34.49222872772733,0,33.35576514828155,44.02258323130175,2,0,0
84.36834846943282,4,1,0,14.228273440783504,0,8.642430185400087,39.991299738877,5,0,0
66.84506033537029,4,0,1,76.3547687326563,0,4.689591105020651,58.479000336163956,1,1,1
57.16666359739236,4,0,0,61.72765616783128,0,48.72689508664677,15.569454953912715,4,0,0
100.0,1,0,0,15.688016485199435,0,26.510449351951564,18.84754865939157,4,0,0
52.876603186764996,0,0,0,5.125737495842282,0,1.9016678430897458,11.054747564768753,2,0,0
70.71132148065988,0,0,0,0.009002759646309642,0,40.33452279100302,35.48420179704288,2,0,0
83.0461230322046,4,0,0,45.40606617501834,0,8.581961800447404,23.770788871332858,2,2,0
37.37329779165854,3,0,1,11.872504328043116,4,7.08435332587718,17.623792753754408,5,0,1
79.6052100281185,0,0,0,0.6331149860612846,0,19.52684362179722,36.0018030847913,1,0,0
48.89784649039101,1,0,0,22.24294291775277,0,16.814327669601404,46.534140698384604,1,0,0
86.45565561668005,2,0,0,163.50643273718748,1,15.454924317250336,31.5944362203797,1,1,0
50.74697976162047,1,0,0,58.54992535013469,0,5.884124393913256,22.817972307392385,5,0,0
83.85538063697722,1,0,0,97.51327702374117,0,64.26471085226764,47.57570586527696,3,1,1
92.11666132589426,6,0,0,7.817435418028273,0,59.9630735876596,26.18834374317593,4,0,0
87.2287305126561,1,1,0,3.8056304073099767,0,0.08341751890542567,25.965660608433428,5,0,0
75.02633296476205,2,0,0,0.5798373298437682,2,8.244587560741783,37.69426313385474,1,0,1
65.373981141406,0,0,0,155.7959861468087,0,0.9323724188438018,19.714346180007766,5,1,0
58.47160847330312,1,0,1,17.84823039104525,0,37.97559607378691,45.36760157230402,5,0,0
99.42069381634208,1,1,0,30.76348929805347,2,43.522262896214166,16.236466038196852,3,0,1
56.01009559664713,2,0,0,25.086986589096433,0,14.608604046354634,20.848636326484687,2,0,0
49.25867852860008,1,0,0,65.55135534691134,1,36.611424021209274,12.711902048997114,1,0,0
83.3073787006566,0,0,0,18.55063934826565,1,24.304741227532528,42.94816527135741,5,1,0
54.07726393627009,1,0,0,38.334614454453956,0,13.845908585198845,50.32656915005441,2,0,0
50.99873005067745,3,0,0,271.1064073797536,0,9.045204342639199,27.711486503199612,4,1,0
41.1279147566047,1,0,1,29.35506461216258,0,6.191057427708564,36.698977772498885,4,1,1
60.34180321078965,1,0,0,40.06686709455521,0,6.006679085457404,35.50164101591905,4,2,0
68.34569952207013,3,0,1,34.910806531467756,0,16.51366750773789,34.45124306379843,5,0,0
74.86183455321398,3,0,1,81.27484810813591,1,3.6498432626960726,12.637400462336394,5,1,1
89.02612488598967,1,0,0,15.51954239973337,0,3.8423930631400656,20.177285768708597,3,1,0
80.53795847331587,0,0,0,9.34287238913305,0,0.20895456530111156,41.40061697919991,1,0,0
66.18255560893641,4,0,0,70.14012534526667,0,19.00357289143232,48.24427920480274,2,0,0
70.16436265519079,2,0,0,26.860035965857787,0,103.50142352508178,44.23705495739601,4,0,0
80.20314937830366,1,1,1,122.51135524785319,0,44.004067768865895,30.24877901150931,2,1,1
95.45140325857139,3,0,0,51.663604013079976,2,24.462419617477522,42.03222778761479,3,1,0
72.52628398966401,1,0,0,41.54501494554152,1,30.791269717500715,6.938230658721128,4,0,0
60.61738291579182,1,0,0,3.6531135220664877,1,10.786309875439574,0.0,2,0,0
50.142679978289095,4,0,0,65.54300297209954,0,7.0787041493895755,9.36921432841951,1,0,0
41.09589471175549,4,0,0,57.924542696325744,0,9.197209924067304,72.32235392594262,1,0,0
83.32539344087047,1,0,0,51.09255288674035,0,1.6985709168025231,61.17174325989401,3,0,0
81.55957047279114,2,0,0,15.592558548974958,0,20.091250677112864,6.038841536229285,2,2,0
81.54727050213323,4,0,0,146.62784812805648,0,3.8441659318167503,26.661466502825515,3,0,0
67.42681107295888,2,0,1,19.404972908651054,0,28.783627857493865,23.522732324432997,3,0,0
98.13869491783501,2,0,0,34.54584670920994,0,4.213839456085814,49.42045963927933,3,1,0
60.317630108303646,1,0,1,217.9200170712714,0,5.178627927100892,39.820995526446445,5,1,1
89.10538474414412,2,0,0,68.5695542590998,0,63.073768743380256,24.33432883754351,1,1,0
69.22514210020914,1,0,0,26.78895971884189,1,2.2274803676058093,38.43653404417638,5,1,0
57.83298470641325,3,0,0,137.3783640015658,1,13.816698687097006,41.59752068095914,5,1,0
81.85060614635523,4,0,0,4.776965892863025,0,1.2947496431474526,2.0690147950204256,1,1,0
78.19272237367987,3,0,0,4.587194233520261,0,1.8948086686209098,37.979376425378796,3,3,1
77.13945518533852,1,0,0,57.356160025607316,0,20.075154915106207,29.713605177652365,2,0,0
71.62556844112397,0,0,1,9.799044004939697,0,19.924395669142505,12.81913269379061,3,3,1
69.24213836566338,1,0,0,124.52984957181089,1,4.2916133862106705,21.128109734767367,3,1,0
100.0,4,0,1,91.7414413272658,2,41.19066314593721,34.25331115111675,5,0,1
93.68513290392346,1,0,0,18.290629993810043,0,24.22578983461133,31.871395482923877,2,0,0
84.45653789971024,2,0,1,109.83904580963564,3,7.150951716489088,27.155510191785375,1,2,1
72.23598316406776,0,0,0,2.1917267483143243,0,5.710662542031852,25.474488488183866,4,0,0
90.14314401193339,5,0,0,39.77426372114887,1,28.07167962877148,30.833715515568233,1,1,0
80.35989552782904,2,0,0,137.10318824388673,0,26.456922993024147,5.915701514456117,2,0,0
70.52409505548071,1,0,1,96.68331324067653,0,3.222913022971156,55.72812234713197,1,0,0
63.9287134946817,3,0,0,22.008520809690395,0,8.590684648765611,24.559369118710443,5,1,0
68.38165324674624,4,0,0,10.097880534572317,0,13.621178176956713,37.590339103455705,2,0,0
6.591485282438889,1,0,0,11.82034284361971,1,6.966886121943708,54.26998658556887,4,1,0
74.21201678595284,1,0,0,36.1296109057226,0,6.781302855833989,47.02223743495035,4,3,0
60.23047839779281,4,0,1,45.412773044807466,0,74.61378870005477,34.5262293994918,2,0,0
100.0,4,0,0,1.6682390962362965,1,27.74280422384993,28.35345745002121,1,0,0
70.38688141623508,1,0,0,26.68352623934151,0,30.287286933856695,29.652012536268984,4,1,0
46.22073160930076,2,0,0,88.71182947145438,0,6.4986303799345695,5.575128520008565,2,0,0
69.00239691743765,3,0,1,29.37893984662986,1,0.010544480090443103,11.701877997711566,2,1,1
49.07757829874991,2,0,1,9.266828325530083,1,1.1983338037757176,33.60336698473592,2,0,1
79.46814831424933,3,0,0,154.899649947701,0,16.103923246962268,24.328868574954285,3,1,0
75.81894728678971,2,0,0,15.481085792057382,0,6.722917686753079,7.529418092822251,1,1,0
89.15679262216536,8,1,0,80.08049795664668,0,4.287507107060489,34.34674802686507,2,0,0
54.18236416610869,2,0,0,10.77080961639497,0,1.018307771139489,41.32681235025434,2,0,0
70.68016192456294,1,0,0,27.510620734675562,0,13.621178176956713,47.47782767869322,3,0,0
42.699564091467295,1,0,0,33.708670301485604,0,18.33218300417665,37.97298418430345,5,0,0
84.0298956384943,0,0,0,34.72092901713599,0,2.271734375536479,20.53413921012124,3,0,0
80.37742360880245,0,0,0,36.332495909388676,1,29.083244407403484,40.26370342237206,2,0,0
79.91610042055142,2,0,0,12.74122812435252,0,28.19745036722518,34.21868632938075,1,0,0
70.03238062713882,1,0,0,36.274792304642546,1,6.833014385376313,16.123915963171875,3,0,0
78.29545781577582,3,1,0,32.861283061181325,0,4.1756161116461845,15.624304482897735,2,1,0
100.0,2,0,0,34.54584670920994,0,33.63822339810069,42.73752572589496,1,2,0
64.29811485915972,1,0,0,221.94703534586472,0,7.996562495412594,34.705198434059064,3,1,0
72.77290367420169,1,0,0,100.33312564401888,0,37.60238389267231,33.86488883879911,4,0,0
48.277474016371805,2,0,1,109.27404817488548,2,0.892660216359771,30.950925937808293,1,0,1
52.63478076803335,4,0,0,57.84985718656389,0,13.834521772253858,39.02805499591989,2,0,0
71.95626586186614,2,0,0,8.7115406073793,0,13.621178176956713,22.32338210694446,1,3,0
92.07867093403814,2,0,0,41.97714121642126,1,22.2975661125534,28.09066381966343,1,1,0
64.87438351496856,1,1,0,86.1414268386324,0,117.66125579149693,41.17557178956231,2,0,0
65.28166941375753,1,0,0,1.9753351140241273,2,10.637956221166334,30.55260169716606,4,1,1
61.86229510991251,1,0,0,34.243387817736966,0,2.114112546083506,18.760878827644095,1,1,0
59.30486658311354,1,0,0,25.21922727224972,0,7.644928780083411,19.67884214815166,2,0,0
75.89942911417643,2,0,0,11.920774401127105,1,44.421300232431406,30.671861285240347,1,0,0
40.05484709642711,2,0,1,23.760860117731127,1,29.028268404941997,0.0,5,1,0
95.61879153333456,4,0,0,205.2122026528242,0,5.284823704834526,56.26466829624726,4,0,0
56.69155403741079,3,0,0,64.23082966817746,0,61.40856440491141,27.3926190405322,5,0,0
84.43806970876282,4,0,0,17.800692412314163,0,19.467167774523137,37.2827743757259,1,1,0
44.60002805212248,5,0,0,46.488439140519574,0,3.6796443061071056,39.55733920401803,4,0,0
83.37680261092436,3,0,0,14.1616817575474,0,16.987700721299582,33.780274533406846,2,0,0
83.43889215628995,2,0,0,47.18873768497105,1,12.003225547317786,9.510478216572345,5,0,0
77.68404144011794,1,0,0,113.24842245906675,0,34.2624050485086,13.996511057387831,4,1,0
50.111429564004155,3,0,0,40.69537218167955,0,8.436769347544656,7.658067399060883,4,0,0
74.99096379196155,2,0,0,66.08903741200439,0,41.58536230829222,46.423357646164916,1,0,0
46.33887630531222,0,0,0,30.196320519556252,1,33.42311619223682,6.855137765871827,5,0,0
70.16436265519079,4,0,0,37.129889493482835,0,22.454213803077447,20.045491792252406,2,3,1
90.58826201910652,3,0,0,59.38448462645479,0,5.984494596207105,49.599421406392096,3,1,0
85.93403854141484,2,0,0,83.6734961072182,0,70.35209127363773,13.055172881781843,1,0,0
70.30365885080866,0,0,0,53.85986963664949,0,15.910987319107115,32.241259575647135,4,0,0
50.503868481543165,1,0,0,189.69421029781185,1,47.613955266426025,41.389604919407056,5,0,1
82.91175424348387,6,0,1,85.69066450784068,0,4.8600360340265,29.11811492372619,3,0,0
70.38762475396051,1,0,0,75.06510860064168,0,81.94092667711715,32.33520857270634,4,0,0
23.593688035391537,3,0,0,93.24928625810554,0,33.86282939263743,37.99512087906206,5,0,0
85.65259652633037,2,0,0,34.54584670920994,0,59.60776531590594,56.792414492353004,5,1,0
69.51534332260616,4,0,0,28.285844061094252,0,4.774428482343426,15.985750818701764,3,0,0
94.04902495966144,0,0,0,41.558766955741724,0,11.26548217917236,23.412568809963417,4,0,0
48.094589623143904,2,0,0,31.030752038583216,2,2.054699792585914,39.49104795460576,3,0,1
6.465923736079986,3,0,0,94.01570596862926,0,2.9461074032653056,27.04750664420663,2,1,0
75.5816771669037,1,0,0,1.3720809133841039,1,6.680347625351091,21.58668236395275,1,0,0
75.83127353363946,0,0,0,11.733955111073229,1,60.57571561838658,45.46507715197754,1,0,0
36.186567447870964,1,0,1,106.729340058678,0,22.00377147425621,0.0,2,0,0
50.43000908266787,4,1,0,3.0459280647094173,0,7.555996134582984,46.92454385138289,4,2,1
100.0,2,0,1,12.873054967167008,0,61.83311311527872,53.82052914993109,3,0,0
63.88778771692393,1,0,0,21.63541768765071,0,26.92082259448757,26.921135431516348,1,0,0
84.61917952752432,1,0,0,69.46305002464621,0,47.49860294495036,10.266439440558798,2,2,0
56.98680345263233,2,0,1,41.069565476279905,0,52.406499884747205,32.66076419294449,5,1,1
28.193942022936866,1,0,1,154.61733823850133,0,27.787562212800843,37.22412859799336,1,0,0
66.59483506408189,3,0,0,12.930442224374511,0,5.571366047280058,5.3883864986594645,1,2,0
64.6879087942779,4,0,0,102.83330608694847,0,113.61473235799151,31.23161584719907,2,0,0
62.00243522663257,2,0,0,16.627939490103056,0,7.863543500702245,59.24472007079595,3,1,0
67.70718328987215,2,0,0,14.084884672811645,0,22.276899355593883,48.93831002231047,1,0,0
75.28536543291273,4,0,0,34.495142265518055,0,37.262320563636486,37.867193005627875,3,0,0
66.99766097492387,1,0,0,3.693334961545309,0,3.8510986588669387,36.13411421370709,2,0,0
44.71987664105272,1,0,0,24.250341870320536,0,18.783086460061902,30.58349578218293,5,0,0
79.72369583123879,2,0,0,21.977676215438862,2,9.405602210967626,32.26147029537583,1,0,0
31.012564893551534,1,0,0,8.723714704934872,0,5.60192686342342,28.575124181917065,3,0,0
28.992850854315996,1,0,0,34.54584670920994,0,0.23683298304926173,33.06922039471918,3,0,0
84.78360989403136,3,0,0,24.379031680638104,0,41.11044818020328,5.5254204195719545,4,1,0
80.14040544270713,5,0,0,200.64794264607588,0,2.9209084291620786,0.0,3,0,0
68.85209269851929,3,0,0,114.98344198873926,0,42.09390058293848,18.735775600853973,3,0,0
42.09102990489856,1,0,0,10.833893669730553,0,18.360374420178488,45.48374654574004,2,0,0
55.84178118651849,2,0,0,35.17221798403277,0,19.40731332955519,38.90466539308925,3,0,0
64.74506504626991,6,0,0,46.04056400447516,0,35.281150040360735,42.69251807124549,4,1,0
38.08212062851773,1,0,0,85.45200278704066,0,14.24420041565252,31.428222962716557,5,0,0
70.16436265519079,2,0,0,108.4213977819152,0,8.841064317988904,48.224642569725106,4,0,0
83.04660676353359,4,0,1,48.91070326729405,0,2.98872549553432,49.98753049264924,5,0,0
98.54610728578433,3,0,0,1.7883128964030142,0,16.89873079971005,47.92097005075583,1,1,0
61.61130494682899,2,0,0,32.81920978800056,0,16.111409547544948,19.773289466093807,5,1,0
85.12976708632196,0,0,0,108.05581136266964,0,6.959868627376333,30.82503926088677,5,3,1
31.718798588250657,5,0,0,62.60384064294535,0,18.328661122709505,23.05013617610995,4,0,0
83.18902482227223,0,0,0,102.06566410162377,1,11.573771461694317,52.12624249306649,2,0,0
53.921031705450375,1,0,1,56.05513406615764,0,32.74956321833267,46.841193895857046,2,1,0
76.1469123341594,2,0,0,2.2516993873337587,0,16.396272737537753,36.85946914778886,5,1,0
65.04495163520582,2,0,0,172.1113702137668,0,13.621178176956713,40.3357035993528,4,0,0
96.40828019567668,4,0,0,125.06310808958195,2,14.595516605098775,34.376818851696854,2,0,0
52.51128703320164,3,0,0,6.76691062061594,0,43.69520616991403,16.00603019240478,2,1,0
82.55212595123662,2,1,1,5.978109004744038,0,14.701276230109748,46.082530141244405,4,1,1
64.40985073406932,2,1,0,38.72637667578511,2,16.330482825448346,60.265246621671416,5,0,1
66.83389043980672,1,0,0,70.74515266167006,0,9.139631562337776,37.581235892236414,1,0,0
66.3229221368158,1,0,0,34.54584670920994,1,10.222150718675246,28.193152323378825,4,0,0
53.08653791011774,1,0,0,7.331246347286902,0,54.0915708731758,19.095583776096493,4,0,0
69.71802068186656,6,0,0,35.72427139155711,0,5.053568927829495,26.14621069387314,4,0,0
68.74703555756356,0,0,0,20.591727717999223,0,2.5898249385425487,10.879431781209679,5,0,0
74.82480496813459,3,0,0,21.675636204692566,1,35.463965397099784,16.275136884348097,5,0,0
71.69010291385725,4,0,0,51.77983745209636,0,17.20344493718637,27.489131638111978,4,0,0
85.95989099224472,3,0,0,108.40625000016982,0,6.699591828332029,34.74594169186285,2,1,0
88.47017232094737,3,0,1,40.889252571647454,0,11.326774436072125,7.867255549299447,1,2,0
48.987533563443975,0,0,0,58.17394491378257,0,14.884819445506047,32.88516367455099,3,1,0
70.16436265519079,0,0,0,53.932688311687116,0,17.936638608705582,53.73799355313059,4,0,0
46.27327145780291,2,0,0,40.052902007645095,0,13.621178176956713,36.5311026485242,4,0,0
81.7571177627547,2,0,0,18.608152359335044,1,10.029137208654081,37.4299495685697,5,1,0
82.39477569405737,0,0,0,23.724217427425724,0,22.571315773244773,36.087977860136306,5,0,0
31.773662166749915,1,0,0,18.968220597652085,0,36.00797042387957,5.994551874673608,3,1,0
71.8595849305882,0,0,0,124.7466956481444,0,37.12896239531734,7.3195546931864435,5,0,0
60.63007773279369,6,0,0,87.61309467517316,0,5.8671685177620585,38.97156893143399,5,1,0
54.8246948412925,2,1,0,43.29739497771271,0,8.620983469181349,40.65345475993796,2,0,0
97.01704661398011,5,0,0,121.65945072758258,0,18.07272449238701,45.672124564625356,1,0,0
56.92641718725162,4,0,0,108.75741499065792,0,43.39124506142618,50.25386208541565,2,0,0
70.16436265519079,1,0,0,131.34268471681645,0,31.255484599349295,22.25250880568592,4,1,0
71.51389880010187,4,1,1,12.536906282328703,0,17.53961686818362,44.562362238570984,2,2,1
83.71179492596832,4,0,0,63.20437407999934,0,82.37311062028263,44.353754488988926,3,2,0
67.16702827979746,2,0,0,46.981102624849605,0,11.56023219534902,53.04319664075204,2,0,0
93.32741091338505,1,0,0,66.18112364689533,0,36.96032072427682,54.04687492964993,5,0,0
80.61951323928182,2,0,0,15.284113002383274,0,34.12122087266432,24.15494893255477,3,0,0
26.435773605371395,2,0,0,59.340885147188615,0,47.72766439726729,28.80664735067479,3,0,0
59.410660729859835,2,0,0,26.367106610115275,0,87.92795618218071,33.117953660544686,4,0,0
70.16436265519079,4,0,0,89.81603166889161,0,13.691548027957099,17.59294116686221,4,1,0
79.58721906858844,0,0,0,79.32654591456328,0,4.353909598445663,46.619807530520674,5,0,0
17.50365887251776,1,0,1,11.87211532925966,0,12.356911674810313,26.817504062955827,1,1,1
100.0,1,0,0,10.158179119754596,0,38.46720908378142,47.53698764301372,3,0,0
80.6205218978842,2,0,0,63.244865866123504,0,36.17078543019971,52.6932843078059,5,0,0
72.97753607835382,3,0,0,39.97817875399235,1,8.188556212664716,25.765320508422214,4,0,0
93.63135432838293,0,0,0,40.73252133302622,1,0.9692473041597982,3.8172750447283867,4,0,0
100.0,1,0,0,69.8203305928584,0,14.260553809088654,29.57023615996026,1,1,0
87.41493289176806,1,0,0,96.5410064704707,2,12.852919300675838,50.05774745935024,3,1,1
88.9762619294324,0,0,0,13.65372427316508,0,1.7933302172095464,49.86174827044501,3,1,0
72.61380048928764,1,0,0,40.54470985718806,0,31.68417285043429,28.492714314728932,5,1,0
67.16948493266104,2,0,0,88.29134503881806,1,6.670060651751149,31.82784075742267,1,0,0
60.484091119901976,1,0,1,34.54584670920994,0,20.755166127086056,27.711426990667995,2,1,0
53.47776016570916,2,0,0,16.942410033178064,0,2.1403012879356815,21.09515865524836,5,0,0
56.259718006010054,3,1,0,5.499329785224397,0,39.42296351966895,4.264942519792012,3,0,0
42.98888071314033,3,0,1,13.251903296596957,0,26.88574322697533,37.79474356393654,5,1,0
68.48257098629954,2,0,1,145.47728300940295,0,9.834278721182706,22.746685055723997,5,0,0
36.30664845547226,2,1,0,31.039438769301974,0,19.857440166055255,33.220909316934424,5,0,0
73.81833048287422,0,0,0,34.54584670920994,0,4.151652378488259,40.168838954398886,5,2,0
69.27338783915316,1,0,0,0.6585351455495272,1,84.56550829324043,43.555099946555416,3,1,0
72.93870596773375,1,0,0,2.6180976242447764,0,31.803300870831844,19.677535553105066,1,0,0
59.55736859960015,2,0,0,55.23593416140713,0,31.112256805604197,15.34925892848053,1,0,0
100.0,6,0,0,44.558821230595576,0,3.330071685258023,38.82933897282513,4,2,0
97.20231800360625,1,0,0,42.84549692875451,1,0.35785295720941124,39.91675755285141,4,0,0
45.10914999830554,1,0,0,5.844833206362356,0,17.60744042950096,21.546659108973113,2,2,0
74.65736174853797,3,0,0,21.6979492281491,0,3.1125162889998323,44.92132503131566,1,0,0
57.839877141253524,4,0,0,83.66100628626775,0,30.3219986581269,29.42920529199075,5,0,0
49.71040546585172,1,0,0,9.61321455314706,0,10.759693633425542,18.853381436505714,4,0,0
43.198558577521304,2,0,1,107.14559209759922,1,8.267755665224566,15.25317413161761,5,1,1
78.64433381518508,2,0,1,34.54584670920994,0,1.5300469961945726,37.32321724865044,2,3,1
56.372395298608524,1,0,0,9.26525997906944,0,110.75729427228677,33.60315490369542,1,1,0
89.35652048050409,1,0,0,32.480440208147186,0,62.476213677523084,35.69691502767489,3,0,0
89.87564429060878,0,0,0,145.29449113641286,1,2.8219856038151043,13.41002565703699,2,0,0
97.47828770422899,1,0,0,19.990134356693645,1,8.093656408943998,0.0,3,0,0
52.95226467851793,2,0,0,53.67910766074439,1,9.911764037491412,39.16145315115317,1,0,0
79.50731221384021,3,0,0,44.418126021645804,0,7.042309315375327,48.01197135408138,3,1,0
82.64908433284602,2,0,0,8.103753547969204,1,54.50450492474122,5.711946867330212,1,0,0
60.5164364979207,5,0,0,14.262046150433408,0,25.55538883903275,23.68776200445928,5,0,0
54.5645608521425,1,0,1,133.07224441617913,3,62.433351493550816,69.58790726610165,2,2,1
100.0,1,0,0,10.21790684284703,0,13.621178176956713,38.447446380461216,5,0,0
74.54991751464108,1,0,0,59.373796416352086,0,28.09254936248673,49.61466000166466,1,0,0
82.71935501423476,3,0,0,34.54584670920994,0,23.878278437451105,54.44426088996923,1,0,0
53.558479763441454,2,0,0,6.363607826153436,0,40.22257668197426,22.736459869956093,5,1,0
45.614310669556126,0,0,0,25.473160129776684,0,23.049750697461047,65.11765018369536,5,0,0
58.61100451015779,2,1,0,12.675765994668971,0,4.182835677971234,3.929944508176007,5,0,0
67.51957225220006,2,0,0,12.523265563004509,0,20.88967179324446,37.63344786122185,2,1,0
48.715599863653026,1,0,0,6.334079253512953,0,14.472195387752702,35.18050428779079,2,0,0
69.80310382699234,0,0,0,52.42703072652491,0,80.230986016264,13.449956840149689,1,0,0
36.22989623863,1,0,1,68.58871642533778,1,14.265591564775503,18.869938091549905,4,0,0
47.59905155060255,3,1,0,56.473255488113715,0,0.7842779130721185,20.799355124240893,5,1,1
83.4182249655375,1,0,0,129.28485296149552,0,6.135653617243332,8.324160613881382,3,0,0
82.07581040555789,5,0,1,7.872402684929439,0,49.87049610185876,8.799795087019376,3,2,1
62.162464692262674,2,1,0,19.2717557290386,0,65.59180956452258,25.18357338382945,3,0,0
49.64471381846094,3,0,0,21.123402850431443,0,26.07575794092923,22.720278149254476,5,1,0
49.45192896947978,2,0,0,13.203622879999056,0,1.1708935771883706,20.153112428672138,4,1,0
62.53463508117372,0,0,0,7.669503534010466,1,0.4764582665671536,42.482739146572506,4,0,0
82.89036983290583,1,0,0,33.34507905817298,0,13.062958595495765,18.737861743286274,2,1,0
88.5649138268865,1,0,0,89.9209682735528,0,160.46864046940095,34.01848774222532,4,0,0
60.06936529036062,3,0,0,154.54582122866378,1,40.69651393828992,29.98444534473022,3,1,1
46.930151480304325,4,0,0,6.925223019420495,1,54.09340465731649,25.268881755799594,3,1,1
75.35687275732667,2,0,0,86.62471176858213,0,19.538949536879507,9.478607259801791,5,0,0
53.52930058748301,3,0,1,87.02892910300129,0,39.197607552392604,27.437764697950243,2,0,0
59.63494722277595,0,0,0,24.631125642267268,0,7.704380241916419,20.37598049022594,1,0,0
96.50552180874075,0,0,0,34.54584670920994,0,0.5549074211361936,44.42265856843516,2,1,0
86.54230857131536,1,0,0,230.2985591194939,0,50.08194307829506,39.57831971666242,1,0,0
73.15948624502903,2,0,0,53.29656350367789,1,4.929027220365949,21.179818859766566,2,0,0
44.56161997774554,2,0,0,201.41574996644377,0,26.074857656553753,16.599976327391,4,1,0
74.22793134941318,2,0,0,33.049056549377205,0,21.51553910983758,16.587530300115784,2,1,0
91.25314581575053,2,0,0,25.142294000255244,0,3.443390432691113,26.3054918955698,5,0,0
62.487326684689286,0,0,0,14.196819877641914,0,4.357623352787074,45.733662553781,1,0,0
97.0222817997343,2,0,0,34.54584670920994,0,7.9818833571927215,47.70507439241871,4,1,0
95.85490579036414,1,0,0,14.601727836690086,0,28.28816995083934,0.0,4,0,0
100.0,0,0,0,1.2024822231094263,0,0.800701182548099,52.77690270236897,2,0,0
76.10486253062706,1,0,0,35.92000990020839,1,10.453536124917475,28.230606788807822,4,1,0
81.74783399612025,1,0,0,23.664490585754447,0,21.87925466975234,9.369579822578736,3,0,0
98.28374576662179,0,0,1,15.14875440065175,1,3.762067489215857,29.232260032868023,3,0,0
78.94787874137951,2,0,0,50.33924239385444,0,2.5434280081685126,17.60034143840135,3,0,0
59.97531784419574,2,0,1,22.648957766268442,0,13.621178176956713,54.78481731966508,2,0,0
61.02914326944277,2,1,0,25.729207937290365,2,6.753116836238901,21.3080658326203,1,0,1
74.77109907547478,2,0,0,1.1657652752386862,0,20.944832806849682,15.652933428830323,2,1,0
44.188771561075626,0,0,0,44.46673274668307,0,69.8455644588561,61.48625510064651,5,2,1
67.13482169271614,3,0,0,6.509479410878398,0,0.08957902947352805,35.996845652106956,4,0,0
91.93094236460507,0,0,0,12.027512312084436,0,46.53343983573588,22.34933579506258,3,0,0
26.174922976694376,2,0,0,63.136239764014505,0,11.355788297646672,57.79348111838662,2,0,0
100.0,0,0,0,18.788718120609378,0,21.813342461126112,49.63293948484372,2,1,0
92.4474843740632,4,1,0,8.909118598853304,0,38.07980835970912,20.77861458567405,4,0,0
60.804707683390475,0,0,0,43.069315735960295,1,17.040919817814533,17.920615643288087,2,0,0
80.86781655743619,5,0,0,12.097495305028579,0,2.0475621756303166,31.481181069065467,3,0,0
70.06295453812653,4,0,1,15.802583129485647,0,3.030303881978704,27.5672962235292,4,0,0
94.59980736877367,0,0,0,48.555737594299075,0,31.144504836402916,19.32524137024235,1,0,0
89.65366285539882,0,0,0,67.32710895412156,0,5.203886427506957,29.700899456518055,3,0,0
41.99858553633982,2,1,0,67.288280036979,0,16.83468938193112,56.22271301818705,5,0,1
81.74524826928354,3,0,1,32.91250271250667,0,11.175141071823766,45.69770325632986,5,0,0
65.88744292713504,1,0,0,30.28401221019373,0,7.237741005341935,35.82343324611986,4,1,0
71.656651410362,1,0,0,77.4748372015275,1,30.926216875015044,24.888235925489166,3,1,1
55.436561980603685,2,0,0,10.72373207586017,1,26.276992449865595,28.09269962110011,3,1,0
100.0,4,0,0,8.255670349251739,1,20.775319928301386,40.26293812050348,3,3,1
90.80123639805151,1,0,1,54.63574552628974,0,9.325694847256079,39.05323899633671,5,1,0
55.20457672054066,1,0,0,26.339869333194667,0,5.135824877261179,30.98087540519534,4,1,0
43.30778786179535,0,0,0,61.89345238185101,0,14.509067048474831,46.28576564748994,5,0,0
62.28654738044304,1,0,0,14.826066085762928,1,33.97676284510518,12.529948202720046,2,0,0
78.69005292182612,0,0,0,19.64264001467211,0,17.14463943154657,44.76337725513775,1,1,0
74.80411687892446,1,0,1,113.49507791293487,0,70.22447075358201,39.31407857838574,5,0,0
95.06265649536488,2,0,1,27.379367127482578,0,0.31115773582340833,8.600583480835187,4,0,0
70.16436265519079,3,0,0,44.696318172268086,0,128.10062435201704,20.14884322744237,5,1,0
89.39138051505813,1,0,0,5.6406437886061775,0,23.514773073432565,52.4690882644278,2,1,0
76.53710801220875,4,0,0,9.85120591635194,1,35.756227527192024,37.88808162256566,2,0,0
42.2140253957802,3,0,0,1.8273763638028584,0,8.157932269480868,28.268485309020534,2,0,0
66.08602937706198,2,0,1,34.54584670920994,0,14.199411190471167,34.934583427895525,2,0,0
91.20179479817331,1,0,0,225.13070016755808,0,31.889926705119326,30.187327367371147,1,0,0
68.96954142950707,3,0,0,103.52335767250243,1,28.59652317409595,35.40496955346831,3,0,0
70.16436265519079,3,0,0,50.107263677407545,0,8.13034609583818,44.04257881743915,2,1,0
63.625033695077335,2,0,0,34.54584670920994,0,7.8433848739044665,57.16261602824237,1,0,0
49.4037630291631,1,0,1,45.09096701389515,0,21.742245535038577,15.361308889927678,5,1,0
67.53311871907779,2,0,0,23.00416041400409,0,54.25899814322427,47.47487969383673,2,0,0
76.18094886065307,2,1,0,9.530575249010079,1,11.55305935809108,24.43078490659982,5,0,1
56.88624561077113,4,0,0,52.92854875346835,0,8.706380676541944,11.574776876264778,5,0,0
65.28577510286664,1,0,0,10.724757612428059,1,45.01637509506221,49.638626345193934,4,0,0
51.21073516028035,0,0,0,27.01516060827859,0,22.98060741530849,19.636499325089243,1,0,0
92.38489835128192,7,0,0,87.37808947818773,0,9.82948090818505,44.96997180293838,1,0,0
64.11088484823932,1,0,0,6.918830017534037,0,1.1796393397738978,46.18426798976048,2,0,0
99.05511090252367,2,0,0,6.90689468858051,0,25.565973997639055,59.15088640683921,2,0,0
100.0,1,0,1,12.706073504983136,0,8.704671208827813,48.53051834228259,2,2,1
68.37908070556513,7,0,1,40.13887406420374,0,1.463593860936295,49.54994075176393,1,0,0
49.83102534905301,1,0,0,14.499134392615707,0,18.949905745684994,47.694898998784126,5,0,0
70.16436265519079,4,1,0,34.97817981541424,0,7.801883091226087,33.38487393266893,5,0,1
40.55925853946417,0,0,1,17.975563200406906,0,8.263591010286826,50.3306146215264,2,0,0
42.5233035020268,1,1,0,35.285508768207364,0,13.046636741955249,26.061199570315406,5,0,0
97.56939254923009,3,0,0,16.260990594127357,0,25.27974826386106,20.646437314353193,2,1,0
72.31649174453892,5,0,0,195.63209886900145,0,6.468409032599723,38.92209412126791,3,1,1
77.79209048183975,3,0,1,33.93440110622418,0,1.6882061438521399,48.5884915766584,5,1,0
25.59157982129748,1,0,0,68.05929840417583,2,11.047739825529334,27.433901646140697,1,0,1
46.04067141565477,1,0,0,60.28981644653978,1,1.1298287453010942,24.079913590014804,4,0,0
87.74159552892574,3,0,0,33.722098428260864,0,23.8981807523217,8.46234204539234,1,1,0
75.73548224765173,1,0,0,13.647033911983005,0,13.621178176956713,17.664565226483266,1,1,0
67.05589442628805,3,0,0,35.74084183061917,0,21.503314855478905,19.554497875943568,4,0,0
81.29684717200246,2,0,1,57.12376131495074,0,6.442446411576649,48.388085186949354,2,0,0
100.0,0,0,0,30.801832582032862,0,4.010583582662603,23.92914346199063,5,1,0
65.57915072925898,0,0,0,4.27381546478907,0,5.299726835995089,37.21942207518165,1,0,0
71.38739605316138,2,0,1,0.9073446465202086,0,5.010551982566472,7.489799746795406,5,1,0
73.8519383746261,3,0,0,19.865681726389823,0,7.532612120751546,49.506727780854405,4,0,0
100.0,1,0,0,34.54584670920994,0,13.621178176956713,33.5327916584034,4,0,0
28.01287471161949,2,0,0,118.32432201902763,0,45.213333063908856,9.722293881174785,5,0,0
83.66446029577617,1,0,0,9.669084970167972,0,43.27742970807614,22.224294909933025,5,3,0
67.70395502481873,1,0,0,25.06709632704613,0,19.102515573671386,18.37165057122222,4,0,0
81.33543452368359,1,0,1,62.253198710385824,1,1.2784087371116302,33.47351036560529,2,0,1
56.85254892010551,3,0,0,84.48406493312807,0,32.5928879790289,24.63920929111605,5,0,0
69.020699382831,1,0,0,32.47691635215724,0,1.2755992980314954,25.529221576553464,3,0,0
84.22821158930991,4,0,0,9.99180278072522,1,2.2504156472639836,17.442492882909228,3,1,0
100.0,3,1,0,15.796891553385334,0,7.869635695121394,11.578048127878851,5,1,0
86.16072378804142,4,0,0,27.147510830940973,0,11.294035109688988,42.310636399731536,1,2,0
53.038688039389825,2,0,1,22.674602089994217,0,8.73567792684031,44.94972629289391,4,0,0
